#,Keyword,Country,Difficulty,Volume,CPC,CPS,Parent Keyword,Last Update,SERP Features,Global volume,Traffic potential,Global traffic potential,First seen,Intents,Languages
1,ring camera,us,41,298000,0.6,0.81,ring camera,2025-12-26 8:29:03,"Sitelinks,People also ask,Top stories,Thumbnail,Video preview",388000,238000,242000,2015-09-04,"Informational,Commercial,Branded,Non-local",English
2,ring doorbell camera,us,10,37000,0.45,0.81,doorbell camera,2025-12-26 3:18:34,"Shopping,Thumbnail,People also ask,Video preview,Sitelinks,Top stories",53000,20000,27000,2015-09-01,"Informational,Commercial,Branded,Non-local",English
3,nest camera,us,19,28000,0.4,0.76,nest camera,2025-12-26 6:47:28,"Thumbnail,People also ask,Shopping,Discussions,Top stories,Video preview,Sitelinks",38000,40000,46000,2015-09-01,"Informational,Commercial,Branded,Non-local",English
4,google nest camera,us,30,21000,0.4,0.51,nest camera,2025-12-24 14:40:00,"Thumbnail,People also ask,Shopping,Discussions,Top stories,Video preview,Sitelinks",29000,35000,42000,2015-09-23,"Informational,Commercial,Branded,Non-local",English
5,ring outdoor camera,us,1,16000,0.45,0.83,ring stick up cam,2025-12-24 1:06:09,"Shopping,Thumbnail,Top stories,Video preview,People also ask,Sitelinks",27000,4600,4600,2016-02-15,"Informational,Commercial,Branded,Non-local",English
6,ring camera system,us,40,16000,1,0.93,ring camera,2025-12-26 0:52:39,"Sitelinks,People also ask,Shopping,Thumbnail,Discussions,Top stories,Video preview",17000,237000,241000,2016-03-23,"Informational,Commercial,Transactional,Branded,Non-local",English
7,ring stick up cam,us,5,12000,0.45,0.91,ring stick up cam,2025-12-27 2:06:23,"AI Overview,Thumbnail,Video preview,Sitelinks,People also ask,Discussions,Knowledge panel,Shopping",19000,6100,6100,2015-12-29,"Informational,Commercial,Transactional,Branded,Non-local",English
8,ring floodlight camera,us,2,10000,0.45,0.98,ring floodlight,2025-12-27 16:28:24,"Thumbnail,Shopping,People also ask,Top stories,Sitelinks,Video preview",15000,13000,13000,2017-01-05,"Informational,Commercial,Branded,Non-local",English
9,ring camera hacked may 28,us,5,9200,,,ring hacked,2025-12-27 14:27:00,"AI Overview,Thumbnail,Sitelinks,People also ask,Video preview",9300,1300,1300,2025-07-17,"Informational,Branded,Non-local",English
10,ring floodlight cam,us,5,8600,0.5,0.81,ring floodlight camera,2025-12-24 12:53:31,"Shopping,Thumbnail,People also ask,Discussions,Top stories,Video preview,Sitelinks",10000,12000,12000,2017-01-05,"Informational,Commercial,Branded,Non-local",English
11,ring indoor camera,us,16,8500,0.3,0.88,ring indoor camera,2025-12-24 7:56:17,"Thumbnail,Sitelinks,Shopping,People also ask,Top stories,Video preview,Discussions",22000,9200,9400,2016-11-02,"Informational,Commercial,Branded,Non-local",English
12,ring spotlight cam,us,2,7500,0.45,0.69,ring spotlight cam,2025-12-24 3:34:47,"Thumbnail,People also ask,Sitelinks,Top stories,Video preview,Knowledge panel,Shopping",11000,5900,6000,2017-04-17,"Informational,Commercial,Branded,Non-local",English
13,ring security camera,us,37,7500,0.5,0.81,ring security camera,2025-12-24 6:38:30,"Thumbnail,Sitelinks,Shopping,People also ask,Discussions,Top stories,Video preview",16000,17000,17000,2015-11-28,"Informational,Commercial,Transactional,Branded,Non-local",English
14,ring car cam,us,21,7200,0.45,,ring car cam,2025-12-27 2:18:04,"Thumbnail,Sitelinks,People also ask,Shopping,Video preview,Top stories",7600,6200,6700,2020-09-24,"Informational,Branded,Non-local",English
15,ring camera outdoor,us,0,7100,0.45,0.74,ring security camera,2025-12-27 5:21:12,"Sitelinks,Shopping,Thumbnail,People also ask,Top stories,Video preview",16000,14000,15000,2016-12-03,"Informational,Commercial,Branded,Non-local",English
16,ring peephole camera,us,1,6400,0.4,0.83,ring peephole camera,2025-12-25 15:21:21,"Sitelinks,People also ask,Thumbnail,Discussions,Shopping,Video preview",7000,3500,3700,2018-03-07,"Informational,Commercial,Branded,Non-local",English
17,ring camera doorbell,us,7,6300,0.6,0.81,doorbell camera,2025-12-25 23:14:49,"Shopping,Thumbnail,People also ask,Video preview,Sitelinks,Top stories",7700,19000,25000,2015-09-02,"Informational,Commercial,Branded,Non-local",English
18,nest outdoor camera,us,14,5700,0.45,0.85,nest outdoor camera,2025-12-26 5:50:37,"Thumbnail,Sitelinks,Shopping,People also ask,Top stories,Video preview",7100,7500,7500,2015-09-18,"Informational,Commercial,Branded,Non-local",English
19,ring camera subscription,us,0,4500,0.1,0.96,ring subscription,2025-12-23 18:10:52,"Sitelinks,People also ask,Discussions,Video preview",5900,89000,93000,2017-06-05,"Informational,Commercial,Branded,Non-local",English
20,nest cam,us,27,4500,0.45,0.83,nest camera,2025-12-26 10:20:16,"Thumbnail,Shopping,People also ask,Top stories,Video preview,Sitelinks",9300,40000,46000,2015-09-01,"Informational,Commercial,Branded,Non-local",English
21,jax taylor ring camera,us,,4400,,,,,,4500,,,2025-05-24,,
22,nest camera outdoor,us,5,4200,0.45,0.69,nest outdoor camera,2025-12-27 13:59:14,"Thumbnail,Sitelinks,People also ask,Shopping,Top stories,Video preview",5300,8700,8700,2015-09-18,"Informational,Commercial,Branded,Non-local",English
23,ring camera battery,us,0,3700,0.4,0.8,ring doorbell battery,2025-12-25 21:37:10,"AI Overview,Thumbnail,Shopping,People also ask,Top stories,Sitelinks,Video preview",5000,4000,4200,2017-11-01,"Informational,Commercial,Branded,Non-local",English
24,nest cam outdoor,us,3,3600,0.45,0.79,nest outdoor camera,2025-12-25 7:24:44,"Thumbnail,Sitelinks,Shopping,People also ask,Video preview,Top stories",5100,6900,6900,2015-09-10,"Informational,Commercial,Branded,Non-local",English
25,nest doorbell camera,us,5,3500,0.4,0.86,nest doorbell,2025-12-25 7:42:08,"AI Overview,Thumbnail,Sitelinks,People also ask,Video preview,Shopping",4100,12000,15000,2015-10-05,"Informational,Commercial,Branded,Non-local",English
26,google nest cam,us,12,3500,0.45,0.42,nest camera,2025-12-25 19:18:21,"People also ask,Sitelinks,Video preview,Knowledge panel,Shopping,Thumbnail",10000,39000,46000,2015-10-22,"Informational,Commercial,Branded,Non-local",English
27,ring wireless camera,us,17,3200,0.4,0.82,ring security camera,2025-12-27 4:47:36,"Sitelinks,Shopping,Thumbnail,People also ask,Video preview,Top stories",4000,14000,15000,2015-11-25,"Informational,Commercial,Transactional,Branded,Non-local",English
28,google nest outdoor camera,us,8,3100,0.45,0.66,nest outdoor camera,2025-12-24 4:38:24,"Thumbnail,Sitelinks,Shopping,People also ask,Discussions,Top stories,Video preview",3800,6100,6100,2017-01-22,"Informational,Commercial,Branded,Non-local",English
29,ring indoor cam,us,20,3100,0.4,0.8,ring indoor camera,2025-12-26 5:48:22,"Thumbnail,Sitelinks,Shopping,People also ask,Discussions,Video preview,Knowledge panel",5100,2400,2400,2018-02-26,"Informational,Commercial,Transactional,Branded,Non-local",English
30,ring solar camera,us,0,2900,0.45,0.94,ring solar camera,2025-12-24 17:28:38,"Thumbnail,Sitelinks,Shopping,People also ask,Top stories,Video preview",3200,2300,2300,2017-03-02,"Informational,Commercial,Transactional,Branded,Non-local",English
31,big bear bald eagle live nest cam 1,us,19,2800,0.04,,big bear eagle cam,2025-12-25 21:38:01,"Sitelinks,Thumbnail,Top stories,Video preview",2900,224000,225000,2023-02-10,"Informational,Non-branded,Local",English
32,ring camera plans,us,1,2800,0.06,,ring subscription,2025-12-26 0:39:19,"Sitelinks,People also ask,Video preview",3000,90000,95000,2017-09-29,"Informational,Branded,Non-local",English
33,nest camera login,us,59,2800,0.03,1.12,nest login,2025-12-26 16:20:37,"Sitelinks,People also ask,Video preview",3200,79000,126000,2015-09-02,"Informational,Branded,Non-local",English
34,ring spotlight camera,us,1,2700,0.5,0.74,ring spotlight cam,2025-12-24 11:43:48,"Thumbnail,Shopping,People also ask,Discussions,Top stories,Video preview,Sitelinks",3800,5900,6000,2017-04-08,"Informational,Commercial,Branded,Non-local",English
35,google nest camera outdoor,us,4,2500,0.45,0.36,nest outdoor camera,2025-12-24 18:34:50,"AI Overview,Thumbnail,Sitelinks,People also ask,Discussions,Shopping,Top stories,Video preview",3500,6100,6100,2017-04-12,"Informational,Commercial,Branded,Non-local",English
36,ring stick up camera,us,5,2300,0.45,0.9,ring stick up cam,2025-12-26 10:08:02,"Shopping,Thumbnail,People also ask,Sitelinks,Top stories,Video preview",2900,6100,6100,2016-01-06,"Informational,Commercial,Transactional,Branded,Non-local",English
37,ring camera installation,us,23,2200,1.1,0.5,ring camera installation,2025-12-26 16:31:34,"AI Overview,Thumbnail,People also ask,Video preview,Sitelinks",2800,1500,1800,2017-04-18,"Informational,Branded,Non-local",English
38,nest floodlight camera,us,5,2200,0.6,0.56,nest floodlight camera,2025-12-23 3:26:01,"Sitelinks,Top stories,Thumbnail,People also ask,Video preview,Discussions,Knowledge panel,Shopping",2400,2600,2800,2017-05-10,"Informational,Commercial,Branded,Non-local",English
39,ring stick up cam battery,us,5,2200,0.45,0.93,ring stick up cam battery,2025-12-20 16:48:15,"Shopping Ads,Thumbnail,Top ads,Paid sitelinks,AI Overview,Shopping,People also ask,Sitelinks,Discussions,Video preview,Top stories,Bottom ads",4400,600,600,2017-02-19,"Informational,Commercial,Branded,Non-local",English
40,how to turn off ring camera,us,0,2100,0.15,,how to turn off ring camera,2025-12-15 11:57:23,"AI Overview,Thumbnail,Sitelinks,People also ask,Top stories,Video preview",2400,1400,1400,2018-08-13,"Informational,Branded,Non-local",English
41,ring always home cam,us,33,2100,0.8,,ring always home cam,2025-12-25 7:35:54,"Thumbnail,Video preview,People also ask,Sitelinks",4500,1200,1300,2020-09-24,"Informational,Commercial,Branded,Non-local",English
42,ring dash cam,us,9,2100,0.5,,ring car cam,2025-12-24 0:25:47,"Sitelinks,People also ask,Thumbnail,Shopping,Video preview",2500,6600,7100,2018-04-06,"Informational,Commercial,Branded,Non-local",English
43,indoor ring camera,us,26,2100,0.4,0.8,ring indoor camera,2025-12-21 6:25:52,"Thumbnail,Sitelinks,Shopping,People also ask,Top stories,Video preview",2900,9200,9400,2017-11-08,"Informational,Commercial,Branded,Non-local",English
44,ring outdoor security camera,us,0,2000,0.6,0.79,ring security camera,2025-12-19 23:28:55,"Sitelinks,Shopping,Thumbnail,People also ask,Top stories,Video preview",2700,17000,17000,2016-07-02,"Informational,Commercial,Branded,Non-local",English
45,ring stick up cam battery life,us,0,2000,0.15,1.17,ring stick up cam battery life,2025-12-23 18:08:25,"AI Overview,Thumbnail,Sitelinks,People also ask,Video preview",2400,900,1000,2016-03-18,"Informational,Branded,Non-local",English
46,google nest cam outdoor,us,13,2000,0.45,0.41,nest outdoor camera,2025-12-23 21:04:56,"Thumbnail,Sitelinks,Shopping,People also ask,Discussions,Video preview",3400,6100,6100,2017-10-27,"Informational,Commercial,Branded,Non-local",English
47,outdoor ring camera,us,1,1900,0.45,,ring stick up cam,2025-12-15 22:33:29,"Shopping,Thumbnail,Top stories,Video preview,Sitelinks,People also ask,Discussions",2400,3900,4000,2017-05-30,"Informational,Commercial,Branded,Non-local",English
48,ring floodlight cam wired pro,us,10,1900,0.6,,ring floodlight pro,2025-12-24 0:53:46,"Sitelinks,Thumbnail,People also ask,Discussions,Top stories,Video preview,Knowledge panel,Shopping",3100,2200,2400,2021-04-04,"Informational,Commercial,Transactional,Branded,Non-local",English
49,ring spotlight cam plus,us,2,1800,0.6,,ring spotlight cam,2025-12-27 4:25:10,"Thumbnail,People also ask,Sitelinks,Video preview,Top stories,Knowledge panel,Shopping",3100,5800,5900,2022-01-03,"Informational,Commercial,Branded,Non-local",English
50,ring cam,us,46,1800,0.6,0.84,ring camera,2025-12-25 9:14:57,"Sitelinks,Shopping,Thumbnail,People also ask,Discussions,Top stories,Video preview",3600,237000,241000,2015-09-21,"Informational,Commercial,Branded,Non-local",English
51,ring floodlight cam wired plus,us,4,1800,0.6,,ring floodlight cam,2025-12-19 11:46:25,"AI Overview,Thumbnail,Sitelinks,People also ask,Video preview,Top stories,Knowledge panel",2800,12000,12000,2021-05-06,"Informational,Commercial,Transactional,Branded,Non-local",English
52,ring camera login,us,22,1800,0.1,1.08,ring login,2025-12-27 15:45:01,"Sitelinks,Video preview",1800,50000,56000,2017-01-26,"Informational,Navigational,Branded,Non-local",English
53,ring door camera,us,9,1800,0.6,0.85,doorbell camera,2025-12-26 9:19:33,"Video preview,Thumbnail,Sitelinks,Shopping,People also ask,Discussions,Top stories",3900,20000,27000,2015-12-04,"Informational,Commercial,Branded,Non-local",English
54,nest camera indoor,us,4,1800,0.4,0.7,nest indoor camera,2025-12-14 21:27:19,"Shopping Ads,Thumbnail,Top ads,Paid sitelinks,Shopping,People also ask,Top stories,Video preview,Bottom ads,Sitelinks",2300,2500,2600,2016-04-13,"Informational,Commercial,Transactional,Branded,Non-local",English
55,ring spotlight cam pro,us,0,1800,0.6,,ring spotlight cam pro,2025-12-15 14:26:29,"Top ads,Paid sitelinks,Sitelinks,Thumbnail,People also ask,Discussions,Video preview,Shopping Ads,Knowledge panel,Shopping,Bottom ads",3100,1100,1100,2021-04-16,"Informational,Commercial,Branded,Non-local",English
56,ring camera app,us,41,1700,0.25,0.87,ring app,2025-12-20 14:46:50,"AI Overview,Thumbnail,Top ads,People also ask,Top stories,Video preview",1800,24000,24000,2016-07-02,"Informational,Branded,Non-local",English
57,ring camera deals,us,29,1700,0.6,1.42,ring camera sale,2025-12-26 5:50:42,"Thumbnail,Sitelinks,AI Overview,Top stories,Video preview,Shopping,People also ask",1800,2700,2800,2016-04-14,"Informational,Commercial,Transactional,Branded,Non-local",English
58,best ring doorbell camera,us,17,1700,0.5,,best ring doorbell,2025-12-26 21:07:12,"AI Overview,Thumbnail,People also ask,Sitelinks,Video preview,Shopping,Top stories",2100,1900,2200,2019-06-29,"Informational,Commercial,Transactional,Branded,Non-local",English
59,ring camera customer service,us,34,1600,,,ring customer service,2025-12-19 6:33:42,"Sitelinks,AI Overview,Thumbnail",1700,25000,27000,2016-12-06,"Informational,Navigational,Branded,Non-local",English
60,nest security camera,us,16,1600,0.6,0.84,nest camera,2025-12-25 13:15:06,"Thumbnail,People also ask,Shopping,Discussions,Top stories,Video preview,Sitelinks",2200,39000,46000,2015-09-03,"Informational,Commercial,Branded,Non-local",English
61,ring outdoor cam plus,us,,1500,0.4,,,,,2100,,,2024-11-25,,
62,how to reset ring camera,us,0,1500,0.03,,how to reset ring doorbell,2025-12-15 14:38:51,"AI Overview,Thumbnail,People also ask,Sitelinks,Video preview",1900,8000,8200,2017-09-24,"Informational,Branded,Non-local",English
63,nest indoor camera,us,10,1500,0.4,0.82,nest indoor camera,2025-12-22 23:10:20,"Thumbnail,Shopping,People also ask,Discussions,Top stories,Video preview,Sitelinks",2200,3000,3100,2016-07-15,"Informational,Commercial,Branded,Non-local",English
64,ring camera indoor,us,16,1400,0.4,0.72,ring indoor camera,2025-12-26 18:30:50,"Thumbnail,Sitelinks,Shopping,People also ask,Top stories,Video preview,Discussions",3200,9700,9800,2016-08-28,"Informational,Commercial,Branded,Non-local",English
65,ring camera hacked,us,0,1400,0.06,0.88,ring doorbell hack,2025-12-25 7:16:11,"AI Overview,Thumbnail,Sitelinks,People also ask,Top stories,Video preview",1700,4600,4600,2019-01-24,"Informational,Branded,Non-local",English
66,wireless ring camera,us,12,1400,0.6,,ring camera wireless,2025-12-22 6:50:17,"Shopping,Thumbnail,People also ask,Sitelinks,Top stories,Video preview",1600,600,600,2017-11-23,"Informational,Commercial,Branded,Non-local",English
67,ring camera price,us,35,1400,0.5,,ring security camera,2025-12-20 3:20:48,"Shopping Ads,Thumbnail,AI Overview,Shopping,People also ask,Sitelinks,Discussions,Top stories,Bottom ads,Paid sitelinks,Video preview",1700,17000,17000,2018-04-20,"Informational,Commercial,Branded,Non-local",English
68,ring drone camera,us,35,1400,0.8,,ring drone,2025-12-15 1:08:41,"AI Overview,Thumbnail,Sitelinks,People also ask,Video preview,Top stories",1900,1600,1800,2020-09-24,"Informational,Commercial,Branded,Non-local",English
69,eagle nest cam,us,32,1300,0.25,1.3,big bear eagle cam,2025-12-23 2:20:25,"Sitelinks,Top stories,Thumbnail,Video preview",1300,210000,212000,2015-11-13,"Informational,Non-branded,Non-local",English
70,ring flying camera,us,34,1300,0.6,,ring drone,2025-12-24 17:50:01,"AI Overview,Thumbnail,Video preview,Sitelinks,People also ask",2200,800,900,2020-09-24,"Informational,Commercial,Branded,Non-local",English
71,how to install ring camera,us,0,1300,0.2,,ring doorbell installation,2025-12-21 12:01:34,"AI Overview,Thumbnail,Video preview,People also ask,Discussions,Top stories",1500,9200,12000,2017-08-22,"Informational,Branded,Non-local",English
72,ring camera sale,us,11,1300,0.6,1.29,ring camera deals,2025-12-22 2:17:22,"Top ads,Thumbnail,Sitelinks,Shopping,People also ask,Video preview,Top stories,Bottom ads",1700,2400,2600,2017-07-28,"Informational,Commercial,Transactional,Branded,Non-local",English
73,ring camera floodlight,us,5,1300,0.5,0.63,ring floodlight camera,2025-12-22 23:00:36,"Thumbnail,Shopping,People also ask,Top stories,Video preview,Discussions,Sitelinks",1500,12000,12000,2017-04-14,"Informational,Commercial,Transactional,Branded,Non-local",English
74,bill belichick ring camera,us,3,1300,0.04,,bill belichick ring video,2025-12-21 21:51:58,"AI Overview,Video preview,Thumbnail,People also ask",1400,300,300,2023-11-09,"Informational,Branded,Non-local",English
75,big bear bald eagle live nest cam,us,32,1200,0.05,,big bear eagles,2025-12-15 16:31:57,"Sitelinks,People also ask,Thumbnail,Top stories,Video preview",1200,38000,38000,2021-10-26,"Informational,Non-branded,Local",English
76,google nest doorbell camera,us,6,1200,0.45,,nest doorbell,2025-12-19 5:54:33,"AI Overview,Thumbnail,People also ask,Top stories,Discussions,Shopping,Sitelinks,Video preview",1400,6800,8300,2018-05-31,"Informational,Commercial,Branded,Non-local",English
77,ring car camera,us,9,1100,0.45,,ring car cam,2025-12-23 2:54:20,"Sitelinks,People also ask,Shopping,Thumbnail,Video preview,Top stories",1200,6600,7100,2018-08-29,"Informational,Commercial,Branded,Non-local",English
78,ring outdoor camera wireless,us,0,1100,0.5,,ring stick up cam,2025-12-14 8:35:44,"Thumbnail,Shopping,People also ask,Sitelinks,Discussions,Top stories,Video preview",1700,3900,4000,2017-05-01,"Informational,Commercial,Branded,Non-local",English
79,ring camera outdoor wireless,us,6,1100,0.7,,ring stick up cam,2025-12-22 17:45:09,"Thumbnail,Sitelinks,Shopping,People also ask,Video preview,Top stories",1600,4600,4600,2019-12-10,"Informational,Commercial,Branded,Non-local",English
80,ring spotlight cam battery,us,1,1100,0.6,0.86,ring spotlight cam battery,2025-12-15 8:27:49,"Thumbnail,Shopping,People also ask,Sitelinks,Discussions,Video preview",1500,200,200,2017-07-31,"Informational,Commercial,Branded,Non-local",English
81,ring camera black friday,us,0,1100,0.8,1.16,ring doorbell black friday,2025-12-15 3:30:37,"Thumbnail,Sitelinks,People also ask,Top stories,Shopping,Video preview",1300,1600,1900,2017-11-09,"Informational,Commercial,Transactional,Branded,Non-local",English
82,the ring camera,us,40,1000,0.5,0.77,ring camera,2025-12-23 1:26:08,"Sitelinks,People also ask,Top stories,Thumbnail,Video preview,Discussions,Shopping",1100,238000,242000,2015-09-06,"Informational,Commercial,Branded,Non-local",English
83,ring camera cost,us,44,1000,0.5,,ring security camera,2025-12-22 7:00:44,"AI Overview,Thumbnail,Sitelinks,People also ask,Top stories,Shopping,Discussions,Video preview,Bottom ads,Paid sitelinks",1100,17000,17000,2016-11-30,"Informational,Commercial,Branded,Non-local",English
84,how much is a ring camera,us,28,1000,0.45,,ring security camera,2025-12-18 7:34:40,"AI Overview,Thumbnail,Shopping,People also ask,Discussions,Sitelinks,Video preview,Top stories",1000,17000,17000,2020-01-13,"Informational,Commercial,Branded,Non-local",English
85,how to set up ring camera,us,0,1000,0.15,,how to set up ring camera,2025-12-22 15:33:22,"AI Overview,Thumbnail,People also ask,Discussions,Top stories,Video preview",1100,1800,1800,2017-10-12,"Informational,Branded,Non-local",English
86,ring camera solar panel,us,0,1000,0.4,0.92,ring solar panel,2025-12-20 7:04:04,"Shopping Ads,Thumbnail,Top ads,Shopping,Sitelinks,People also ask,Top stories,Bottom ads,Paid sitelinks,Video preview",1300,2000,2100,2016-12-12,"Informational,Commercial,Branded,Non-local",English
87,nest cam iq outdoor,us,20,1000,0.45,0.83,nest iq outdoor,2025-12-27 2:40:53,"AI Overview,Thumbnail,People also ask,Discussions,Video preview,Knowledge panel,Sitelinks",1300,800,800,2017-06-18,"Informational,Commercial,Branded,Non-local",English
88,ring spotlight cam wired,us,28,1000,0.45,1.03,ring spotlight cam,2025-12-15 0:25:21,"Shopping Ads,Thumbnail,Top ads,Paid sitelinks,Shopping,Sitelinks,People also ask,Discussions,Video preview,Bottom ads",1300,5800,5800,2017-07-31,"Informational,Commercial,Branded,Non-local",English
89,ring camera view,us,10,1000,0.5,,ring live view,2025-12-17 10:47:54,"AI Overview,Thumbnail,Sitelinks,People also ask,Video preview,Top stories,Shopping",1200,700,700,2018-12-18,"Informational,Branded,Non-local",English
90,ring camera for apartments,us,0,1000,0.6,,ring doorbell for apartments,2025-12-17 18:42:33,"Shopping Ads,Thumbnail,Top ads,Paid sitelinks,Sitelinks,People also ask,Video preview,Discussions,Shopping,Bottom ads",1100,1800,1800,2020-01-13,"Informational,Commercial,Branded,Non-local",English
91,big bear eagle nest cam,us,35,1000,0.03,,big bear eagle cam,2025-12-26 21:11:51,"Sitelinks,Thumbnail,Top stories,Video preview",1200,229000,231000,2018-02-08,"Informational,Non-branded,Local",English
92,ring security camera system,us,12,1000,1.3,0.78,ring camera,2025-12-22 22:09:43,"Sitelinks,People also ask,Thumbnail,Discussions,Shopping,Top stories,Video preview",1100,238000,242000,2016-06-13,"Informational,Commercial,Branded,Non-local",English
93,amazon ring camera,us,3,1000,1.1,0.95,amazon ring camera,2025-12-27 16:00:44,"Thumbnail,Sitelinks,Shopping,People also ask,Top stories,Video preview",1100,2600,3400,2016-09-02,"Informational,Commercial,Branded,Non-local",English
94,ring camera wireless,us,9,1000,0.4,,wireless ring camera,2025-12-16 12:04:21,"Thumbnail,Sitelinks,Shopping,People also ask,Top stories,Video preview",1200,250,250,2017-10-22,"Informational,Commercial,Branded,Non-local",English
95,ring camera news,us,38,1000,,,ring camera news,2025-12-24 14:26:33,"Top stories,Thumbnail,People also ask,Video preview",1000,900,1000,2020-01-10,"Informational,Branded,Non-local",English
96,jax ring camera video,us,,900,,,,,,1000,,,2025-05-26,,
97,reset ring camera,us,0,900,0.03,,how to reset ring doorbell,2025-12-24 20:46:11,"AI Overview,Thumbnail,People also ask,Sitelinks,Video preview",1300,8000,8200,2017-09-22,"Informational,Branded,Non-local",English
98,ring camera setup,us,0,900,0.4,0.7,how to set up ring camera,2025-12-17 6:05:20,"AI Overview,Thumbnail,People also ask,Video preview,Top stories,Sitelinks",1000,1700,1800,2016-12-27,"Informational,Branded,Non-local",English
99,jax taylor ring camera footage,us,,900,,,,,,1700,,,2025-05-24,,
100,nest camera subscription,us,8,900,1.9,0.83,nest aware,2025-12-23 3:55:22,"AI Overview,Thumbnail,Discussions,People also ask,Sitelinks,Video preview",1000,21000,23000,2015-11-03,"Informational,Commercial,Branded,Non-local",English
101,google nest security camera,us,16,900,0.6,,nest camera,2025-12-23 18:36:33,"Thumbnail,People also ask,Discussions,Shopping,Top stories,Sitelinks,Video preview",1100,35000,42000,2016-02-20,"Informational,Commercial,Branded,Non-local",English
102,ring battery camera,us,12,900,0.4,0.91,ring stick up cam,2025-12-20 23:21:33,"Thumbnail,Shopping,People also ask,Discussions,Sitelinks,Video preview",1400,4500,4600,2017-10-19,"Informational,Commercial,Transactional,Branded,Non-local",English
103,ring camera subscription cost,us,2,900,0.09,,ring protect plan,2025-12-14 23:18:17,"Sitelinks,People also ask,Discussions,Bottom ads,Paid sitelinks,Video preview",900,96000,101000,2018-01-22,"Informational,Commercial,Branded,Non-local",English
104,lowes ring camera,us,0,900,0.35,0.88,lowes ring camera,2025-12-20 9:22:20,"Top ads,Paid sitelinks,Sitelinks,Shopping,Thumbnail,People also ask,Bottom ads,Shopping Ads,Video preview",1000,400,400,2017-09-23,"Informational,Commercial,Branded,Non-local",English
105,ring camera offline,us,0,900,0.02,,ring doorbell offline,2025-12-20 7:31:39,"AI Overview,Thumbnail,Sitelinks,People also ask,Video preview",1200,6400,8800,2017-11-14,"Informational,Branded,Non-local",English
106,ring camera costco,us,0,800,0.8,0.96,security cameras costco,2025-12-26 6:37:01,"Thumbnail,People also ask,Sitelinks,Video preview",800,350,350,2016-05-05,"Informational,Commercial,Branded,Non-local",English
107,google nest indoor camera,us,10,800,0.4,,nest indoor camera,2025-12-21 19:49:57,"Thumbnail,Shopping,People also ask,Top stories,Video preview,Sitelinks",1200,3000,3000,2018-04-23,"Informational,Commercial,Transactional,Branded,Non-local",English
108,ring camera down,us,3,800,0.2,,ring app down,2025-12-24 4:14:57,"People also ask,Top stories,Thumbnail,Sitelinks,Video preview",1000,5300,8100,2018-06-08,"Informational,Branded,Non-local",English
109,nest cam indoor,us,3,800,0.4,0.78,nest indoor camera,2025-12-17 8:30:45,"AI Overview,Thumbnail,Video preview,People also ask,Top stories,Discussions,Shopping Ads,Knowledge panel,Shopping,Sitelinks",1800,3000,3100,2016-04-03,"Informational,Commercial,Transactional,Branded,Non-local",English
110,ring camera not working,us,0,800,0.15,,how to reset ring camera,2025-12-17 11:07:43,"AI Overview,Thumbnail,People also ask,Sitelinks,Top stories,Video preview",1100,1000,1500,2017-11-29,"Informational,Branded,Non-local",English
111,solar ring camera,us,0,800,0.35,,ring solar camera,2025-12-17 4:19:32,"Shopping,Thumbnail,Sitelinks,People also ask,Top stories,Video preview",800,2500,2500,2017-08-21,"Informational,Commercial,Transactional,Branded,Non-local",English
112,blink vs ring camera,us,0,800,0.05,,blink vs ring,2025-12-15 15:26:47,"AI Overview,Thumbnail,Sitelinks,People also ask,Top stories,Video preview,Bottom ads,Paid sitelinks",800,8600,9400,2016-09-23,"Informational,Commercial,Branded,Non-local",English
113,ring indoor camera wireless,us,9,800,0.4,,ring indoor camera,2025-12-20 1:26:08,"Thumbnail,Sitelinks,People also ask,Shopping,Discussions,Video preview,Top stories",1100,9200,9400,2019-04-02,"Informational,Commercial,Branded,Non-local",English
114,ring camera near me,us,13,800,0.4,,ring camera near me,2025-12-22 16:12:42,"Local teaser pack,Thumbnail,Shopping,People also ask,Sitelinks,Video preview",800,200,200,2018-06-06,"Commercial,Transactional,Branded,Local",English
115,ring doorbell camera wireless,us,7,800,0.6,,ring video doorbell,2025-12-27 12:34:48,"Shopping,Thumbnail,People also ask,Sitelinks,Video preview,Top stories",1100,12000,33000,2020-04-05,"Informational,Commercial,Branded,Non-local",English
116,outdoor use ring camera,us,1,800,1.2,,ring outdoor camera,2025-12-20 7:00:19,"Shopping,Thumbnail,Sitelinks,People also ask,Top stories,Video preview",900,2600,2700,2021-05-21,"Informational,Commercial,Branded,Non-local",English
117,best ring camera,us,29,800,0.6,,best ring camera,2025-12-24 17:27:49,"AI Overview,Thumbnail,Sitelinks,People also ask,Shopping,Video preview",1000,700,900,2017-05-02,"Informational,Commercial,Transactional,Branded,Non-local",English
118,does ring camera need wifi,us,0,700,0.25,,do ring cameras need wifi,2025-12-21 5:22:06,"AI Overview,Thumbnail,Sitelinks,People also ask,Video preview,Top stories",800,800,1000,2018-10-18,"Informational,Branded,Non-local",English
119,bald eagle chicks california nest cam,us,,700,,,,,,700,,,2025-03-06,,
120,belichick ring camera,us,3,700,0.04,,bill belichick ring camera video,2025-12-27 8:49:03,"Video preview,Thumbnail",700,600,600,2023-11-09,"Informational,Branded,Non-local",English
121,ring camera light,us,7,700,0.4,0.53,ring floodlight camera,2025-12-24 22:47:13,"Thumbnail,Shopping,People also ask,Top stories,Video preview,Discussions,Sitelinks",1200,12000,12000,2016-03-27,"Informational,Commercial,Branded,Non-local",English
122,ring camera not detecting motion,us,0,700,0.1,,ring camera not detecting motion,2025-12-25 15:15:53,"AI Overview,Thumbnail,Sitelinks,People also ask,Top stories,Video preview",900,700,800,2017-10-07,"Informational,Branded,Non-local",English
123,nest cam with floodlight,us,3,700,0.6,,nest floodlight camera,2025-12-22 8:04:19,"Discussions,Sitelinks,Shopping,Thumbnail,People also ask,Top stories,Knowledge panel,Video preview",900,2600,2800,2019-11-28,"Informational,Commercial,Branded,Non-local",English
124,ring doorbell camera police,us,41,700,0.8,,ring camera news,2025-12-25 20:39:00,"AI Overview,Thumbnail,Shopping,People also ask,Sitelinks,Top stories,Video preview",700,900,900,2024-01-25,"Informational,Branded,Non-local",English
125,big bear bald eagle nest cam,us,34,700,0.04,,eagle cam,2025-12-17 11:50:57,"Sitelinks,Thumbnail,Top stories,Video preview",700,104000,105000,2018-02-12,"Informational,Non-branded,Local",English
126,how to install a ring camera,us,0,700,0.06,,how to install ring camera,2025-12-19 19:47:40,"Video preview,People also ask,AI Overview,Thumbnail,Top stories",800,450,600,2017-07-09,"Informational,Branded,Non-local",English
127,nest cam battery,us,11,700,0.5,,nest cam battery,2025-12-24 12:59:29,"Thumbnail,Sitelinks,People also ask,Shopping,Top stories,Video preview",800,2700,3000,2016-05-22,"Informational,Commercial,Branded,Non-local",English
128,eagles nest cam,us,46,700,0.05,1.09,big bear eagles,2025-12-15 3:40:51,"Top ads,Sitelinks,Top stories,Thumbnail,Video preview,People also ask,Bottom ads,Paid sitelinks",700,38000,38000,2015-10-03,"Informational,Non-branded,Non-local",English
129,google nest cam (battery),us,23,700,,,nest cam battery,2025-12-17 18:01:28,"Thumbnail,Sitelinks,People also ask,Top stories,Shopping,Video preview",800,2900,3300,2021-08-20,"Informational,Commercial,Branded,Non-local",English
130,ring bell camera,us,11,700,1.1,0.85,ring doorbell camera,2025-12-14 2:32:47,"Shopping,Thumbnail,Video preview,Sitelinks,People also ask,Top stories,Discussions",1800,41000,47000,2015-11-11,"Informational,Commercial,Branded,Non-local",English
131,big bear nest cam,us,27,700,0.05,,big bear eagle cam,2025-12-26 0:19:01,"Thumbnail,Top stories,Video preview",700,224000,225000,2019-05-19,"Informational,Non-branded,Non-local",English
132,ring floodlight cam pro,us,0,700,0.8,,ring floodlight pro,2025-12-20 21:56:41,"Thumbnail,Sitelinks,People also ask,Discussions,Top stories,Video preview,Knowledge panel,Shopping",900,2200,2400,2021-03-27,"Informational,Commercial,Branded,Non-local",English
133,ring camera reviews,us,5,600,0.35,1.03,best ring camera,2025-12-24 20:57:09,"AI Overview,Thumbnail,Sitelinks,People also ask,Video preview,Top stories",800,700,900,2016-02-22,"Informational,Commercial,Branded,Non-local",English
134,ring spotlight cam plus vs pro,us,0,600,0.15,,ring spotlight cam plus vs pro,2025-12-27 1:23:35,"AI Overview,Thumbnail,Sitelinks,Video preview,People also ask,Discussions",700,500,500,2021-12-11,"Informational,Commercial,Branded,Non-local",English
135,ring camera phone number,us,24,600,,,ring customer service,2025-12-23 10:52:37,"AI Overview,Thumbnail,Sitelinks",600,26000,29000,2017-02-18,"Informational,Branded,Non-local",English
136,ring camera battery life,us,0,600,0.2,0.86,how long does ring camera battery last,2025-12-15 17:37:33,"AI Overview,Thumbnail,Sitelinks,People also ask,Video preview",700,900,1000,2016-12-12,"Informational,Branded,Non-local",English
137,google nest cam battery,us,13,600,0.45,,nest cam battery,2025-12-15 7:48:33,"People also ask,Sitelinks,Video preview,Top stories,Thumbnail,Shopping,Knowledge panel",800,2900,3600,2020-05-20,"Informational,Commercial,Branded,Non-local",English
138,nest wireless camera,us,15,600,0.45,0.65,nest camera,2025-12-26 8:12:24,"Thumbnail,People also ask,Top stories,Shopping,Discussions,Video preview,Sitelinks",700,40000,46000,2015-09-22,"Informational,Commercial,Branded,Non-local",English
139,how to reset a ring camera,us,0,600,0.06,,how to reset ring doorbell,2025-12-17 6:39:51,"AI Overview,Video preview,Thumbnail,People also ask",700,8000,8200,2019-01-27,"Informational,Branded,Non-local",English
140,how does ring camera work,us,3,600,0.25,,how does ring doorbell work,2025-12-17 16:15:42,"AI Overview,Thumbnail,People also ask,Top stories,Discussions,Video preview,Bottom ads,Sitelinks",600,2200,2400,2017-03-11,"Informational,Branded,Non-local",English
141,ring camera warranty,us,0,600,1.6,,ring warranty,2025-12-21 18:05:24,"Sitelinks,People also ask,Discussions,Video preview",700,1200,1300,2017-12-01,"Informational,Branded,Non-local",English
142,solar panel for ring camera,us,0,600,0.35,,ring solar panel,2025-12-26 14:53:08,"Shopping,Thumbnail,People also ask,Sitelinks,Top stories,Video preview",600,2100,2200,2017-07-16,"Commercial,Transactional,Branded,Non-local",English
143,wireless ring doorbell camera,us,8,600,0.5,,ring video doorbell,2025-12-19 1:08:38,"Shopping Ads,Thumbnail,Top ads,Paid sitelinks,Shopping,Sitelinks,Video preview,People also ask,Top stories,Discussions,Bottom ads",800,15000,66000,2020-01-25,"Informational,Commercial,Branded,Non-local",English
144,how to connect ring camera to wifi,us,0,600,0.02,,how to set up ring camera,2025-12-26 22:22:47,"AI Overview,Thumbnail,People also ask,Sitelinks,Video preview",700,1800,1800,2019-09-21,"Informational,Branded,Non-local",English
145,ring camera bundle,us,0,600,0.6,0.97,ring camera set,2025-12-19 9:31:46,"Top ads,Thumbnail,Sitelinks,Shopping,People also ask,Bottom ads,Paid sitelinks,Video preview",700,1200,1200,2016-12-30,"Informational,Commercial,Branded,Non-local",English
146,how to reset nest camera,us,7,600,0.15,,reset nest doorbell,2025-12-15 6:32:04,"AI Overview,Thumbnail,People also ask,Sitelinks,Video preview",600,5100,5200,2018-03-02,"Informational,Branded,Non-local",English
147,ring flood camera,us,5,600,0.45,0.94,ring floodlight camera,2025-12-24 8:55:40,"Shopping,Thumbnail,Top stories,Video preview,People also ask,Sitelinks",600,12000,12000,2017-01-08,"Informational,Commercial,Branded,Non-local",English
148,ring camera may 28,us,,600,,,,,,700,,,2025-07-17,,
149,eagle nest cam big bear,us,34,600,,,eagle cam,2025-12-17 4:05:34,"People also ask,Sitelinks,Top stories,Thumbnail,Video preview",600,104000,105000,2019-03-30,"Informational,Non-branded,Local",English
150,nest camera offline,us,1,600,0.01,0.69,nest camera offline but wifi working,2025-12-20 23:44:08,"AI Overview,Thumbnail,Sitelinks,People also ask,Video preview",700,500,600,2016-05-03,"Informational,Branded,Non-local",English
151,target ring camera,us,0,600,0.5,,target ring camera,2025-12-25 0:15:23,"Thumbnail,Sitelinks,Shopping,People also ask,Video preview",600,250,250,2019-07-08,"Informational,Commercial,Transactional,Branded,Non-local",English
152,ring light camera,us,19,600,0.5,0.66,ring floodlight cam,2025-12-21 12:57:20,"Shopping Ads,Thumbnail,Shopping,People also ask,Top stories,Video preview,Discussions,Sitelinks,Bottom ads,Paid sitelinks",1000,12000,12000,2015-09-02,"Informational,Commercial,Non-branded,Non-local",English
153,ring camera mount,us,0,600,0.3,,ring camera mount,2025-12-14 8:30:39,"Shopping,Thumbnail,Video preview,People also ask,Sitelinks",600,300,300,2016-09-09,"Informational,Commercial,Transactional,Branded,Non-local",English
154,costco ring camera,us,0,600,0.8,1.15,costco ring camera,2025-12-17 16:08:34,"Thumbnail,People also ask,Sitelinks,Video preview",600,1400,1400,2017-02-13,"Informational,Commercial,Transactional,Branded,Non-local",English
155,ring camera customer service phone number,us,61,600,,,ring customer service,2025-12-27 11:21:48,"AI Overview,Thumbnail,Sitelinks",600,21000,24000,2020-01-14,"Informational,Branded,Non-local",English
156,ring poe camera,us,1,600,0.4,0.82,ring poe camera,2025-12-17 4:08:12,"Sitelinks,People also ask,Shopping,Thumbnail,Video preview,Top stories",700,600,600,2017-12-16,"Informational,Branded,Non-local",English
157,google nest camera subscription,us,22,600,2.5,,nest aware,2025-12-19 23:21:00,"AI Overview,Thumbnail,People also ask,Sitelinks,Top stories,Video preview",600,21000,22000,2020-01-13,"Informational,Commercial,Branded,Non-local",English
158,camera ring,us,47,600,0.6,0.42,ring security camera,2025-12-26 14:23:18,"Shopping,Thumbnail,Sitelinks,People also ask,Video preview,Top stories",2400,14000,15000,2015-09-25,"Informational,Commercial,Transactional,Branded,Non-local",English
159,how to turn ring camera off,us,0,600,0.2,,how to turn off ring camera,2025-12-15 11:18:47,"AI Overview,Thumbnail,Sitelinks,People also ask,Video preview",700,1400,1400,2018-03-03,"Informational,Branded,Non-local",English
160,ring camera not connecting to wifi,us,0,600,0.02,,ring camera not connecting to wifi,2025-12-26 1:48:26,"AI Overview,Thumbnail,Sitelinks,People also ask,Video preview",800,1300,1500,2016-12-23,"Informational,Branded,Non-local",English
161,ring camera with solar panel,us,1,500,0.45,,ring solar camera,2025-12-24 13:02:56,"Thumbnail,Sitelinks,Shopping,People also ask,Top stories,Video preview",500,2300,2300,2017-12-05,"Informational,Commercial,Transactional,Branded,Non-local",English
162,ring camera security system,us,21,500,1.3,,ring camera,2025-12-13 23:28:15,"Sitelinks,People also ask,Thumbnail,Discussions,Shopping,Top stories,Video preview",500,239000,243000,2017-10-07,"Informational,Commercial,Branded,Non-local",English
163,door camera ring,us,9,500,1.1,0.45,ring video doorbell,2025-12-19 21:34:56,"Shopping,Thumbnail,Sitelinks,People also ask,Video preview,Top stories",600,15000,66000,2015-09-14,"Informational,Commercial,Branded,Non-local",English
164,nest battery camera,us,20,500,0.5,,nest cam battery,2025-12-21 5:34:19,"Thumbnail,Sitelinks,People also ask,Shopping,Top stories,Video preview",600,2700,3100,2016-08-23,"Informational,Commercial,Branded,Non-local",English
165,bald eagle nest cam,us,43,500,0.25,1.23,big bear eagle cam,2025-12-22 16:50:35,"Thumbnail,Top stories,Video preview",600,210000,212000,2015-09-28,"Informational,Non-branded,Non-local",English
166,doorbell ring camera,us,6,500,1.1,1.18,doorbell camera,2025-11-21 17:52:50,"Video preview,Thumbnail,Shopping,People also ask,Top stories",600,19000,25000,2015-12-10,"Informational,Commercial,Branded,Non-local",English
167,ring camera blinking blue,us,0,500,0.1,,ring camera blinking blue,2025-12-24 13:21:36,"AI Overview,Thumbnail,Sitelinks,People also ask,Video preview",500,600,600,2017-06-21,"Informational,Branded,Non-local",English
168,nest cam login,us,59,500,0.03,1.09,nest login,2025-12-20 17:07:39,"Sitelinks,People also ask,Video preview",600,76000,121000,2015-09-01,"Informational,Branded,Non-local",English
169,how long does ring camera battery last,us,0,500,0.6,,how long does ring camera battery last,2025-12-22 0:06:56,"AI Overview,Thumbnail,Sitelinks,People also ask,Video preview",600,900,1000,2016-12-26,"Informational,Branded,Non-local",English
170,google nest floodlight camera,us,1,500,0.6,,nest floodlight camera,2025-12-21 2:48:39,"People also ask,Top stories,Thumbnail,Knowledge panel,Video preview,Shopping,Sitelinks",600,2600,2800,2019-09-17,"Informational,Commercial,Branded,Non-local",English
171,door ring camera,us,11,500,1.1,,ring video doorbell,2025-12-19 19:59:37,"Top ads,Shopping,Thumbnail,People also ask,Sitelinks,Video preview,Top stories,Bottom ads,Paid sitelinks",800,15000,66000,2016-01-05,"Informational,Commercial,Non-branded,Non-local",English
172,ring doorbell and camera,us,2,500,0.6,0.94,ring video doorbell,2025-12-24 6:14:46,"Thumbnail,Sitelinks,People also ask,Shopping,Top stories,Discussions,Video preview",1200,21000,50000,2016-06-15,"Informational,Commercial,Branded,Non-local",English
173,ring camera battery replacement,us,0,500,0.5,,ring doorbell battery,2025-12-25 14:36:33,"Thumbnail,People also ask,Discussions,Video preview,Sitelinks",600,800,800,2017-08-25,"Informational,Branded,Non-local",English
174,ring camera hack,us,0,500,0.03,1.08,ring camera hacked,2025-12-20 16:40:27,"AI Overview,Thumbnail,Sitelinks,People also ask,Top stories,Video preview",600,4600,4800,2018-05-23,"Informational,Branded,Non-local",English
175,ring garage camera,us,26,500,0.4,,ring security camera,2025-12-26 17:01:06,"Sitelinks,Shopping,Thumbnail,People also ask,Discussions,Video preview,Top stories",600,14000,15000,2017-07-22,"Informational,Commercial,Branded,Non-local",English
176,ring doorbell camera installation,us,0,500,0.7,,ring doorbell installation,2025-12-15 0:35:31,"AI Overview,Thumbnail,Video preview,People also ask,Top stories,Sitelinks",700,11000,13000,2016-02-22,"Informational,Branded,Non-local",English
177,nest camera news,us,,500,,,,,,500,,,2019-01-04,,
178,why is my ring camera offline,us,0,500,0.01,,how to connect ring to wifi,2025-11-30 7:57:58,"AI Overview,Thumbnail,People also ask,Sitelinks",600,6100,8000,2020-06-17,"Informational,Branded,Non-local",English
179,how to reconnect ring camera to wifi,us,0,500,0.02,,how to connect ring to wifi,2025-11-29 0:20:43,"AI Overview,Thumbnail,People also ask,Sitelinks,Video preview",600,6100,8100,2019-11-29,"Informational,Branded,Non-local",English
180,ring floodlight camera installation,us,0,500,0.3,0.71,ring floodlight camera installation,2025-11-24 23:17:35,"AI Overview,Thumbnail,Top ads,Paid sitelinks,Video preview,People also ask,Top stories,Bottom ads",600,600,600,2017-06-13,"Informational,Branded,Non-local",English
181,ring camera plan,us,0,500,0.09,,ring subscription,2025-12-20 15:22:59,"Top ads,Sitelinks,People also ask,Video preview",600,90000,95000,2017-09-03,"Informational,Commercial,Branded,Non-local",English
182,best buy ring camera,us,0,500,0.35,0.79,best buy ring camera,2025-12-24 17:55:13,"Sitelinks,Thumbnail,Shopping,People also ask,Video preview",500,450,450,2016-08-03,"Informational,Commercial,Branded,Non-local",English
183,google nest cam with floodlight,us,5,450,0.6,,nest floodlight camera,2025-12-25 2:17:54,"Sitelinks,Top stories,Thumbnail,People also ask,Discussions,Knowledge panel,Shopping,Video preview",700,2600,2800,2021-08-05,"Informational,Commercial,Transactional,Branded,Non-local",English
184,ring camera blue light,us,0,450,0.01,,ring camera blue light,2025-12-10 18:06:31,"AI Overview,Thumbnail,Sitelinks,People also ask,Shopping,Video preview",600,700,800,2019-07-23,"Informational,Branded,Non-local",English
185,big bear bald eagles nest cam,us,,450,,,,,,450,,,2021-01-11,,
186,ring front door camera,us,7,450,0.6,0.81,ring video doorbell,2025-12-21 21:55:18,"Sitelinks,Video preview,Shopping,Thumbnail,People also ask,Top stories,Discussions",500,21000,50000,2016-09-04,"Informational,Commercial,Branded,Non-local",English
187,google nest cam indoor,us,9,450,0.45,,nest indoor camera,2025-12-27 11:17:29,"People also ask,Discussions,Top stories,Video preview,Thumbnail,Knowledge panel,Shopping,Sitelinks",1500,2900,3000,2019-05-18,"Informational,Commercial,Branded,Non-local",English
188,ring camera without subscription,us,7,450,0.4,,do you need a subscription for ring,2025-11-25 8:31:14,"AI Overview,Thumbnail,Sitelinks,People also ask,Top stories,Video preview",600,1800,2100,2017-11-26,"Informational,Branded,Non-local",English
189,ring camera set,us,0,450,0.4,,ring camera bundle,2025-11-25 13:29:54,"Thumbnail,Sitelinks,Shopping,People also ask,Video preview,Top stories,Discussions",600,1500,1600,2017-02-23,"Informational,Commercial,Branded,Non-local",English
190,how to set up a ring camera,us,0,450,0.07,,how to set up ring camera,2025-12-26 22:58:54,"AI Overview,Thumbnail,People also ask,Video preview,Discussions,Top stories",500,1800,1800,2019-11-24,"Informational,Branded,Non-local",English
191,ring peephole cam,us,2,450,0.4,,ring peephole camera,2025-11-20 5:36:21,"Sitelinks,Thumbnail,People also ask,Discussions,Shopping,Video preview",500,4000,4300,2019-11-08,"Informational,Commercial,Branded,Non-local",English
192,ring camera not charging,us,0,450,0.08,,ring doorbell not charging,2025-11-29 0:24:19,"AI Overview,Thumbnail,Sitelinks,People also ask,Video preview",500,800,1500,2018-04-18,"Informational,Branded,Non-local",English
193,ring wired camera,us,18,450,0.45,0.88,ring security camera,2025-12-08 23:06:53,"Sitelinks,Thumbnail,Shopping,People also ask,Video preview,Discussions,Top stories",700,14000,15000,2017-09-11,"Informational,Commercial,Transactional,Branded,Non-local",English
194,big bear eagles nest cam,us,33,450,,,big bear eagle cam,2025-12-03 10:48:09,"Sitelinks,Thumbnail,Top stories,Video preview",500,202000,205000,2018-01-16,"Informational,Non-branded,Local",English
195,ring camera flashing blue,us,0,450,0.02,,ring camera blinking blue,2025-12-16 20:20:08,"AI Overview,Thumbnail,Sitelinks,People also ask,Video preview",600,600,600,2018-03-10,"Informational,Branded,Non-local",English
196,ring camera outage,us,2,450,0.2,,ring app down,2025-11-26 8:23:03,"People also ask,AI Overview,Sitelinks,Top stories,Thumbnail",600,3300,4700,2020-06-22,"Informational,Branded,Non-local",English
197,ring light bulb camera,us,7,450,0.25,,ring light bulb camera,2025-11-24 1:41:25,"Sitelinks,People also ask,Thumbnail,Shopping",500,150,150,2019-12-28,"Informational,Commercial,Branded,Non-local",English
198,walmart ring camera,us,0,450,0.1,,ring camera walmart,2025-12-23 20:45:41,"Sitelinks,Thumbnail,People also ask,Shopping,Video preview",450,400,400,2017-10-20,"Informational,Commercial,Branded,Non-local",English
199,alien caught on ring camera,us,0,450,,,alien video,2025-11-28 14:27:40,Video preview,450,900,1100,2020-08-14,"Informational,Branded,Non-local",English
200,ring doorbell cam,us,9,400,0.6,0.91,ring video doorbell,2025-12-19 17:59:50,"Sitelinks,Video preview,Shopping,Thumbnail,People also ask,Top stories",400,15000,66000,2016-01-18,"Informational,Commercial,Branded,Non-local",English
201,ring camera drone,us,32,400,0.25,,ring drone,2025-12-21 4:54:14,"AI Overview,Thumbnail,Sitelinks,People also ask,Video preview",600,1900,2100,2020-09-24,"Informational,Commercial,Branded,Non-local",English
202,big bear eagle nest live cam,us,38,400,0.1,,big bear eagle cam,2025-12-13 23:45:09,"Sitelinks,Thumbnail,Top stories,Video preview",450,134000,136000,2018-04-15,"Informational,Non-branded,Local",English
203,reset nest camera,us,0,400,0.1,,reset nest doorbell,2025-11-20 7:11:21,"AI Overview,Thumbnail,People also ask,Sitelinks,Video preview",500,5300,5400,2015-09-09,"Informational,Branded,Non-local",English
204,ring camera news today,us,,400,,,,,,400,,,2025-08-25,,
205,meteorite ring camera,us,,400,,,,,,400,,,2025-01-16,,
206,ring vs blink camera,us,0,400,0.07,,blink vs ring,2025-12-25 22:26:19,"AI Overview,Thumbnail,People also ask,Sitelinks,Top stories,Video preview",450,9800,11000,2018-03-14,"Informational,Commercial,Branded,Non-local",English
207,ring stick up cam elite,us,0,400,0.6,0.89,ring poe camera,2025-11-25 1:20:04,"Sitelinks,Thumbnail,People also ask,Shopping,Video preview",700,600,700,2018-01-17,"Informational,Commercial,Branded,Non-local",English
208,ring doorbell with camera,us,3,400,0.6,,ring video doorbell,2025-11-28 14:29:00,"Thumbnail,Sitelinks,Shopping,People also ask,Top stories,Video preview,Discussions",500,13000,17000,2015-11-11,"Informational,Commercial,Branded,Non-local",English
209,ring stick up cam pro,us,0,400,0.6,,stick up cam pro,2025-12-23 2:57:10,"Sitelinks,People also ask,Discussions,Thumbnail,Top stories,Video preview,Knowledge panel,Shopping",900,70,70,2016-10-11,"Informational,Commercial,Branded,Non-local",English
210,ring camera keeps going offline,us,0,400,0.03,,ring camera keeps going offline,2025-12-15 12:32:52,"AI Overview,Thumbnail,Sitelinks,People also ask,Video preview",500,450,450,2018-04-20,"Informational,Branded,Non-local",English
211,fake ring camera,us,0,400,0.15,,fake ring camera,2025-12-19 4:52:43,"Thumbnail,Sitelinks,Discussions,People also ask,Shopping,Video preview",450,350,350,2018-06-01,"Informational,Commercial,Transactional,Non-branded,Non-local",English
212,how to turn off a ring camera,us,0,400,0.1,,how to turn off ring camera,2025-12-21 14:48:24,"AI Overview,Thumbnail,Sitelinks,People also ask,Top stories,Video preview",450,1400,1400,2017-12-25,"Informational,Branded,Non-local",English
213,ring camera walmart,us,0,400,0.1,,ring camera walmart,2025-11-26 10:24:43,"Sitelinks,Thumbnail,Shopping,People also ask",400,400,400,2017-05-07,"Informational,Commercial,Branded,Non-local",English
214,ring driveway camera,us,5,400,0.45,,ring floodlight,2025-11-27 10:38:39,"Shopping,Thumbnail,Sitelinks,People also ask,Top stories,Video preview",450,16000,16000,2017-08-29,"Informational,Commercial,Transactional,Branded,Non-local",English
215,nest camera battery,us,21,400,0.5,,nest cam battery,2025-12-15 20:56:17,"Thumbnail,People also ask,Sitelinks,Top stories,Video preview",450,2900,3600,2015-09-18,"Informational,Commercial,Branded,Non-local",English
216,red light on ring camera,us,0,400,0.45,,ring camera red light,2025-12-14 20:50:38,"AI Overview,Thumbnail,People also ask,Sitelinks,Video preview",500,600,600,2018-12-29,"Informational,Branded,Non-local",English
217,home depot ring camera,us,12,400,0.4,0.75,ring camera sale,2025-12-20 16:18:57,"Sitelinks,Shopping,Thumbnail,People also ask,Top stories,Video preview",400,900,900,2017-03-31,"Informational,Commercial,Transactional,Branded,Non-local",English
218,alien on ring camera,us,2,400,0.03,,alien caught on ring camera,2025-12-24 10:59:19,"Video preview,Sitelinks",400,1200,1300,2019-06-18,"Informational,Branded,Non-local",English
219,ring camera footage,us,4,400,0.05,,ring camera footage,2025-12-27 15:54:58,"AI Overview,Thumbnail,People also ask,Video preview,Top stories,Sitelinks",450,700,700,2018-05-21,"Informational,Branded,Non-local",English
220,why does my ring camera keep going offline,us,0,400,0.09,,ring camera keeps going offline,2025-12-04 10:27:47,"AI Overview,Thumbnail,Sitelinks,People also ask,Video preview",500,400,400,2020-06-17,"Informational,Branded,Non-local",English
221,how long do ring camera batteries last,us,0,400,0.6,,how long does ring camera battery last,2025-11-24 7:04:36,"AI Overview,Thumbnail,Sitelinks,People also ask,Video preview",500,900,1000,2018-10-10,"Informational,Branded,Non-local",English
222,wired ring camera,us,11,400,0.45,,ring wired camera,2025-12-20 13:54:23,"Shopping,Thumbnail,Sitelinks,People also ask,Video preview,Discussions,Top stories",450,300,300,2018-02-14,"Informational,Commercial,Branded,Non-local",English
223,what is a ring camera,us,43,400,0.6,,what is a ring camera,2025-12-22 4:04:04,"AI Overview,Thumbnail,Top ads,Paid sitelinks,People also ask,Shopping,Top stories,Video preview,Sitelinks,Bottom ads",800,150,200,2017-04-23,"Informational,Branded,Non-local",English
224,ring door bell camera,us,8,400,0.6,0.72,doorbell camera,2025-11-20 5:08:01,"Shopping,Thumbnail,People also ask,Video preview,Sitelinks",600,20000,30000,2015-12-09,"Informational,Commercial,Transactional,Branded,Non-local",English
225,ring indoor cam product info and reviews,us,,400,,,,,,400,,,2025-07-23,,
226,ring 4k camera,us,20,400,0.4,,ring 4k camera,2025-12-27 5:41:42,"Sitelinks,Thumbnail,People also ask,Top stories,Shopping,Discussions,Video preview",500,300,300,2017-11-14,"Informational,Commercial,Transactional,Branded,Non-local",English
227,blink camera vs ring,us,0,400,0.05,,blink vs ring,2025-12-24 12:59:36,"Sitelinks,People also ask,Top stories,Thumbnail,Video preview",500,9700,11000,2018-09-30,"Informational,Commercial,Branded,Non-local",English
228,ring floodlight camera wireless,us,2,400,0.5,,ring floodlight,2025-11-20 22:32:14,"Thumbnail,Sitelinks,Shopping,People also ask,Discussions,Video preview",500,15000,15000,2017-03-20,"Informational,Commercial,Branded,Non-local",English
229,big bear eagles nest live cam,us,42,350,,,big bear eagle cam,2025-12-23 21:12:55,"Thumbnail,Top stories,Video preview",350,210000,212000,2020-03-29,"Informational,Non-branded,Non-local",English
230,blink ring camera,us,11,350,0.3,,blink camera system,2025-11-26 17:31:44,"Thumbnail,Sitelinks,People also ask,Shopping,Discussions,Video preview",350,65000,80000,2017-12-29,"Informational,Commercial,Branded,Non-local",English
231,ring camera target,us,0,350,0.5,,target ring camera,2025-12-16 10:10:51,"Shopping,Thumbnail,Sitelinks,People also ask,Video preview",350,200,200,2018-05-20,"Informational,Commercial,Transactional,Branded,Non-local",English
232,ring camera won't connect to wifi,us,0,350,0.09,,ring doorbell not connecting to wifi,2025-12-13 21:25:32,"AI Overview,Thumbnail,Sitelinks,People also ask,Video preview",400,1200,1400,2018-02-01,"Informational,Branded,Non-local",English
233,how to install ring floodlight cam,us,0,350,0.25,0.84,ring floodlight cam installation,2025-12-27 12:24:12,"Video preview,People also ask,Sitelinks,Discussions",350,90,100,2017-05-21,"Informational,Branded,Non-local",English
234,ring camera support,us,30,350,,,ring customer service,2025-12-06 6:48:35,Sitelinks,400,23000,25000,2017-11-25,"Informational,Navigational,Branded,Non-local",English
235,factory reset nest camera,us,0,350,0.15,,how to reset nest doorbell,2025-11-28 1:02:37,"AI Overview,Thumbnail,People also ask,Sitelinks,Video preview",400,5400,5500,2017-05-06,"Informational,Branded,Non-local",English
236,ring wireless outdoor camera,us,7,350,0.45,,ring stick up cam,2025-11-21 4:22:16,"Shopping,Thumbnail,People also ask,Top stories,Video preview,Sitelinks,Discussions",400,7300,7300,2017-04-04,"Informational,Commercial,Branded,Non-local",English
237,blue light on ring camera,us,0,350,0.01,,ring camera blue light,2025-12-21 7:52:11,"AI Overview,Thumbnail,Sitelinks,People also ask,Video preview",500,700,800,2019-02-03,"Informational,Branded,Non-local",English
238,how much does a ring camera cost,us,20,350,0.6,,ring security camera,2025-12-13 17:58:34,"AI Overview,Thumbnail,Shopping,People also ask,Sitelinks,Discussions,Video preview,Top stories",400,17000,17000,2019-07-27,"Informational,Commercial,Branded,Non-local",English
239,ring camera on sale,us,1,350,0.6,,ring camera sale,2025-12-26 16:09:22,"Thumbnail,Sitelinks,People also ask,Shopping,Top stories,Video preview",400,2700,2800,2017-11-27,"Commercial,Transactional,Branded,Non-local",English
240,how does a ring camera work,us,4,350,0.35,,how does ring doorbell work,2025-12-19 11:26:10,"AI Overview,Video preview,Thumbnail,Top ads,People also ask,Discussions,Sitelinks,Top stories",400,2200,2400,2018-07-14,"Informational,Branded,Non-local",English
241,how to transfer ring camera to new owner,us,0,350,0.09,,how to transfer ring doorbell to new owner,2025-11-26 11:30:45,"AI Overview,Thumbnail,People also ask,Sitelinks,Discussions,Video preview",350,700,700,2019-06-11,"Informational,Branded,Non-local",English
242,does a ring camera need wifi,us,0,350,0.04,,do ring cameras need wifi,2025-12-24 2:13:47,"AI Overview,Thumbnail,Sitelinks,People also ask,Video preview,Top stories",400,800,1000,2020-03-08,"Informational,Branded,Non-local",English
243,ring stick up cam solar,us,0,350,0.6,,ring solar panel,2025-11-23 1:20:38,"Top ads,Paid sitelinks,Shopping,Thumbnail,Sitelinks,People also ask,Discussions,Video preview,Bottom ads",450,1200,1200,2017-05-10,"Informational,Commercial,Branded,Non-local",English
244,factory reset ring camera,us,0,350,0.25,,how to reset ring doorbell,2025-12-17 7:06:16,"AI Overview,Thumbnail,People also ask,Video preview,Sitelinks",450,8000,8200,2016-12-19,"Informational,Branded,Non-local",English
245,ring inside camera,us,34,350,0.4,,ring indoor camera,2025-12-15 4:49:37,"Thumbnail,Sitelinks,Shopping,People also ask,Top stories,Video preview",350,9200,9400,2017-10-10,"Informational,Commercial,Branded,Non-local",English
246,how long does ring camera footage last,us,0,350,1.7,,how long does ring save videos,2025-11-28 21:47:05,"AI Overview,Thumbnail,People also ask,Sitelinks,Video preview",400,1500,1800,2021-04-08,"Informational,Branded,Non-local",English
247,install ring camera,us,1,350,1.1,,ring camera installation,2025-12-26 1:00:56,"AI Overview,Thumbnail,Video preview,People also ask,Sitelinks,Top stories",450,1600,1800,2016-12-22,"Informational,Branded,Non-local",English
248,how long does a ring camera battery last,us,0,350,0.7,,how long does ring camera battery last,2025-12-13 17:56:03,"AI Overview,Thumbnail,Sitelinks,People also ask,Video preview",400,900,1000,2017-07-14,"Informational,Branded,Non-local",English
249,ring camera not picking up motion,us,0,350,0.07,,ring camera not detecting motion,2025-11-28 19:20:23,"AI Overview,Thumbnail,People also ask,Sitelinks,Video preview",450,800,900,2019-03-01,"Informational,Branded,Non-local",English
250,solar powered ring camera,us,0,350,0.35,,ring solar camera,2025-11-25 2:11:54,"Thumbnail,Sitelinks,Shopping,People also ask,Top stories,Video preview",400,1900,1900,2017-09-01,"Informational,Commercial,Branded,Non-local",English
251,does cam newton have a ring,us,0,350,,,does cam newton have a ring,2025-12-04 19:42:30,"AI Overview,Thumbnail,People also ask,Sitelinks,Video preview",350,300,300,2019-06-09,"Informational,Non-branded,Non-local",English
252,ring floodlight cam plus,us,0,350,0.6,,ring floodlight,2025-12-14 2:03:39,"Sitelinks,People also ask,Discussions,Top stories,Thumbnail,Video preview,Knowledge panel,Shopping",450,15000,15000,2021-05-20,"Informational,Commercial,Branded,Non-local",English
253,ring camera package,us,0,350,0.7,0.74,ring camera system,2025-12-15 15:17:58,"Sitelinks,Shopping,Thumbnail,People also ask,Top stories,Video preview",400,1300,1400,2017-04-18,"Informational,Commercial,Branded,Non-local",English
254,ring camera lowes,us,0,350,0.3,,lowes ring camera,2025-11-28 19:58:29,"Sitelinks,Shopping,Thumbnail,People also ask",350,400,400,2017-12-16,"Informational,Commercial,Transactional,Branded,Non-local",English
255,ring spotlight cam plus product info and reviews,us,,350,,,,,,350,,,2025-05-22,,
256,ring flood light camera,us,2,350,0.5,0.97,ring floodlight camera,2025-12-25 9:25:10,"Shopping,Thumbnail,People also ask,Top stories,Video preview,Sitelinks",400,9900,10000,2017-04-01,"Informational,Commercial,Branded,Non-local",English
257,ring camera outdoor wireless setup,us,0,350,0.35,,how to set up ring camera,2025-12-01 10:10:00,"AI Overview,Thumbnail,Shopping Ads,Top ads,People also ask,Discussions,Video preview,Sitelinks",400,1700,1700,2021-06-22,"Informational,Branded,Non-local",English
258,ring camera accessories,us,0,350,0.15,,ring accessories,2025-12-26 15:26:40,"Sitelinks,Shopping,Thumbnail,Video preview",450,700,800,2017-11-29,"Informational,Commercial,Transactional,Branded,Non-local",English
259,ring camera amazon,us,6,350,1.1,0.89,ring camera,2025-11-29 6:38:52,"Thumbnail,People also ask,Shopping,Top stories,Video preview,Sitelinks",400,4200,5100,2016-04-03,"Informational,Commercial,Branded,Non-local",English
260,flying ring camera,us,33,300,0.8,,ring,2025-12-22 19:06:41,"AI Overview,Thumbnail,People also ask,Video preview,Sitelinks,Shopping",400,286000,394000,2020-09-24,"Informational,Branded,Non-local",English
261,ring camera set up,us,0,300,0.4,,how to set up ring camera,2025-12-17 4:54:08,"AI Overview,Thumbnail,People also ask,Top stories,Video preview,Sitelinks",350,1700,1800,2017-05-03,"Informational,Branded,Non-local",English
262,peephole ring camera,us,2,300,0.4,,ring peephole camera,2025-12-14 3:38:35,"Thumbnail,People also ask,Video preview,Discussions,Shopping,Sitelinks",300,3500,3700,2019-02-14,"Informational,Commercial,Branded,Non-local",English
263,turn off ring camera,us,0,300,0.2,,turn off ring camera,2025-12-14 6:46:47,"AI Overview,Thumbnail,Sitelinks,People also ask,Top stories,Video preview",350,1100,1200,2018-08-17,"Informational,Branded,Non-local",English
264,bald eagles nest cam,us,,300,,,,,,300,,,2016-01-18,"Informational,Non-branded,Non-local",English
265,ring camera logo,us,0,300,0.6,,ring doorbell,2025-11-19 8:21:04,"Thumbnail,Sitelinks,People also ask",350,474000,586000,2018-04-22,"Informational,Branded,Non-local",English
266,ring always home camera,us,22,300,0.8,,ring always home cam,2025-12-24 16:37:53,"AI Overview,Thumbnail,People also ask,Sitelinks,Discussions,Video preview",400,1200,1300,2018-08-10,"Informational,Commercial,Branded,Non-local",English
267,jax ring camera,us,,300,,,,,,350,,,2025-05-25,,
268,ring camera red light,us,0,300,0.8,,ring camera red light,2025-11-28 23:42:24,"AI Overview,Thumbnail,Sitelinks,People also ask,Video preview",350,500,500,2019-01-24,"Informational,Branded,Non-local",English
269,ring camera with light,us,10,300,0.4,,ring floodlight,2025-12-03 12:09:52,"Shopping,Thumbnail,People also ask,Top stories,Sitelinks,Video preview",450,14000,15000,2017-08-25,"Informational,Commercial,Branded,Non-local",English
270,ring camera spotlight,us,1,300,0.5,,ring spotlight cam,2025-12-01 2:15:28,"Sitelinks,Thumbnail,Shopping,Knowledge panel,People also ask,Top stories,Video preview",350,6200,6300,2017-05-01,"Informational,Commercial,Branded,Non-local",English
271,my ring camera is not working,us,0,300,0.02,,my ring camera is not working,2025-12-22 0:41:23,"AI Overview,Thumbnail,People also ask,Sitelinks,Top stories,Video preview",300,400,500,2018-12-24,"Informational,Branded,Non-local",English
272,ring camera breach,us,,300,,,,,,350,,,2020-01-11,,
273,ring camera reset,us,0,300,0.1,,how to reset ring doorbell,2025-12-04 22:18:01,"AI Overview,Thumbnail,People also ask,Sitelinks,Video preview",400,6900,7100,2017-07-25,"Informational,Branded,Non-local",English
274,how to remove ring camera,us,0,300,0.03,,how to turn off ring camera,2025-11-25 13:19:32,"AI Overview,Thumbnail,People also ask,Sitelinks,Video preview",300,2800,3300,2020-02-16,"Informational,Branded,Non-local",English
275,samsung galaxy s25 camera ring issues,us,,300,,,,,,600,,,2025-06-10,,
276,set up ring camera,us,0,300,0.25,,how to set up ring camera,2025-12-21 10:29:58,"AI Overview,Thumbnail,People also ask,Top stories,Video preview,Sitelinks",400,1800,1800,2018-11-29,"Informational,Branded,Non-local",English
277,nest cam indoor security camera,us,15,300,0.4,1.03,nest indoor camera,2025-11-25 13:13:50,"Thumbnail,Top stories,People also ask,Shopping,Discussions,Video preview,Sitelinks",350,3000,3100,2016-06-05,"Informational,Commercial,Transactional,Branded,Non-local",English
278,how to factory reset ring camera,us,0,300,0.07,,how to reset ring doorbell,2025-12-14 14:12:30,"AI Overview,Thumbnail,People also ask,Video preview",400,8000,8200,2020-03-19,"Informational,Branded,Non-local",English
279,ring pan-tilt indoor cam,us,,300,,,,,,450,,,2024-05-01,,
280,ring home camera,us,33,300,0.7,,ring camera,2025-12-22 15:57:30,"Sitelinks,Shopping,Thumbnail,People also ask,Discussions,Top stories,Video preview",400,238000,242000,2016-03-13,"Informational,Commercial,Branded,Non-local",English
281,santa on ring camera,us,0,300,0.9,,santa ring camera,2025-11-23 10:44:56,"AI Overview,Thumbnail,Sitelinks,People also ask,Video preview",350,200,450,2020-02-13,"Informational,Branded,Non-local",English
282,ring camera vs blink,us,0,300,0.05,,blink vs ring,2025-12-27 9:20:58,"AI Overview,Thumbnail,People also ask,Sitelinks,Top stories,Video preview",300,9900,11000,2017-11-28,"Informational,Commercial,Branded,Non-local",English
283,my ring camera is offline,us,0,300,0.01,,ring doorbell offline,2025-12-16 7:14:10,"AI Overview,Thumbnail,Sitelinks,People also ask,Video preview",350,6300,8700,2020-05-15,"Informational,Branded,Non-local",English
284,ring camera screwdriver,us,0,300,0.15,,ring doorbell screwdriver,2025-11-25 1:28:13,"Thumbnail,Sitelinks,Shopping,People also ask,Video preview",300,450,450,2020-01-22,"Informational,Commercial,Transactional,Branded,Non-local",English
285,installing ring camera,us,4,300,1.1,,ring doorbell instructions,2025-12-15 18:56:45,"AI Overview,Thumbnail,People also ask,Video preview,Top stories,Sitelinks",350,300,300,2017-07-24,"Informational,Branded,Non-local",English
286,outdoor nest camera,us,4,300,0.45,0.87,nest camera outdoor,2025-11-25 17:56:23,"Thumbnail,Sitelinks,People also ask,Discussions,Video preview",350,4300,4400,2015-09-10,"Informational,Commercial,Branded,Non-local",English
287,ring camera solar,us,0,300,0.35,,ring solar camera,2025-12-13 15:25:48,"Shopping Ads,Thumbnail,Top ads,Shopping,Sitelinks,People also ask,Discussions,Top stories,Video preview,Bottom ads,Paid sitelinks",400,2500,2600,2017-05-23,"Informational,Commercial,Transactional,Branded,Non-local",English
288,nest outdoor security camera,us,30,300,0.45,1.03,nest camera,2025-12-14 2:50:46,"Shopping,Thumbnail,Sitelinks,People also ask,Video preview",300,45000,52000,2015-11-30,"Informational,Commercial,Branded,Non-local",English
289,battery ring camera,us,0,300,0.4,,ring battery camera,2025-11-21 6:38:17,"Shopping,Thumbnail,Sitelinks,People also ask,Top stories,Video preview",350,200,200,2018-12-08,"Informational,Commercial,Transactional,Branded,Non-local",English
290,how to reboot ring camera,us,0,300,,,ring camera not working,2025-12-19 5:57:08,"AI Overview,Thumbnail,Sitelinks,People also ask,Video preview,Bottom ads",350,1200,1800,2019-01-11,"Informational,Branded,Non-local",English
291,ring indoor cam (2nd gen),us,7,300,,,ring indoor cam,2025-12-14 15:55:02,"Top ads,AI Overview,Thumbnail,People also ask,Sitelinks,Discussions,Video preview,Top stories,Shopping Ads,Knowledge panel",300,400,400,2023-05-18,"Informational,Commercial,Branded,Non-local",English
292,ring camera home depot,us,35,250,0.3,0.88,ring cameras on sale,2025-12-08 18:17:07,"Sitelinks,Thumbnail,People also ask,Top stories,Video preview",250,900,900,2016-06-15,"Informational,Commercial,Transactional,Branded,Non-local",English
293,ring camera black friday deals,us,0,250,0.5,0.96,ring doorbell black friday,2025-12-23 21:58:59,"Sitelinks,Thumbnail,Shopping,AI Overview,People also ask,Top stories,Video preview,Discussions",250,700,700,2018-11-01,"Informational,Commercial,Transactional,Branded,Non-local",English
294,ring camera batteries,us,0,250,0.4,,ring battery,2025-12-10 7:57:42,"Shopping Ads,Thumbnail,Shopping,People also ask,Top stories,Video preview,Sitelinks,Bottom ads",300,2900,3000,2017-12-27,"Informational,Commercial,Branded,Non-local",English
295,ring camera models,us,33,250,0.4,,ring security camera,2025-12-15 14:41:35,"Shopping Ads,Thumbnail,Top ads,Sitelinks,People also ask,Top stories,Video preview,Discussions,Shopping,Bottom ads,Paid sitelinks",300,17000,18000,2017-12-27,"Informational,Commercial,Branded,Non-local",English
296,google nest cam indoor/outdoor camera reviews,us,,250,,,,,,250,,,2025-08-11,,
297,ring outdoor cam plus reviews,us,,250,,,,,,300,,,2025-04-07,,
298,ring spotlight cam pro reviews,us,,250,,,,,,300,,,2022-11-30,,
299,doordash girl ring camera,us,,250,,,,,,250,,,2025-10-19,,
300,how to remove ring camera from mount,us,,250,0.04,,,,,300,,,2021-11-29,,
301,how long does a ring camera take to charge,us,0,250,,,how long does a ring camera take to charge,2025-12-21 0:36:47,"AI Overview,Thumbnail,People also ask,Sitelinks,Video preview",300,1800,2100,2020-07-06,"Informational,Branded,Non-local",English
302,alien ring camera,us,0,250,,,alien caught on ring camera,2025-12-17 9:31:39,Video preview,250,1200,1300,2019-06-02,"Informational,Branded,Non-local",English
303,ring camera apartment,us,0,250,0.7,,ring doorbell for apartments,2025-12-08 23:25:41,"Sitelinks,People also ask,Shopping,Thumbnail,Video preview",300,1200,1200,2020-01-13,"Informational,Commercial,Branded,Non-local",English
304,ring floodlight cam wired,us,4,250,0.7,,ring floodlight camera,2025-12-22 23:38:45,"Sitelinks,People also ask,Discussions,Top stories,Thumbnail,Video preview,Knowledge panel,Shopping",350,12000,12000,2018-07-30,"Informational,Commercial,Transactional,Branded,Non-local",English
305,hidden ring camera,us,1,250,0.4,,hidden ring camera,2025-12-22 0:57:22,"Thumbnail,Sitelinks,People also ask,Shopping,Video preview",300,250,250,2016-09-19,"Informational,Commercial,Branded,Non-local",English
306,why is my ring camera not detecting motion,us,0,250,,,ring camera not detecting motion,2025-11-23 23:51:37,"AI Overview,Thumbnail,Video preview,People also ask,Sitelinks",250,800,1000,2020-06-21,"Informational,Branded,Non-local",English
307,how to turn off blue light on ring camera,us,0,250,0.08,,turn off blue light on ring camera,2025-12-13 16:49:51,"AI Overview,Thumbnail,People also ask,Sitelinks,Video preview",300,450,450,2019-12-11,"Informational,Branded,Non-local",English
308,ring camera alien,us,1,250,,,alien video,2025-11-30 17:05:10,"Video preview,Sitelinks",300,1000,1100,2020-01-11,"Informational,Branded,Non-local",English
309,ring door view cam,us,7,250,0.5,0.92,ring peephole camera,2025-12-20 23:22:03,"Sitelinks,Video preview,People also ask,Shopping,Thumbnail,Top stories,Knowledge panel",800,3500,3700,2019-01-07,"Informational,Commercial,Branded,Non-local",English
310,how to disable ring camera,us,0,250,0.2,,turn off ring camera,2025-12-15 11:18:14,"AI Overview,Thumbnail,Sitelinks,People also ask,Video preview",350,1100,1200,2018-05-23,"Informational,Branded,Non-local",English
311,jax taylor ring camera video,us,,250,,,,,,300,,,2025-05-26,,
312,ring bell with camera,us,8,250,0,,ring video doorbell,2025-11-30 9:35:13,"Shopping,Thumbnail,Sitelinks,People also ask,Video preview,Discussions",300,13000,16000,2016-02-06,"Informational,Commercial,Transactional,Branded,Non-local",English
313,ring spotlight camera battery,us,0,250,0.6,0.73,ring spotlight cam extra battery,2025-11-22 2:01:31,"Sitelinks,People also ask,Thumbnail,Knowledge panel,Discussions,Video preview,Shopping",350,40,40,2017-10-30,"Informational,Commercial,Branded,Non-local",English
314,ring camera wired,us,14,250,0.45,,ring security camera,2025-12-15 14:23:01,"Sitelinks,Thumbnail,Shopping,People also ask,Discussions,Video preview",350,17000,18000,2017-08-21,"Informational,Commercial,Branded,Non-local",English
315,ring doorbell camera battery,us,0,250,0.7,,ring camera battery,2025-12-27 0:06:52,"AI Overview,Thumbnail,Shopping,People also ask,Discussions,Sitelinks,Top stories,Video preview",300,500,500,2018-01-24,"Informational,Commercial,Branded,Non-local",English
316,ring motion light camera,us,5,250,0.4,,ring floodlight,2025-12-13 23:18:56,"Thumbnail,Shopping,People also ask,Discussions,Top stories,Video preview,Sitelinks",250,15000,15000,2017-01-12,"Informational,Commercial,Branded,Non-local",English
317,ring outdoor cam plus 2k video & vision reviews,us,,250,,,,,,250,,,2025-08-18,,
318,ring floodlight cam installation,us,0,250,0.3,0.7,ring floodlight camera installation,2025-12-17 13:01:42,"AI Overview,Thumbnail,Video preview,Sitelinks,People also ask,Discussions,Bottom ads,Paid sitelinks",300,500,600,2017-03-31,"Informational,Branded,Non-local",English
319,ring camera alternative,us,22,250,0.6,,ring camera alternatives,2025-12-21 10:24:06,"Shopping Ads,Thumbnail,Sitelinks,People also ask,Video preview,Top stories,Shopping,Bottom ads,Paid sitelinks",400,450,500,2019-10-12,"Informational,Commercial,Branded,Non-local",English
320,ring pan-tilt indoor cam reviews,us,,250,,,,,,250,,,2025-05-05,,
321,nest cam iq,us,11,250,0.5,0.86,nest iq outdoor,2025-12-13 11:01:45,"People also ask,Sitelinks,Knowledge panel,Shopping,Thumbnail,Video preview",600,800,800,2017-05-30,"Informational,Commercial,Branded,Non-local",English
322,how to reset ring floodlight camera,us,0,250,0.2,,how to reset ring camera,2025-11-25 0:28:24,"Featured snippet,People also ask,Sitelinks",300,700,700,2019-12-17,"Informational,Branded,Non-local",English
323,ring video camera,us,40,250,0.45,0.8,ring security camera,2025-12-27 6:01:51,"Sitelinks,People also ask,Shopping,Thumbnail,Video preview,Discussions,Top stories",450,14000,15000,2016-04-06,"Informational,Commercial,Transactional,Branded,Non-local",English
324,ring cam battery,us,0,250,0.4,,ring outdoor camera battery,2025-12-09 10:00:37,"Shopping Ads,Thumbnail,Top ads,Paid sitelinks,Sitelinks,Shopping,People also ask,Discussions,Top stories,Bottom ads,Video preview",300,100,100,2017-12-15,"Informational,Commercial,Transactional,Branded,Non-local",English
325,ring exterior camera,us,1,250,0.45,0.96,ring security camera,2025-12-19 5:07:38,"Sitelinks,Shopping,Thumbnail,People also ask,Top stories,Video preview,Discussions",250,17000,17000,2017-05-03,"Informational,Commercial,Branded,Non-local",English
326,how to install a ring doorbell camera,us,0,250,0.02,,ring video doorbell installation,2025-11-25 21:44:53,"AI Overview,Thumbnail,Video preview,People also ask,Discussions",250,800,1200,2018-10-29,"Informational,Branded,Non-local",English
327,what does the blue light on a ring camera mean,us,0,250,,,ring camera blue light,2025-12-22 2:12:34,"AI Overview,Thumbnail,People also ask,Sitelinks,Video preview",300,700,800,2019-08-01,"Informational,Branded,Non-local",English
328,nest cam battery life,us,25,250,0.6,,nest cam battery life,2025-12-16 11:40:48,"Sitelinks,People also ask,Knowledge panel,Video preview",300,300,300,2017-08-07,"Informational,Branded,Non-local",English
329,ring outdoor cam,us,2,250,0.45,,ring stick up cam,2025-12-25 1:01:46,"Sitelinks,Shopping,Thumbnail,Top stories,Video preview,People also ask,Knowledge panel",400,4600,4600,2018-08-30,"Informational,Commercial,Branded,Non-local",English
330,ring window camera,us,11,250,0.3,,ring outdoor camera,2025-11-30 8:46:43,"Sitelinks,People also ask,Discussions,Thumbnail,Video preview",250,15000,16000,2019-02-07,"Informational,Commercial,Branded,Non-local",English
331,do you need wifi for ring camera,us,0,250,0.01,,do ring cameras need wifi,2025-12-13 14:02:31,"Featured snippet,People also ask,Top stories,Sitelinks,Video preview",300,1000,1200,2020-01-30,"Informational,Branded,Non-local",English
332,nest camera offline but wifi working,us,0,250,0.01,,nest camera offline but wifi working,2025-11-27 20:40:54,"AI Overview,Thumbnail,Sitelinks,People also ask,Video preview",300,600,700,2020-08-11,"Informational,Branded,Non-local",English
333,what does the red light mean on a ring camera,us,0,250,,,what does the red light mean on a ring camera,2025-12-22 21:55:30,"AI Overview,Thumbnail,Sitelinks,People also ask,Video preview",250,600,600,2021-03-08,"Informational,Branded,Non-local",English
334,turn off blue light on ring camera,us,0,200,0.05,,turn off blue light on ring camera,2025-11-30 11:03:55,"AI Overview,Thumbnail,Sitelinks,People also ask,Video preview",300,450,450,2019-06-29,"Informational,Branded,Non-local",English
335,ddg ring camera video,us,,200,,,,,,200,,,2025-05-13,,
336,camera for key ring,us,,200,,,,,,200,,,2025-04-11,,
337,small ring camera,us,6,200,0.35,,small ring camera,2025-12-22 8:15:32,"Thumbnail,Sitelinks,People also ask,Video preview,Shopping",300,400,450,2019-08-02,"Informational,Commercial,Branded,Non-local",English
338,how to reset google nest camera,us,6,200,0.15,,how to reset nest doorbell,2025-12-25 22:13:30,"AI Overview,Thumbnail,People also ask,Sitelinks,Video preview",200,5400,5400,2020-06-14,"Informational,Branded,Non-local",English
339,ring outdoor floodlight camera,us,2,200,0.6,,ring floodlight,2025-12-26 23:21:29,"Sitelinks,Shopping,Thumbnail,People also ask,Top stories,Video preview,Discussions,Knowledge panel",200,13000,13000,2017-04-24,"Informational,Commercial,Branded,Non-local",English
340,does cam newton have a super bowl ring,us,0,200,,,does cam newton have a ring,2025-12-25 19:37:35,"People also ask,AI Overview,Thumbnail,Sitelinks,Video preview",200,250,250,2016-11-28,"Informational,Non-branded,Non-local",English
341,ring indoor cam reviews,us,6,200,0.3,,ring camera price,2025-12-03 16:54:21,"Sitelinks,People also ask,Knowledge panel,Discussions",200,90,90,2020-04-12,"Informational,Commercial,Branded,Non-local",English
342,ring outdoor cam plus review,us,,200,,,,,,200,,,2025-03-06,,
343,how to turn off ring camera without notifying,us,,200,,,,,,250,,,2023-04-30,,
344,best ring doorbell camera 2025,us,,200,,,,,,250,,,2025-03-24,,
345,how long to charge ring camera battery,us,0,200,0.08,,how long does a ring camera take to charge,2025-12-24 14:59:53,"AI Overview,Thumbnail,People also ask,Sitelinks,Video preview",300,1800,2100,2018-12-16,"Informational,Branded,Non-local",English
346,big bear eagle nest cam live,us,42,200,,,jackie and shadow,2025-11-24 10:36:32,"Sitelinks,Thumbnail,Video preview,Top stories",250,127000,130000,2019-06-09,"Informational,Non-branded,Local",English
347,how to turn off ring camera without app,us,0,200,0.06,,turn off ring camera,2025-12-17 20:01:55,"AI Overview,Thumbnail,Sitelinks,People also ask,Video preview",250,1100,1200,2020-05-10,"Informational,Branded,Non-local",English
348,new ring camera,us,20,200,0.4,,ring camera news,2025-12-23 10:45:15,"People also ask,Sitelinks,Video preview,Top stories,Thumbnail,Shopping",200,450,500,2018-01-11,"Informational,Commercial,Branded,Non-local",English
349,how long does it take to charge ring camera battery,us,0,200,0.25,,how long does a ring camera take to charge,2025-12-10 9:48:09,"AI Overview,Thumbnail,People also ask,Sitelinks,Video preview",250,1700,2000,2019-01-06,"Informational,Branded,Non-local",English
350,ring doorbell camera not working,us,0,200,1.9,,ring doorbell not working,2025-12-17 17:26:26,"AI Overview,Thumbnail,Sitelinks,People also ask,Video preview,Top stories",250,700,700,2017-04-14,"Informational,Branded,Non-local",English
351,ring camera alternatives,us,0,200,0.5,,ring camera alternatives,2025-11-26 16:18:27,"Sitelinks,AI Overview,People also ask,Top stories,Thumbnail,Shopping,Video preview",250,350,400,2016-03-08,"Informational,Commercial,Branded,Non-local",English
352,jax taylor ring camera reddit,us,,200,,,,,,200,,,2025-05-26,,
353,nest iq outdoor camera,us,12,200,0.4,0.76,nest iq outdoor,2025-12-25 3:59:24,"AI Overview,Thumbnail,People also ask,Discussions,Video preview,Sitelinks,Knowledge panel",250,800,800,2017-10-11,"Informational,Commercial,Branded,Non-local",English
354,ring stickup cam,us,12,200,0.45,0.91,ring stick up cam,2025-11-30 14:04:41,"Thumbnail,Sitelinks,Knowledge panel,People also ask,Top stories,Shopping,Video preview",200,5100,5200,2016-02-06,"Informational,Commercial,Branded,Non-local",English
355,nest outdoor camera battery,us,22,200,0.45,,nest cam battery,2025-12-23 22:29:26,"Sitelinks,People also ask,Shopping,Thumbnail,Video preview,Top stories,Knowledge panel",200,2700,3000,2018-05-27,"Informational,Commercial,Branded,Non-local",English
356,ring outdoor cam plus (2k),us,,200,,,,,,200,,,2025-06-20,,
357,ring outdoor cam plus product info and reviews,us,,200,,,,,,250,,,2025-05-22,,
358,nest solar camera,us,0,200,0.4,,google nest solar panel,2025-11-25 12:35:42,"Thumbnail,Shopping,People also ask,Discussions,Sitelinks,Video preview",200,700,800,2016-11-12,"Informational,Commercial,Branded,Non-local",English
359,ring spotlight cam pro vs plus,us,0,200,0.15,,ring spotlight cam plus vs pro,2025-12-26 21:18:30,"AI Overview,Thumbnail,Sitelinks,Video preview,People also ask,Discussions",250,500,500,2021-12-13,"Informational,Commercial,Branded,Non-local",English
360,ring spotlight cam pro product info and reviews,us,,200,,,,,,250,,,2025-07-24,,
361,ring camera without wifi,us,0,200,0.35,,does ring camera need wifi,2025-11-26 0:05:06,"AI Overview,Thumbnail,Sitelinks,People also ask,Shopping,Video preview",250,1200,1200,2017-02-16,"Informational,Branded,Non-local",English
362,ring door cam,us,4,200,0.6,,ring video doorbell,2025-12-15 1:58:32,"Thumbnail,Sitelinks,Shopping,People also ask,Top stories,Discussions,Video preview",350,17000,22000,2016-04-14,"Informational,Commercial,Branded,Non-local",English
363,ring camera flood light,us,14,200,0.45,,ring floodlight,2025-12-13 12:22:49,"Thumbnail,Shopping,People also ask,Top stories,Video preview,Sitelinks,Discussions",250,15000,15000,2018-05-17,"Informational,Commercial,Branded,Non-local",English
364,ring camera contact number,us,34,200,,,ring customer service,2025-12-15 8:04:03,"AI Overview,Sitelinks",200,24000,26000,2017-07-03,"Informational,Branded,Non-local",English
365,google nest cam reviews,us,22,200,0.4,,nest outdoor camera review,2025-12-25 10:05:40,"Sitelinks,AI Overview,People also ask,Top stories,Thumbnail,Video preview,Discussions,Knowledge panel",250,700,800,2020-01-26,"Informational,Commercial,Branded,Non-local",English
366,ring camera light meaning,us,0,200,,,ring camera light meaning,2025-12-23 2:17:38,"AI Overview,Thumbnail,People also ask,Sitelinks,Video preview",200,800,900,2020-01-24,"Informational,Branded,Non-local",English
367,ring camera battery type,us,,200,,,,,,250,,,2022-09-12,,
368,ring indoor camera review,us,5,200,0.3,,ring indoor cam reviews,2025-12-25 7:29:56,"AI Overview,Thumbnail,Sitelinks,People also ask,Discussions,Knowledge panel,Video preview",300,80,90,2018-11-17,"Informational,Commercial,Branded,Non-local",English
369,how to remove ring camera from account,us,0,200,,,how to turn off ring camera,2025-12-22 3:25:15,"AI Overview,Thumbnail,People also ask,Sitelinks,Video preview",200,3000,3500,2020-03-13,"Informational,Branded,Non-local",English
370,ring spotlight cam solar,us,1,200,0.6,1.05,ring spotlight cam,2025-12-25 22:44:44,"Shopping,Thumbnail,People also ask,Top stories,Video preview,Sitelinks",250,5800,5900,2017-07-31,"Informational,Commercial,Branded,Non-local",English
371,joe budden ring camera,us,,200,,,,,,250,,,2024-12-31,,
372,ring camera won't charge,us,0,200,0.06,,ring doorbell not charging,2025-11-23 6:58:03,"AI Overview,Thumbnail,Sitelinks,People also ask",200,800,1500,2018-01-08,"Informational,Branded,Non-local",English
373,ring stick up cam installation,us,0,200,0.35,,how to mount ring camera,2025-11-10 20:42:33,"People also ask,Video preview,Knowledge panel,Sitelinks,Thumbnail,Knowledge card",200,100,150,2016-10-26,"Informational,Branded,Non-local",English
374,the ring doorbell camera,us,7,200,0.7,1,ring video doorbell,2025-12-15 12:07:39,"Sitelinks,Video preview,People also ask,Top stories,Thumbnail,Discussions",250,17000,22000,2016-01-18,"Informational,Commercial,Branded,Non-local",English
375,why is my ring camera flashing blue,us,0,200,,,ring camera flashing blue,2025-12-09 4:07:33,"AI Overview,Thumbnail,People also ask,Sitelinks,Video preview",200,500,600,2019-12-14,"Informational,Branded,Non-local",English
376,ring camera install,us,0,200,1,,ring installation,2025-12-17 9:27:52,"AI Overview,Thumbnail,People also ask,Video preview,Top stories,Sitelinks,Bottom ads",250,2400,2600,2017-08-30,"Informational,Branded,Non-local",English
377,how far can a ring camera see at night,us,0,200,,,how far can a ring camera see at night,2025-12-04 10:55:44,"AI Overview,Thumbnail,Sitelinks,People also ask,Video preview",250,200,250,2022-03-19,"Informational,Branded,Non-local",English
378,google nest camera review,us,19,200,0.45,,nest outdoor camera review,2025-11-15 10:28:04,"AI Overview,Thumbnail,Sitelinks,People also ask,Top stories,Video preview,Knowledge panel",400,450,500,2016-02-24,"Informational,Commercial,Branded,Non-local",English
379,how long does ring camera keep footage,us,0,200,,,how long does ring save videos,2025-12-20 12:13:42,"AI Overview,Thumbnail,Sitelinks,People also ask,Video preview",200,1600,1900,2020-08-02,"Informational,Branded,Non-local",English
380,ring hidden camera,us,7,200,0.3,,ring camera indoor,2025-11-27 2:03:07,"Thumbnail,Sitelinks,People also ask,Video preview,Top stories,Shopping",300,3700,3900,2018-06-08,"Informational,Commercial,Branded,Non-local",English
381,ring camera sales,us,11,200,0.6,,ring camera deals,2025-12-24 7:00:13,"Thumbnail,Sitelinks,People also ask,Discussions,Top stories,Video preview,Shopping",250,2400,2600,2017-11-27,"Informational,Commercial,Branded,Non-local",English
382,ring camera box,us,2,200,0.3,,ring camera set,2025-12-27 5:43:54,"Thumbnail,Sitelinks,Shopping,People also ask,Video preview,Top stories,Discussions",250,1100,1200,2016-04-13,"Informational,Commercial,Transactional,Branded,Non-local",English
383,ring camera comparison,us,0,200,0.35,,ring camera,2025-12-09 22:04:27,"Sitelinks,AI Overview,Thumbnail,People also ask,Top stories,Bottom ads,Paid sitelinks,Video preview",300,174000,179000,2017-06-11,"Informational,Commercial,Branded,Non-local",English
384,big bear bald eagle live nest cam 2,us,,200,,,,,,200,,,2023-02-11,"Informational,Non-branded,Local",English
385,ring camera with floodlight,us,2,200,0.5,,ring floodlight,2025-12-07 7:06:48,"Thumbnail,People also ask,Shopping,Top stories,Video preview",200,15000,15000,2020-01-13,"Informational,Commercial,Branded,Non-local",English
386,nest cam outdoor wired,us,7,200,0.4,,nest camera outdoor,2025-11-28 17:32:01,"Thumbnail,Sitelinks,People also ask,Shopping,Top stories",300,4300,4300,2021-08-09,"Informational,Commercial,Branded,Non-local",English
387,best ring camera for apartments,us,7,200,0.5,,ring doorbell for apartments,2025-12-04 20:19:05,"Top ads,Paid sitelinks,AI Overview,Thumbnail,Sitelinks,People also ask,Video preview,Top stories,Bottom ads,Shopping Ads,Shopping",200,250,300,2020-08-03,"Informational,Commercial,Branded,Non-local",English
388,ring pan-tilt indoor cam product info and reviews,us,,200,,,,,,200,,,2025-05-28,,
389,google nest camera offline,us,2,200,0.01,,nest camera offline but wifi working,2025-12-16 7:32:35,"AI Overview,Thumbnail,Sitelinks,People also ask,Video preview",250,500,600,2019-12-15,"Informational,Branded,Non-local",English
390,black friday ring camera deals,us,0,200,0.45,,ring camera black friday,2025-11-30 8:37:50,"Sitelinks,Thumbnail,People also ask,Top stories,Video preview,Shopping",250,2300,2900,2019-11-26,"Informational,Commercial,Transactional,Branded,Non-local",English
391,ring spotlight cam plus reviews,us,9,200,0.6,,ring spotlight cam plus reviews,2025-11-25 21:25:03,"AI Overview,Thumbnail,Sitelinks,Knowledge panel,Video preview,People also ask,Discussions,Bottom ads,Paid sitelinks",250,30,40,2022-12-14,"Informational,Commercial,Branded,Non-local",English
392,why is my ring camera blinking blue,us,0,200,,,ring camera flashing blue,2025-12-04 10:32:55,"AI Overview,Thumbnail,People also ask,Sitelinks,Video preview",200,500,600,2020-06-27,"Informational,Branded,Non-local",English
393,apartment ring camera,us,0,200,1,,ring doorbell for apartments,2025-12-06 6:21:02,"Sitelinks,People also ask,Shopping,Thumbnail",200,1200,1200,2020-02-04,"Informational,Commercial,Branded,Non-local",English
394,nest cam news,us,,200,,,,,,200,,,2017-04-09,,
395,ring camera best buy,us,1,200,0.3,,best buy ring camera,2025-11-30 10:10:42,"Sitelinks,Thumbnail,Shopping",200,500,600,2016-01-16,"Informational,Commercial,Branded,Non-local",English
396,how long to charge ring camera battery first time,us,0,200,,,how long does it take to charge ring camera battery,2025-11-26 6:44:30,"AI Overview,Thumbnail,People also ask,Sitelinks,Video preview",250,1900,2200,2020-09-04,"Informational,Branded,Non-local",English
397,nest camera solar panel,us,0,200,0.4,,google camera solar panel,2025-11-19 17:47:45,"Thumbnail,Sitelinks,Shopping,People also ask",250,600,600,2018-01-29,"Informational,Commercial,Branded,Non-local",English
398,ring camera monitor,us,5,200,0.8,,ring camera monitor,2025-12-08 11:02:48,"Sitelinks,People also ask,Thumbnail,Video preview,Shopping",250,60,60,2018-09-25,"Informational,Branded,Non-local",English
399,ring outdoor 2k video cam plus reviews,us,,200,,,,,,200,,,2025-07-06,,
400,nest camera app,us,66,200,0.45,0.73,nest thermostat app,2025-12-20 1:39:57,"AI Overview,Thumbnail,Video preview,People also ask,Sitelinks,Top stories",300,3100,3100,2015-12-18,"Informational,Branded,Non-local",English
401,ring camera reset button,us,0,200,0.06,,how to reset ring doorbell,2025-12-27 11:18:19,"AI Overview,Thumbnail,People also ask,Video preview",250,8000,8200,2019-03-16,"Informational,Branded,Non-local",English
402,ring camera for apartment,us,0,200,0.6,,ring camera for apartments,2025-12-14 6:13:36,"Sitelinks,People also ask,Video preview,Thumbnail,Discussions,Shopping",250,1500,1500,2019-04-06,"Informational,Commercial,Transactional,Branded,Non-local",English
403,eagle nest live cam,us,48,200,0.07,,jackie and shadow,2025-11-25 9:16:38,"Thumbnail,People also ask,Top stories,Video preview,Sitelinks",250,127000,130000,2016-01-26,"Informational,Non-branded,Non-local",English
404,best ring camera for outside,us,1,200,0.8,,best ring camera,2025-12-20 23:49:22,"Shopping Ads,Thumbnail,Top ads,AI Overview,Sitelinks,People also ask,Top stories,Video preview,Shopping,Bottom ads,Paid sitelinks",200,450,450,2020-08-14,"Informational,Commercial,Branded,Non-local",English
405,ring camera kit,us,12,200,0.8,0.85,ring camera set,2025-12-27 5:39:50,"Thumbnail,Sitelinks,Shopping,People also ask,Video preview,Discussions",200,1100,1200,2017-01-23,"Informational,Commercial,Branded,Non-local",English
406,big bear eagle nest cam 1,us,,200,,,,,,200,,,2024-02-29,,
407,ring outdoor camera plus,us,,200,,,,,,700,,,2023-11-08,,
408,ring floodlight cam wired plus (white),us,,200,,,,,,200,,,2025-06-20,,
409,how to update ring camera,us,0,200,0.9,,how to update ring firmware,2025-11-26 15:09:10,"AI Overview,Thumbnail,People also ask,Sitelinks",250,40,40,2019-06-16,"Informational,Branded,Non-local",English
410,google nest camera news,us,,200,,,,,,200,,,2019-02-28,,
411,blue light on ring camera meaning,us,0,200,,,ring camera blue light,2025-12-21 6:55:54,"AI Overview,Thumbnail,Sitelinks,People also ask,Video preview",250,700,800,2021-10-30,"Informational,Branded,Non-local",English
412,ring floodlight camera pro,us,0,200,0.6,,ring floodlight pro,2025-11-23 4:44:26,"Thumbnail,Knowledge panel,Sitelinks,People also ask,Discussions,Top stories,Video preview,Shopping",400,2400,2600,2020-11-27,"Informational,Commercial,Transactional,Branded,Non-local",English
413,ring stick up cam wired,us,12,200,0.5,1.1,ring video stick up camera wired,2025-11-24 12:36:13,"Thumbnail,People also ask,Knowledge panel,Discussions,Shopping,Video preview,Sitelinks",350,60,60,2016-11-24,"Informational,Commercial,Branded,Non-local",English
414,nest camera system,us,29,200,0.8,0.72,nest camera,2025-11-23 20:17:35,"Thumbnail,People also ask,Sitelinks,Shopping,Top stories,Video preview",200,49000,57000,2016-03-23,"Informational,Commercial,Branded,Non-local",English
415,big bear valley eagle nest cam 1,us,27,200,,,eagle cam,2025-12-21 20:26:32,"Sitelinks,Top stories,Video preview,Thumbnail,People also ask",200,139000,141000,2024-02-01,"Informational,Non-branded,Local",English
416,how to setup ring camera,us,0,200,0.15,,how to set up ring camera,2025-11-26 13:41:43,"Featured snippet,Thumbnail,People also ask,Top stories,Video preview",250,1700,1700,2018-10-14,"Informational,Branded,Non-local",English
417,ring stick up cam outdoor,us,6,200,0.45,,ring stick up cam,2025-11-29 20:10:09,"Sitelinks,People also ask,Discussions,Top stories,Thumbnail,Knowledge panel",300,5200,5300,2019-05-19,"Informational,Commercial,Transactional,Branded,Non-local",English
418,nest camera doorbell,us,2,200,0.4,0.71,nest doorbell,2025-11-26 6:19:06,"Thumbnail,People also ask,Discussions,Sitelinks,Shopping,Top stories,Video preview",300,25000,30000,2017-01-27,"Informational,Commercial,Branded,Non-local",English
419,outdoor ring camera with solar panel,us,0,200,0.5,,ring solar camera,2025-12-15 12:20:03,"Thumbnail,Shopping,People also ask,Top stories,Video preview,Sitelinks",200,2500,2500,2022-04-02,"Informational,Commercial,Transactional,Branded,Non-local",English
420,does ring camera work without wifi,us,0,150,0.02,,does ring camera need wifi,2025-11-19 23:42:37,"Featured snippet,People also ask,Sitelinks",200,1000,1100,2019-06-21,"Informational,Branded,Non-local",English
421,code p1-65 ring camera,us,,150,,,,,,200,,,2022-09-01,,
422,how to change wifi on ring camera,us,0,150,0.04,,change wifi on ring doorbell,2025-12-23 0:28:49,"AI Overview,Thumbnail,People also ask,Sitelinks",250,3900,5900,2019-09-06,"Informational,Branded,Non-local",English
423,nest door camera,us,4,150,0.4,1,nest doorbell,2025-11-23 22:38:52,"Thumbnail,People also ask,Discussions,Top stories,Sitelinks,Shopping",150,25000,30000,2016-03-15,"Informational,Commercial,Branded,Non-local",English
424,ring camera tool,us,0,150,0.4,,ring doorbell removal tool,2025-12-08 4:49:19,"Sitelinks,Shopping,Thumbnail,People also ask,Discussions,Video preview",150,70,70,2018-04-11,"Informational,Commercial,Branded,Non-local",English
425,best outdoor ring camera,us,6,150,0.7,,best ring camera,2025-12-19 20:03:21,"Top ads,Paid sitelinks,AI Overview,Thumbnail,Sitelinks,People also ask,Shopping,Top stories,Video preview",200,450,450,2018-03-21,"Informational,Commercial,Branded,Non-local",English
426,how long does it take to charge a ring camera,us,0,150,,,how long does it take to charge ring camera battery,2025-11-21 19:35:58,"AI Overview,Thumbnail,People also ask,Sitelinks",150,1900,2200,2020-06-20,"Informational,Branded,Non-local",English
427,what does linked device mean on ring camera,us,0,150,,,what does linked device mean on ring,2025-12-27 8:33:18,"AI Overview,Thumbnail,People also ask,Sitelinks,Video preview",150,100,100,2023-11-02,"Informational,Branded,Non-local",English
428,nest cam + outdoor power cable,us,,150,0.35,,,,,150,,,2024-04-21,,
429,solar panel ring camera,us,0,150,0.5,,ring solar panel,2025-11-09 5:42:28,"Shopping,Thumbnail,Sitelinks,Discussions,People also ask,Top stories,Video preview",200,1800,1800,2018-04-22,"Informational,Commercial,Branded,Non-local",English
430,does ring camera have a monthly fee,us,1,150,0.6,,ring subscription,2025-11-24 15:39:41,"AI Overview,Thumbnail,Sitelinks,People also ask",150,93000,97000,2020-01-30,"Informational,Branded,Non-local",English
431,google nest camera battery,us,12,150,0.6,,nest cam battery,2025-12-25 14:36:26,"Thumbnail,People also ask,Sitelinks,Top stories,Discussions,Shopping",250,2600,2900,2020-04-17,"Informational,Commercial,Branded,Non-local",English
432,nest vs ring camera,us,0,150,0.15,1.22,ring vs nest camera,2025-12-15 2:14:35,"AI Overview,Thumbnail,Sitelinks,People also ask",150,300,350,2017-09-13,"Informational,Commercial,Branded,Non-local",English
433,installing ring floodlight cam,us,0,150,0.3,0.63,ring floodlight camera installation,2025-11-30 4:30:43,"People also ask,Sitelinks,Top stories,Thumbnail,Video preview",150,500,600,2017-06-12,"Informational,Branded,Non-local",English
434,ring outdoor stick up camera,us,7,150,0.6,,ring stick up cam,2025-11-30 7:17:03,"Thumbnail,Shopping,Knowledge panel,People also ask,Sitelinks,Discussions",200,5100,5200,2017-03-11,"Informational,Commercial,Branded,Non-local",English
435,nest camera reset,us,0,150,0.15,,reset nest doorbell,2025-11-20 10:52:51,"AI Overview,Thumbnail,People also ask,Sitelinks",150,5300,5400,2016-04-08,"Informational,Branded,Non-local",English
436,how to turn ring camera off from app,us,,150,,,,,,200,,,2023-09-05,,
437,wasserstein solar panel for google nest cam,us,0,150,0.5,,nest camera solar panel,2025-11-23 17:48:00,"Knowledge panel,Discussions",200,600,600,2021-08-06,"Informational,Commercial,Transactional,Branded,Non-local",English
438,solar charger for ring camera,us,0,150,0.3,,solar charger for ring camera,2025-12-19 8:37:34,"Shopping,Thumbnail,Sitelinks,People also ask,Discussions",150,30,30,2018-02-26,"Informational,Commercial,Transactional,Branded,Non-local",English
439,stick up ring camera,us,7,150,0.7,,ring stick up cam,2025-11-06 8:41:15,"Shopping,Thumbnail,Sitelinks,People also ask,Top stories,Video preview",250,5300,5300,2016-06-24,"Informational,Commercial,Transactional,Branded,Non-local",English
440,ring camera blue light meaning,us,0,150,,,ring camera light meaning,2025-11-26 1:16:53,"AI Overview,Thumbnail,People also ask,Sitelinks",250,800,800,2020-02-15,"Informational,Branded,Non-local",English
441,ring stick up camera battery,us,10,150,0.45,,ring stick up cam battery,2025-11-23 15:21:32,"Top ads,Paid sitelinks,Shopping,Thumbnail,People also ask,Sitelinks,Discussions,Video preview,Bottom ads",250,600,600,2018-11-11,"Informational,Commercial,Branded,Non-local",English
442,ring camera removal tool,us,,150,,,,,,150,,,2022-04-25,,
443,ring flood light cam,us,3,150,0.5,0.84,ring floodlight,2025-11-27 9:14:03,"Sitelinks,People also ask,Knowledge panel,Discussions,Top stories,Thumbnail,Video preview",200,16000,16000,2017-04-14,"Informational,Commercial,Branded,Non-local",English
444,ring camera review,us,2,150,0.35,0.86,best ring camera,2025-12-23 6:59:51,"Sitelinks,People also ask,Video preview,Top stories,Thumbnail",300,700,900,2016-01-22,"Informational,Commercial,Branded,Non-local",English
445,factory reset nest cam 2nd generation,us,0,150,,,reset nest doorbell,2025-12-19 18:31:57,"AI Overview,Thumbnail,People also ask,Video preview,Sitelinks",150,5100,5200,2022-01-30,"Informational,Branded,Non-local",English
446,google nest cam iq outdoor,us,10,150,0.45,,nest iq outdoor,2025-12-04 11:02:50,"Discussions,Sitelinks,Knowledge panel,People also ask",150,900,900,2019-05-18,"Informational,Commercial,Branded,Non-local",English
447,how to charge ring camera,us,0,150,0.25,,how long does it take to charge ring camera battery,2025-11-18 15:32:57,"AI Overview,Thumbnail,Video preview,People also ask,Discussions,Sitelinks",250,1800,2100,2016-07-02,"Informational,Branded,Non-local",English
448,ring indoor cam 2nd gen,us,6,150,0.45,,ring indoor camera,2025-12-04 10:57:55,"Thumbnail,People also ask,Knowledge panel,Discussions,Sitelinks",600,3300,3300,2023-05-01,"Informational,Commercial,Branded,Non-local",English
449,wifi extender for ring camera,us,0,150,0.3,,ring wifi extender,2025-11-27 10:12:08,"Sitelinks,People also ask,Thumbnail,Discussions,Shopping",150,250,300,2017-09-05,"Informational,Commercial,Branded,Non-local",English
450,change wifi on ring camera,us,0,150,0.01,,change wifi on ring doorbell,2025-12-24 19:04:29,"AI Overview,Thumbnail,Sitelinks,People also ask,Video preview",200,3900,5900,2020-02-05,"Informational,Branded,Non-local",English
451,ring camera battery powered,us,12,150,0.45,,ring stick up cam,2025-12-15 11:05:43,"Shopping Ads,Thumbnail,Top ads,Shopping,People also ask,Sitelinks,Top stories,Video preview,Bottom ads,Paid sitelinks",150,3900,4000,2020-04-30,"Informational,Commercial,Branded,Non-local",English
452,ring interior camera,us,30,150,0.35,,ring indoor camera,2025-12-26 22:00:32,"Thumbnail,Sitelinks,Shopping,People also ask,Discussions,Video preview,Top stories",150,9700,9800,2016-10-24,"Informational,Commercial,Transactional,Branded,Non-local",English
453,how to reset my ring camera,us,0,150,0.3,,how to reset ring camera,2025-11-25 18:30:39,"Featured snippet,People also ask,Video preview,Sitelinks",150,700,700,2018-06-02,"Informational,Branded,Non-local",English
454,how long does a ring camera battery take to charge,us,0,150,,,how long does a ring camera take to charge,2025-12-21 3:54:02,"AI Overview,Thumbnail,People also ask,Sitelinks,Video preview",200,1800,2100,2019-07-26,"Informational,Branded,Non-local",English
455,install ring floodlight cam,us,0,150,0.3,,ring floodlight camera installation,2025-11-01 10:25:59,"People also ask,Discussions,Sitelinks,Top stories,Thumbnail,Video preview,Bottom ads,Paid sitelinks",150,500,600,2017-04-22,"Informational,Branded,Non-local",English
456,how does the ring camera work,us,9,150,0.2,,how does ring doorbell work,2025-11-29 2:42:29,"AI Overview,Thumbnail,People also ask,Discussions,Top stories,Sitelinks,Video preview",150,2100,2200,2017-10-19,"Informational,Branded,Non-local",English
457,ring camera not recording motion,us,0,150,,,why is my ring camera not detecting motion,2025-12-08 17:16:32,"AI Overview,Thumbnail,People also ask,Sitelinks",150,800,1000,2019-11-12,"Informational,Branded,Non-local",English
458,does ring camera record 24/7,us,10,150,0.15,,do ring cameras record 24/7,2025-11-28 19:09:42,"Featured snippet,People also ask,Sitelinks",200,2700,3600,2018-07-17,"Informational,Branded,Non-local",English
459,jackie and shadow nest cam,us,14,150,,,big bear eagle cam,2025-12-26 1:08:17,"Sitelinks,Thumbnail,Top stories,Video preview",150,224000,225000,2023-02-01,"Informational,Non-branded,Non-local",English
460,ring camera installation cost,us,0,150,2,,ring doorbell installation cost,2025-11-29 19:08:32,"AI Overview,Thumbnail,Sitelinks,People also ask,Video preview,Shopping",200,450,450,2019-03-13,"Informational,Branded,Non-local",English
461,video of jax taylor ring camera,us,,150,,,,,,150,,,2025-05-27,,
462,ring camera recording,us,0,150,0.1,,do ring cameras record 24/7,2025-12-19 23:50:02,"AI Overview,Thumbnail,Sitelinks,People also ask,Top stories,Video preview",150,2700,3500,2017-07-05,"Informational,Branded,Non-local",English
463,ring camera stock,us,40,150,,,ringcentral stock,2025-12-22 1:42:22,"AI Overview,Thumbnail,Sitelinks,People also ask",150,800,1200,2018-01-15,"Informational,Branded,Non-local",English
464,amperage of ring floodlight camera,us,,150,,,,,,150,,,2025-06-25,,
465,what does red light on ring camera mean,us,0,150,,,ring camera red light,2025-11-29 12:02:18,"AI Overview,Thumbnail,Sitelinks,People also ask",150,500,500,2020-01-23,"Informational,Branded,Non-local",English
466,floodlight ring camera,us,18,150,0.45,,ring floodlight,2025-11-04 18:19:07,"Thumbnail,Shopping,People also ask,Top stories,Video preview,Discussions,Sitelinks",200,15000,16000,2017-05-03,"Informational,Commercial,Branded,Non-local",English
467,ring solar panel for stick up cam,us,0,150,0.8,,ring solar panel,2025-11-19 18:34:31,"Thumbnail,Sitelinks,People also ask,Discussions",150,1200,1200,2018-02-28,"Informational,Commercial,Transactional,Branded,Non-local",English
468,ring camera support phone number,us,55,150,,,ring customer service,2025-12-19 15:24:47,"AI Overview,Sitelinks",150,25000,27000,2018-07-23,"Informational,Branded,Non-local",English
469,ring doorbell camera wired,us,1,150,0.35,,ring wired doorbell,2025-11-15 22:14:33,"Sitelinks,People also ask,Discussions,Top stories,Video preview,Thumbnail",150,2200,2400,2020-11-30,"Informational,Commercial,Branded,Non-local",English
470,nest camera installation,us,2,150,1.3,0.86,google camera,2025-12-17 17:56:07,"People also ask,Top stories,Thumbnail",200,800,900,2015-10-29,"Informational,Branded,Non-local",English
471,ring spotlight cam battery life,us,0,150,0.6,0.9,ring spotlight cam battery life,2025-12-27 5:04:18,"AI Overview,Thumbnail,Sitelinks,People also ask",150,100,100,2017-10-13,"Informational,Branded,Non-local",English
472,ring camera field of view,us,8,150,0.35,,ring doorbell camera range,2025-12-24 21:25:45,"AI Overview,Thumbnail,People also ask,Sitelinks,Video preview",200,20,20,2017-01-03,"Informational,Branded,Non-local",English
473,factory reset google nest camera,us,0,150,,,reset nest doorbell,2025-12-19 9:03:31,"AI Overview,Thumbnail,People also ask,Sitelinks",150,5100,5200,2021-01-19,"Informational,Branded,Non-local",English
474,nest cam iq indoor,us,1,150,0.5,1.15,nest camera,2025-11-29 8:26:35,"People also ask,Discussions,Knowledge panel,Sitelinks,Video preview,Top stories,Thumbnail",250,40000,47000,2017-08-24,"Informational,Commercial,Branded,Non-local",English
475,how much is ring camera subscription,us,0,150,0.08,,ring plans,2025-11-28 20:26:29,"AI Overview,Thumbnail,Sitelinks,People also ask",150,84000,88000,2019-11-24,"Informational,Commercial,Branded,Non-local",English
476,how to install ring floodlight cam without existing wiring,us,0,150,0.08,,how to install floodlight without existing wiring,2025-12-24 2:33:27,"AI Overview,People also ask,Video preview,Sitelinks",200,80,80,2019-03-29,"Informational,Branded,Non-local",English
477,best solar panel for ring camera,us,0,150,0.15,,wasserstein solar panel,2025-11-09 6:11:41,"Thumbnail,Sitelinks,People also ask,Shopping,Top stories,Video preview",150,50,60,2020-08-05,"Informational,Commercial,Branded,Non-local",English
478,ring camera quality,us,0,150,0.4,,ring reviews,2025-11-23 2:47:57,"AI Overview,Thumbnail,Sitelinks,People also ask,Discussions,Top stories,Video preview,Shopping",200,400,500,2018-11-25,"Informational,Branded,Non-local",English
479,ring camera no subscription,us,4,150,0.6,,do you need a subscription for ring,2025-12-15 15:10:59,"AI Overview,Thumbnail,Sitelinks,People also ask,Top stories,Video preview",150,1700,1900,2020-01-25,"Informational,Branded,Non-local",English
480,battery operated ring camera,us,2,150,0.45,,ring stick up cam,2025-11-02 12:30:03,"Shopping,Thumbnail,People also ask,Sitelinks,Top stories,Video preview",150,5300,5300,2018-11-23,"Informational,Commercial,Transactional,Branded,Non-local",English
481,what does blue light on ring camera mean,us,0,150,0.07,,ring camera blue light,2025-12-14 12:58:02,"AI Overview,Thumbnail,People also ask,Sitelinks",200,700,800,2020-01-20,"Informational,Branded,Non-local",English
482,xfinity ring camera,us,0,150,0.8,,xfinity doorbell camera,2025-11-27 21:50:03,"People also ask,Discussions,Shopping,Thumbnail,Sitelinks",150,900,900,2020-01-31,"Informational,Commercial,Branded,Non-local",English
483,ring doorbell security camera,us,7,150,0.7,0.84,ring doorbell camera,2025-11-23 7:52:24,"Thumbnail,Sitelinks,Shopping,People also ask,Top stories,Discussions",250,36000,39000,2015-11-15,"Informational,Commercial,Branded,Non-local",English
484,ring outdoor camera with solar panel,us,0,150,0.6,,ring solar camera,2025-11-16 18:55:32,"Thumbnail,Sitelinks,Discussions,Shopping,People also ask,Video preview",200,1800,1800,2018-08-18,"Informational,Commercial,Transactional,Branded,Non-local",English
485,big bear eagle nest cam live stream,us,,150,,,,,,150,,,2024-02-27,,
486,ring spotlight cam plus battery,us,3,150,0.7,,ring spotlight cam,2025-12-21 2:49:17,"AI Overview,Thumbnail,Sitelinks,Shopping,People also ask",450,1500,1500,2022-10-17,"Informational,Branded,Non-local",English
487,ring camera for apartment door,us,0,150,1,,ring peephole camera,2025-10-28 6:43:25,"Sitelinks,People also ask,Discussions,Shopping,Thumbnail,Top stories,Video preview",200,4200,4800,2020-11-04,"Informational,Commercial,Transactional,Branded,Non-local",English
488,big bear live eagle nest cam,us,,150,,,,,,150,,,2022-02-28,"Informational,Non-branded,Local",English
489,ring camera change wifi,us,0,150,,,how to change wifi on ring doorbell,2025-11-28 20:59:41,"AI Overview,Thumbnail,Sitelinks,People also ask,Video preview",300,4400,6200,2018-08-22,"Informational,Branded,Non-local",English
490,ring camera inside,us,20,150,0.45,,indoor camera,2025-11-26 1:27:07,"Thumbnail,Sitelinks,Shopping,People also ask,Discussions,Top stories,Video preview",200,4500,4700,2018-09-06,"Informational,Commercial,Transactional,Branded,Non-local",English
491,who owns ring camera,us,41,150,,,ring jamie siminoff,2025-12-27 3:22:23,"AI Overview,Thumbnail,People also ask,Sitelinks,Video preview",150,3900,8000,2020-02-01,"Informational,Branded,Non-local",English
492,google nest cam indoor security camera reviews,us,,150,,,,,,150,,,2022-08-29,,
493,ring camera black and white,us,1,150,1,,ring camera black and white,2025-12-13 12:01:02,"AI Overview,Thumbnail,Sitelinks,People also ask,Video preview",150,90,90,2017-08-31,"Informational,Branded,Non-local",English
494,ring floodlight camera wired,us,16,150,0.6,,ring floodlight,2025-12-01 11:36:21,"Sitelinks,People also ask,Knowledge panel,Video preview,Discussions,Top stories",200,15000,16000,2018-11-26,"Informational,Commercial,Branded,Non-local",English
495,ring camera types,us,18,150,0.2,,ring camera,2025-11-25 12:39:36,"Sitelinks,People also ask,Shopping,Thumbnail,Discussions",200,207000,212000,2020-02-01,"Informational,Branded,Non-local",English
496,reconnect ring camera to wifi,us,0,150,0.3,,ring outage,2025-12-08 9:28:02,"Featured snippet,People also ask,Sitelinks",200,5900,7800,2020-02-10,"Informational,Branded,Non-local",English
497,ring stick up cam battery replacement,us,0,150,1.3,,ring stick up cam battery replacement,2025-12-26 14:39:02,"Thumbnail,People also ask,Sitelinks,Discussions",150,150,150,2018-01-03,"Informational,Commercial,Transactional,Branded,Non-local",English
498,doordash girl ring camera footage,us,,150,,,,,,150,,,2025-10-19,,
499,vivint ring camera,us,21,150,0.8,,vivint doorbell camera,2025-12-13 19:33:20,"Thumbnail,People also ask,Sitelinks,Discussions",150,3200,3400,2018-06-23,"Informational,Commercial,Branded,Non-local",English
500,ring camera solar charger,us,0,150,0.5,,ring solar panel,2025-12-03 15:46:24,"Shopping,Thumbnail,Sitelinks,People also ask",150,1900,2000,2017-03-31,"Informational,Commercial,Transactional,Branded,Non-local",English
501,battery powered ring camera,us,2,150,0.35,,ring stick up cam,2025-12-18 1:03:49,"Shopping,Thumbnail,People also ask,Discussions,Sitelinks,Top stories,Video preview",150,4600,4600,2018-02-02,"Informational,Commercial,Branded,Non-local",English
502,ring floodlight cam wired plus reviews,us,0,150,0.5,,ring floodlight cam wired plus reviews,2025-12-15 18:44:15,"Sitelinks,Knowledge panel,People also ask,Discussions,Top stories,Thumbnail",200,80,100,2021-08-02,"Informational,Commercial,Branded,Non-local",English
503,ring camera battery charging lights,us,0,150,0.3,,how long does a ring camera take to charge,2025-12-25 9:02:29,"AI Overview,Thumbnail,People also ask,Sitelinks",150,1800,2100,2020-03-17,"Informational,Branded,Non-local",English
504,may 28th ring camera,us,,150,,,,,,150,,,2025-07-17,,
505,ring camera red light meaning,us,0,150,,,ring camera red light,2025-11-24 7:10:10,"AI Overview,Thumbnail,Sitelinks,People also ask",200,500,500,2019-12-18,"Informational,Branded,Non-local",English
506,ring camera charger,us,0,150,0.5,,ring charger,2025-11-21 15:24:03,"Shopping,Thumbnail,People also ask,Sitelinks,Discussions",200,100,100,2017-03-04,"Informational,Commercial,Transactional,Branded,Non-local",English
507,how far can a ring camera see,us,0,150,0.9,,how far can ring cameras see,2025-11-24 21:20:19,"AI Overview,Thumbnail,Sitelinks,People also ask",150,50,50,2020-01-13,"Informational,Branded,Non-local",English
508,how long does the ring camera battery last,us,0,150,1.4,,how long does ring camera battery last,2025-12-20 16:11:18,"AI Overview,Thumbnail,Sitelinks,People also ask,Top stories",200,900,1000,2017-11-19,"Informational,Branded,Non-local",English
509,ring outdoor solar camera,us,0,150,0.5,,ring solar camera,2025-12-27 4:39:34,"Thumbnail,Sitelinks,Shopping,People also ask,Top stories,Video preview,Discussions",150,2200,2200,2019-01-10,"Informational,Commercial,Branded,Non-local",English
510,ring camera factory reset,us,0,150,,,reset ring doorbell,2025-11-14 9:10:30,"AI Overview,Thumbnail,People also ask,Video preview",200,5900,6200,2020-06-07,"Informational,Branded,Non-local",English
511,ring pan tilt camera,us,0,150,0.45,,ring-360,2025-12-26 1:50:55,"Sitelinks,People also ask,Knowledge panel,Discussions,Top stories,Video preview,Thumbnail",350,600,600,2020-06-07,"Informational,Commercial,Branded,Non-local",English
512,ring floodlight cam wired plus outdoor camera,us,,150,,,,,,150,,,2025-04-07,,
513,ring camera philadelphia plane crash,us,,150,,,,,,150,,,2025-01-31,,
514,ring camera disguise,us,0,150,0.2,,hidden ring camera,2025-11-14 17:05:22,"Shopping,Thumbnail,Sitelinks,Discussions,People also ask",150,250,250,2020-01-11,"Informational,Commercial,Branded,Non-local",English
515,camera ring light,us,5,150,0.35,0.68,ring light,2025-12-27 6:03:02,"Shopping,Thumbnail,Sitelinks,People also ask,Discussions",600,15000,20000,2015-09-18,"Informational,Commercial,Transactional,Non-branded,Non-local",English
516,bird nest camera,us,5,150,0.5,,bird house camera,2025-11-17 19:55:06,"Shopping,Thumbnail,Sitelinks,Discussions",500,450,450,2015-10-27,"Informational,Commercial,Transactional,Non-branded,Non-local",English
517,nest camera keeps going offline,us,0,150,0.01,0.87,nest camera offline but wifi working,2025-11-21 15:04:04,"Sitelinks,People also ask",150,600,700,2015-12-27,"Informational,Branded,Non-local",English
518,reset nest cam 1st generation,us,0,150,,,reset nest cam 1st generation,2025-12-23 18:23:47,"Sitelinks,People also ask,Video preview",150,60,60,2022-08-20,"Informational,Branded,Non-local",English
519,what does the blue light mean on a ring camera,us,0,150,,,ring camera blue light,2025-11-30 10:50:02,"AI Overview,Thumbnail,People also ask,Sitelinks",150,700,700,2020-06-01,"Informational,Branded,Non-local",English
520,how to factory reset nest camera,us,0,150,,,how to reset nest doorbell,2025-11-22 17:10:16,"AI Overview,Thumbnail,People also ask,Sitelinks",150,5600,5700,2018-03-02,"Informational,Branded,Non-local",English
521,ring indoor security camera,us,10,150,0.5,,ring indoor camera,2025-10-25 6:59:04,"Thumbnail,Sitelinks,People also ask,Shopping,Top stories,Video preview",150,14000,14000,2017-04-09,"Informational,Commercial,Branded,Non-local",English
522,jax taylor ring camera what happened,us,,150,,,,,,150,,,2025-05-26,,
523,how to take ring camera off mount,us,,150,,,,,,150,,,2022-10-28,,
524,how to factory reset a ring camera,us,0,150,0.09,,how to reset ring doorbell,2025-12-16 12:47:35,"AI Overview,Thumbnail,People also ask,Video preview",150,8000,8200,2020-05-11,"Informational,Branded,Non-local",English
525,battery for ring camera,us,0,150,0.8,,ring battery,2025-12-03 13:57:17,"Shopping,Thumbnail,People also ask,Discussions,Sitelinks,Top stories",150,2900,3000,2019-06-20,"Commercial,Transactional,Branded,Non-local",English
526,ring construction camera,us,0,150,0.7,,ring jobsite security,2025-11-26 16:30:12,"Thumbnail,Sitelinks,People also ask,Video preview,Shopping",150,300,300,2021-10-18,"Informational,Commercial,Branded,Non-local",English
527,ring camera sex,us,0,150,1.3,,ring camera sex,2025-11-18 17:03:02,Sitelinks,150,40,40,2019-02-28,"Branded,Non-local",English
528,ring indoor camera reviews,us,5,150,0.3,,ring indoor cam reviews,2025-12-08 21:41:50,"AI Overview,Thumbnail,Sitelinks,Knowledge panel,People also ask,Discussions",150,100,100,2019-02-04,"Informational,Commercial,Branded,Non-local",English
529,joe budden ring camera video,us,,150,,,,,,150,,,2025-01-01,,
530,how to charge ring camera battery,us,0,150,0.07,,how long does it take to charge ring camera battery,2025-11-27 4:05:28,"People also ask,Discussions,Video preview",200,1800,2100,2018-12-04,"Informational,Branded,Non-local",English
531,ring security cam,us,37,150,0.5,,ring outdoor camera,2025-11-18 4:32:48,"Sitelinks,People also ask,Discussions,Top stories,Thumbnail",200,25000,25000,2017-04-17,"Informational,Commercial,Transactional,Branded,Non-local",English
532,how to reset ring camera without pressing button,us,0,150,,,how to reset ring camera without pressing button,2025-11-24 20:52:28,"Featured snippet,People also ask,Sitelinks,Discussions",200,70,200,2022-07-13,"Informational,Branded,Non-local",English
533,resetting ring camera,us,0,150,0.2,,how to reset ring doorbell,2025-12-13 19:45:09,"AI Overview,Thumbnail,People also ask,Sitelinks,Video preview",150,8000,8200,2019-05-25,"Informational,Branded,Non-local",English
534,ring camera solar powered,us,0,150,0.7,,ring solar camera,2025-12-26 17:44:47,"Shopping,Thumbnail,Sitelinks,People also ask,Discussions,Video preview",200,2200,2200,2018-07-14,"Informational,Commercial,Branded,Non-local",English
535,ring camera net worth,us,11,150,,,ring jamie siminoff,2025-12-21 14:09:29,"AI Overview,Thumbnail,People also ask",200,4000,8400,2019-12-15,"Informational,Branded,Non-local",English
536,best ring outdoor camera,us,0,150,0.6,,best ring camera,2025-12-03 16:37:33,"AI Overview,Thumbnail,Sitelinks,Discussions,People also ask,Video preview,Top stories,Shopping",250,600,600,2020-02-08,"Informational,Commercial,Branded,Non-local",English
537,ring spotlight cam mount,us,0,150,0.5,0.92,ring spotlight cam mount,2025-11-27 10:38:02,"People also ask,Shopping,Thumbnail,Discussions,Sitelinks,Video preview",150,100,100,2017-10-18,"Informational,Commercial,Branded,Non-local",English
538,does ring camera require a subscription,us,0,150,0.25,,ring subscription,2025-12-13 5:00:53,"AI Overview,Thumbnail,Sitelinks,People also ask,Top stories",200,76000,80000,2020-02-23,"Informational,Branded,Non-local",English
539,cock ring camera,us,0,150,,,cock ring camera,2025-12-19 11:47:29,"Sitelinks,People also ask",200,700,700,2017-02-04,"Informational,Commercial,Transactional,Branded,Non-local",English
540,google nest camera charger,us,0,150,0.8,,google nest camera charger,2025-12-26 13:20:33,"Shopping,Thumbnail,People also ask,Sitelinks,Discussions,Video preview",200,150,150,2021-09-28,"Informational,Commercial,Transactional,Branded,Non-local",English
541,ring pro camera,us,9,150,0.6,,ring spotlight cam pro,2025-12-27 17:09:33,"Thumbnail,People also ask,Knowledge panel,Top stories,Video preview,Discussions,Sitelinks",200,1200,1200,2016-06-30,"Informational,Commercial,Branded,Non-local",English
542,ring car cam discontinued,us,4,150,,,ring car cam,2025-11-28 23:39:06,"AI Overview,Thumbnail,Sitelinks,People also ask,Discussions,Video preview",150,8100,8600,2023-12-10,"Informational,Branded,Non-local",English
543,how long does it take for a ring camera to charge,us,0,150,,,how long does it take to charge ring camera battery,2025-11-27 4:13:50,"AI Overview,Thumbnail,People also ask,Sitelinks",150,1800,2100,2021-06-27,"Informational,Branded,Non-local",English
544,is ring camera waterproof,us,0,150,0.2,,are ring cameras waterproof,2025-11-11 5:59:03,"Featured snippet,People also ask",200,1100,1300,2019-10-26,"Informational,Branded,Non-local",English
545,ring cam plane crash,us,,150,,,,,,150,,,2021-03-18,,
546,olivia henderson ring camera,us,,150,,,,,,200,,,2025-11-16,,
547,nest outdoor camera wired,us,0,150,0.45,,nest cam outdoor,2025-11-14 1:32:04,"Top ads,Paid sitelinks,Thumbnail,Sitelinks,People also ask,Top stories,Video preview,Shopping,Bottom ads",200,1600,1600,2018-01-21,"Informational,Commercial,Transactional,Branded,Non-local",English
548,ring camera installation near me,us,5,150,3,,ring doorbell installation,2025-12-18 5:00:17,"Thumbnail,Local teaser pack,People also ask,Sitelinks",250,2700,2900,2019-09-02,"Informational,Transactional,Non-branded,Local",English
549,ring outdoor cam vs outdoor cam plus,us,,150,,,,,,150,,,2025-04-15,,
550,ring stick up cam solar panel,us,0,150,0.4,0.66,ring solar panel,2025-11-28 9:39:47,"Thumbnail,Sitelinks,People also ask,Shopping,Discussions",200,1000,1000,2016-04-29,"Informational,Commercial,Transactional,Branded,Non-local",English
551,nest cam (battery),us,24,150,,,google nest camera,2025-11-23 9:35:43,"Sitelinks,People also ask,Knowledge panel,Discussions,Top stories,Thumbnail",150,4200,4900,2021-08-05,"Informational,Commercial,Branded,Non-local",English
552,is ring camera down,us,6,150,0.6,,is ring down,2025-11-27 12:19:48,"AI Overview,Thumbnail,People also ask,Sitelinks",250,4500,5900,2020-11-25,"Informational,Branded,Non-local",English
553,ring camera won't connect,us,0,150,,,ring doorbell won't connect to wifi,2025-12-09 12:17:28,"AI Overview,Thumbnail,People also ask,Sitelinks",150,1100,1300,2020-03-01,"Informational,Branded,Non-local",English
554,ring floodlight cam plus vs pro,us,0,150,0.5,,ring floodlight pro vs plus,2025-12-15 21:27:33,"AI Overview,Thumbnail,Sitelinks,People also ask,Video preview,Discussions",200,500,700,2021-05-27,"Informational,Commercial,Branded,Non-local",English
555,arlo ring camera,us,14,150,0.45,,arlo doorbell,2025-11-30 20:34:25,"Thumbnail,Sitelinks,People also ask,Shopping,Top stories,Discussions",150,15000,16000,2020-01-31,"Informational,Commercial,Branded,Non-local",English
556,ring outdoor cam (stick up cam),us,,150,,,,,,150,,,2025-03-17,,
557,how to connect to ring camera,us,0,150,0.09,,how to set up ring camera,2025-12-26 3:13:44,"AI Overview,Thumbnail,People also ask,Discussions,Video preview,Sitelinks",200,1800,1800,2020-03-31,"Informational,Branded,Non-local",English
558,ring camera customer service telephone number,us,24,150,,,ring customer service,2025-12-17 19:14:46,"AI Overview,Thumbnail,Sitelinks",150,24000,26000,2021-12-30,"Informational,Branded,Non-local",English
559,ring camera bird feeder,us,2,150,0.35,,ring bird feeder camera,2025-11-19 23:28:50,"Sitelinks,Knowledge panel,Shopping,Thumbnail,People also ask",200,100,100,2021-04-03,"Informational,Commercial,Branded,Non-local",English
560,eagle nest cam california,us,41,150,,,jackie and shadow,2025-11-25 21:51:16,"Sitelinks,Top stories,Thumbnail,People also ask",150,127000,130000,2018-02-18,"Informational,Non-branded,Local",English
561,why does my ring camera say offline,us,1,150,,,how to reconnect ring to wifi,2025-11-24 15:26:18,"AI Overview,Thumbnail,People also ask,Sitelinks",200,6600,8700,2021-03-19,"Informational,Branded,Non-local",English
562,ring camera troubleshooting,us,0,150,0.7,,my ring camera is not working,2025-11-11 17:17:08,"AI Overview,Thumbnail,People also ask,Sitelinks,Discussions,Top stories,Video preview",150,500,700,2017-09-23,"Informational,Branded,Non-local",English
563,how to get ring camera back online,us,0,150,0.15,,ring doorbell offline,2025-12-13 17:22:19,"AI Overview,Thumbnail,Sitelinks,People also ask",200,6300,8400,2020-01-30,"Informational,Branded,Non-local",English
564,ring spotlight cam battery replacement,us,0,150,0.8,,ring spotlight cam battery replacement,2025-12-22 14:23:18,"AI Overview,Thumbnail,Sitelinks,People also ask,Discussions,Shopping,Video preview",150,70,70,2017-12-10,"Informational,Branded,Non-local",English
565,ring wireless floodlight camera,us,3,150,0.35,,ring floodlight camera,2025-12-24 9:29:16,"Thumbnail,Sitelinks,People also ask,Shopping,Top stories,Video preview",200,12000,12000,2018-07-21,"Informational,Commercial,Transactional,Branded,Non-local",English
566,ring camera door mount,us,0,150,0.3,,ring camera door mount,2025-12-16 1:53:18,"Shopping,Thumbnail,People also ask,Video preview,Top stories,Sitelinks",150,200,200,2020-10-16,"Informational,Commercial,Transactional,Branded,Non-local",English
567,ring camera plans cost,us,,150,,,,,,150,,,2023-12-28,,
568,hide ring camera outdoor,us,0,150,0.2,,hidden ring camera,2025-12-26 22:30:33,"AI Overview,Thumbnail,Sitelinks,People also ask,Discussions,Shopping",150,250,250,2020-12-31,"Informational,Commercial,Branded,Non-local",English
569,how to disable a ring camera,us,0,150,0.06,,turn off ring camera,2025-12-20 12:01:08,"AI Overview,Thumbnail,Sitelinks,People also ask,Top stories,Video preview",200,1100,1200,2018-11-27,"Informational,Branded,Non-local",English
570,ring camera range,us,0,150,0.3,,ring camera range,2025-11-22 8:00:21,"AI Overview,Thumbnail,Sitelinks,People also ask,Discussions,Shopping,Video preview",200,200,200,2017-04-25,"Informational,Branded,Non-local",English
571,ring outdoor cam plus 2k,us,,150,,,,,,150,,,2025-02-20,,
572,ring camera light bulb,us,0,150,0.35,,ring light bulb,2025-12-25 1:32:13,"AI Overview,Thumbnail,Sitelinks,People also ask,Shopping,Discussions,Video preview",200,350,400,2018-11-19,"Informational,Commercial,Transactional,Branded,Non-local",English
573,google nest camera solar panel,us,0,150,0.4,,nest camera solar panel,2025-12-03 16:56:55,"Top ads,Paid sitelinks,Thumbnail,Sitelinks,Shopping,People also ask,Discussions,Bottom ads",250,700,700,2021-08-14,"Informational,Commercial,Branded,Non-local",English
574,ring cellular camera,us,8,150,0.35,,ring security camera,2025-12-25 10:34:28,"Sitelinks,People also ask,Video preview,Top stories,Thumbnail,Shopping",150,14000,15000,2018-06-28,"Informational,Branded,Non-local",English
575,ring outdoor camera battery,us,0,150,0.7,,ring cam battery,2025-12-23 8:10:36,"Thumbnail,Sitelinks,People also ask,Shopping,Discussions,Video preview",700,150,150,2018-08-01,"Informational,Commercial,Branded,Non-local",English
576,setting up ring camera,us,0,150,0.15,,how to set up ring camera,2025-12-26 23:17:45,"AI Overview,Thumbnail,People also ask,Top stories,Video preview,Sitelinks",200,1800,1800,2017-05-02,"Informational,Branded,Non-local",English
577,ring camera discount code,us,0,150,2,,ring discount code,2025-12-18 5:27:50,"People also ask,Sitelinks,AI Overview",250,3000,3200,2018-01-24,"Informational,Commercial,Transactional,Branded,Non-local",English
578,ring backyard camera,us,0,150,0.35,,ring wireless camera,2025-11-23 11:11:15,"Sitelinks,Shopping,Thumbnail,People also ask,Discussions,Top stories,Video preview",150,11000,11000,2017-01-24,"Informational,Commercial,Branded,Non-local",English
579,how long does ring camera battery take to charge,us,0,150,,,how long does a ring camera take to charge,2025-12-16 14:48:41,"AI Overview,Thumbnail,People also ask,Sitelinks",200,1700,2100,2020-05-06,"Informational,Branded,Non-local",English
580,ring outdoor camera battery life,us,0,150,0.35,,how long does ring camera battery last,2025-12-21 10:04:03,"AI Overview,Thumbnail,Sitelinks,People also ask",200,900,1000,2019-12-07,"Informational,Branded,Non-local",English
581,big bear bald eagle nest live cam,us,41,150,,,big bear eagles,2025-11-29 13:05:02,"Sitelinks,People also ask,Thumbnail,Top stories,Video preview",150,207000,210000,2020-02-21,"Informational,Non-branded,Local",English
582,ring camera data breach,us,,150,,,,,,150,,,2020-01-12,,
583,ring camera flock,us,,150,,,,,,150,,,2025-10-17,,
584,why is my ring camera not working,us,0,150,,,my ring camera is not working,2025-12-27 13:02:15,"AI Overview,Thumbnail,People also ask,Sitelinks,Video preview",200,300,400,2019-03-28,"Informational,Branded,Non-local",English
585,ring solar outdoor camera,us,0,150,0.6,,ring solar camera,2025-12-01 7:48:26,"Thumbnail,Sitelinks,Shopping,People also ask,Discussions,Video preview",150,2200,2200,2019-08-26,"Informational,Commercial,Branded,Non-local",English
586,big bear valley eagle nest cam,us,24,150,,,eagle cam,2025-12-17 12:53:46,"Sitelinks,Thumbnail,Top stories,Video preview",150,104000,105000,2017-01-26,"Informational,Non-branded,Local",English
587,ring camera for sale,us,8,150,0.6,,ring doorbell deals,2025-11-19 8:24:43,"Thumbnail,Shopping,Sitelinks,Local teaser pack,People also ask",150,1400,1400,2017-04-01,"Commercial,Transactional,Branded,Non-local",English
588,how to connect nest camera to wifi,us,0,150,0.2,0.72,google camera,2025-12-19 21:39:43,"AI Overview,Thumbnail,People also ask,Sitelinks",200,800,900,2016-07-26,"Informational,Branded,Non-local",English
589,ring floodlight cam pro wired reviews,us,,150,,,,,,150,,,2025-05-20,,
590,how to deactivate ring camera,us,0,150,0.07,,how to remove ring doorbell,2025-12-08 18:31:53,"Featured snippet,People also ask,Sitelinks,Discussions",200,3100,3600,2020-05-16,"Informational,Branded,Non-local",English
591,ring doorbell camera system,us,9,150,1,,ring doorbell camera,2025-11-24 15:24:39,"Shopping,Thumbnail,People also ask,Sitelinks,Top stories,Discussions",150,36000,39000,2016-04-23,"Informational,Commercial,Transactional,Branded,Non-local",English
592,google nest cam product info and reviews,us,,150,,,,,,150,,,2025-05-29,,
593,how to turn off ring camera temporarily,us,0,150,,,turn off ring camera,2025-11-23 18:06:57,"AI Overview,Thumbnail,Sitelinks,People also ask",200,1100,1200,2020-01-23,"Informational,Branded,Non-local",English
594,how to mount ring camera,us,0,150,0.09,,how to mount ring camera,2025-12-15 9:18:19,"AI Overview,Thumbnail,Video preview,People also ask,Discussions,Top stories",150,150,150,2019-01-29,"Informational,Branded,Non-local",English
595,change ring camera wifi,us,0,150,0.02,,how to connect ring to new wifi,2025-11-20 9:29:54,"AI Overview,Thumbnail,People also ask,Sitelinks,Video preview",200,3900,5800,2020-02-28,"Informational,Branded,Non-local",English
596,ring vs nest camera,us,1,150,0.2,1.56,ring vs nest security,2025-11-23 12:37:05,"AI Overview,Thumbnail,Sitelinks,People also ask,Discussions,Top stories",200,150,150,2016-10-13,"Informational,Commercial,Branded,Non-local",English
597,how to remove a ring camera,us,0,150,0.1,,how to remove ring doorbell to charge,2025-12-10 6:06:32,"Featured snippet,People also ask,Sitelinks,Video preview,Top stories,Thumbnail",200,900,1300,2020-03-01,"Informational,Branded,Non-local",English
598,roku ring camera,us,4,150,0.2,,roku ring camera,2025-12-25 1:49:19,"Sitelinks,People also ask,Discussions",150,150,150,2022-11-13,"Informational,Commercial,Branded,Non-local",English
599,is ring camera free,us,21,150,0.8,,does ring require a subscription,2025-11-23 1:40:02,"Featured snippet,People also ask,Sitelinks",150,450,500,2020-01-09,"Informational,Branded,Non-local",English
600,how to reset ring spotlight camera,us,0,150,0.03,,how to reset ring spotlight camera,2025-12-17 16:44:50,"AI Overview,Thumbnail,People also ask,Video preview",200,40,40,2019-04-22,"Informational,Branded,Non-local",English
601,installing a ring camera,us,1,150,2,,ring doorbell installation,2025-12-21 7:59:32,"AI Overview,Thumbnail,Video preview,People also ask,Top stories,Sitelinks",200,9200,12000,2018-12-07,"Informational,Branded,Non-local",English
602,how to pause ring camera,us,0,100,,,turn off ring camera,2025-12-04 15:24:55,"AI Overview,Thumbnail,Sitelinks,People also ask",100,1100,1200,2020-06-29,"Informational,Branded,Non-local",English
603,why is my ring camera not charging,us,0,100,,,ring doorbell not charging,2025-11-27 6:53:17,"AI Overview,Thumbnail,Sitelinks,People also ask",100,800,1500,2020-12-29,"Informational,Branded,Non-local",English
604,why did my ring camera go offline,us,0,100,,,ring doorbell offline,2025-12-20 5:56:24,"AI Overview,Thumbnail,People also ask,Sitelinks",150,6400,8800,2020-08-10,"Informational,Branded,Non-local",English
605,door bell ring camera,us,10,100,1,,ring video doorbell,2025-12-26 21:19:33,"Thumbnail,Sitelinks,People also ask,Video preview,Shopping,Top stories,Discussions",150,13000,28000,2017-10-25,"Informational,Commercial,Branded,Non-local",English
606,nest floodlight cam,us,2,100,0.6,0.82,nest floodlight camera,2025-12-17 12:45:14,"Sitelinks,Discussions,Knowledge panel,People also ask,Top stories,Thumbnail",100,2700,2900,2017-09-17,"Informational,Commercial,Branded,Non-local",English
607,nest outdoor camera 2 pack,us,1,100,0.45,1.33,g3al9,2025-11-23 13:27:38,"Thumbnail,Sitelinks,Shopping,People also ask,Discussions",100,450,450,2016-10-27,"Informational,Commercial,Transactional,Branded,Non-local",English
608,ring motion camera,us,12,100,0.5,0.71,ring floodlight,2025-11-16 4:08:56,"Top ads,Shopping,Thumbnail,People also ask,Sitelinks,Discussions,Video preview",150,15000,15000,2017-04-07,"Informational,Commercial,Branded,Non-local",English
609,how do i reconnect my ring camera to wifi,us,,100,,,,,,150,,,2020-08-10,,
610,ring camera night vision,us,2,100,0.4,,ring camera night vision,2025-11-29 5:42:05,"People also ask,Sitelinks,Video preview,Discussions,Top stories,Thumbnail",100,400,450,2016-08-16,"Informational,Branded,Non-local",English
611,ring stick up cam night vision,us,1,100,0.25,,ring stick up cam,2025-12-24 7:01:52,"AI Overview,Thumbnail,People also ask,Sitelinks,Video preview",100,4600,4600,2016-11-07,"Informational,Commercial,Transactional,Branded,Non-local",English
612,nest cam outdoor security camera,us,15,100,0.45,0.98,nest outdoor camera,2025-12-23 19:15:02,"AI Overview,Thumbnail,Shopping,People also ask,Sitelinks,Discussions,Top stories",150,6100,6100,2016-07-23,"Informational,Commercial,Branded,Non-local",English
613,solar panel for google nest cam,us,0,100,0.7,,google camera solar panel,2025-11-01 0:45:14,"Top ads,Paid sitelinks,Thumbnail,Sitelinks,Shopping,People also ask,Discussions,Bottom ads",150,600,600,2021-09-19,"Informational,Commercial,Transactional,Branded,Non-local",English
614,ring cctv camera,us,26,100,0.7,,ring camera,2025-11-18 6:27:40,"Thumbnail,Sitelinks,People also ask,Shopping,Discussions,Top stories",1000,211000,216000,2020-01-12,"Informational,Commercial,Transactional,Branded,Non-local",English
615,ring camera cyber monday,us,0,100,0.7,,ring camera black friday,2025-11-26 3:48:33,"Thumbnail,Discussions,Sitelinks,Shopping,People also ask",150,2400,2800,2017-11-27,"Informational,Commercial,Transactional,Branded,Non-local",English
616,doordash ring camera footage,us,,100,,,,,,100,,,2025-10-20,,
617,nest outdoor cam,us,10,100,0.45,1.07,nest outdoor camera,2025-12-23 6:51:32,"Sitelinks,People also ask,Top stories,Thumbnail,Knowledge panel,Shopping,Video preview",200,6100,6100,2016-07-23,"Informational,Commercial,Branded,Non-local",English
618,nest poe camera,us,0,100,0.6,,nest camera,2025-11-23 14:31:23,"Thumbnail,Sitelinks,People also ask,Shopping",150,49000,57000,2017-02-10,"Informational,Commercial,Transactional,Branded,Non-local",English
619,light ring camera,us,1,100,0.5,,ring floodlight,2025-11-26 16:07:29,"Top ads,Paid sitelinks,Shopping,Thumbnail,People also ask,Discussions,Sitelinks,Video preview",200,15000,15000,2016-12-21,"Informational,Commercial,Branded,Non-local",English
620,how to hide ring camera,us,0,100,0.25,,how to hide ring camera,2025-12-20 2:20:30,"AI Overview,Thumbnail,People also ask,Sitelinks,Discussions",150,200,200,2019-03-25,"Informational,Commercial,Branded,Non-local",English
621,ring camera says offline,us,0,100,,,ring camera offline,2025-12-23 1:12:05,"AI Overview,Thumbnail,People also ask,Sitelinks",100,6400,8900,2020-06-01,"Informational,Branded,Non-local",English
622,ring camera poe,us,7,100,0.5,,ring poe camera,2025-11-16 22:28:43,"People also ask,Sitelinks,Knowledge panel,Video preview,Shopping,Thumbnail,Discussions,Bottom ads,Paid sitelinks",150,700,700,2017-12-25,"Informational,Commercial,Branded,Non-local",English
623,black onyx ring camera,us,,100,,,,,,100,,,2025-06-07,,
624,why does my ring camera blue light go on and off,us,0,100,,,blue light on ring camera,2025-12-08 14:22:14,"AI Overview,Thumbnail,People also ask,Sitelinks",100,350,350,2020-05-04,"Informational,Branded,Non-local",English
625,eufy camera vs ring,us,0,100,0.7,,eufy vs ring,2025-12-23 7:26:19,"AI Overview,Thumbnail,Sitelinks,People also ask,Discussions,Top stories",150,800,1400,2020-02-27,"Informational,Commercial,Branded,Non-local",English
626,ring floodlight cam pro vs plus,us,0,100,0.01,,ring floodlight pro vs plus,2025-11-29 14:32:19,"AI Overview,Thumbnail,People also ask,Video preview",150,600,700,2021-06-02,"Informational,Commercial,Branded,Non-local",English
627,how long does it take a ring camera to charge,us,0,100,,,how long does the ring battery take to charge,2025-12-11 22:28:20,"AI Overview,Thumbnail,Sitelinks,People also ask,Video preview",100,1700,2200,2018-04-29,"Informational,Branded,Non-local",English
628,ring camera storage,us,5,100,0.07,,how long does ring save videos,2025-11-18 23:08:22,"Sitelinks,People also ask",150,1500,1900,2016-08-19,"Informational,Branded,Non-local",English
629,ring camera doorbell wireless,us,10,100,0.6,,ring doorbell,2025-12-19 15:11:33,"Video preview,Shopping,Thumbnail,People also ask,Sitelinks,Discussions,Top stories",150,137000,144000,2020-12-07,"Informational,Commercial,Transactional,Branded,Non-local",English
630,ring camera update,us,,100,,,,,,150,,,2020-02-13,"Informational,Branded,Non-local",English
631,ring outdoor camera solar,us,0,100,0.45,,ring solar camera,2025-12-13 4:37:27,"Thumbnail,Shopping,People also ask,Sitelinks,Top stories,Video preview",150,2500,2600,2017-09-13,"Informational,Commercial,Transactional,Branded,Non-local",English
632,jax taylor ring camera footage video,us,,100,,,,,,100,,,2025-05-27,,
633,ring camera continuous recording,us,0,100,0.7,,do ring cameras record 24/7,2025-12-27 16:29:37,"Sitelinks,People also ask,AI Overview,Video preview",150,2800,3600,2017-07-03,"Informational,Branded,Non-local",English
634,ring camera facial recognition,us,1,100,,,ring facial recognition,2025-12-03 9:33:51,"AI Overview,Thumbnail,Video preview,People also ask,Top stories,Discussions",100,100,100,2019-06-24,"Informational,Branded,Non-local",English
635,big bear bald eagle live nest - cam 1,us,20,100,0.15,,big bear eagle cam,2025-12-22 17:17:56,"Sitelinks,Thumbnail,Top stories,Video preview",150,210000,212000,2023-02-10,"Informational,Non-branded,Local",English
636,how do i reset my ring camera,us,0,100,0.6,,how to reset ring doorbell,2025-12-27 13:38:02,"AI Overview,Thumbnail,People also ask,Video preview,Sitelinks",100,8000,8200,2019-01-30,"Informational,Branded,Non-local",English
637,outdoor use ring camera system,us,6,100,0.9,,ring outdoor camera,2025-11-23 7:31:32,"Thumbnail,People also ask,Sitelinks,Discussions,Shopping,Top stories,Bottom ads,Paid sitelinks",100,5600,5700,2022-05-07,"Informational,Commercial,Branded,Non-local",English
638,big bear bald eagle nest cam 1,us,36,100,,,jackie and shadow,2025-12-08 22:09:02,"Thumbnail,Top stories,Video preview,Sitelinks",100,154000,156000,2023-08-26,"Informational,Non-branded,Local",English
639,how to reset ring camera to factory settings,us,0,100,,,how to reset ring doorbell,2025-11-26 23:17:22,"People also ask,Video preview",100,7100,7300,2021-02-08,"Informational,Branded,Non-local",English
640,ring cam solar outdoor,us,0,100,,,ring solar camera,2025-12-25 0:24:05,"Thumbnail,Sitelinks,Shopping,Top stories,Video preview,Discussions",100,2300,2300,2020-02-01,"Informational,Commercial,Branded,Non-local",English
641,does the ring camera record all the time,us,1,100,0.06,,do ring cameras record 24/7,2025-12-27 8:24:33,"AI Overview,Thumbnail,Sitelinks,People also ask,Video preview",100,2800,3600,2020-08-28,"Informational,Branded,Non-local",English
642,camera light ring,us,5,100,0.35,0.82,ring light,2025-12-19 15:15:48,"Shopping,Thumbnail,Sitelinks,People also ask,Top stories,Video preview,Discussions",200,9300,13000,2015-11-11,"Informational,Commercial,Non-branded,Non-local",English
643,how to connect ring camera to phone,us,0,100,0.4,,how to set up ring camera,2025-12-19 17:58:03,"AI Overview,Thumbnail,People also ask,Sitelinks,Discussions,Video preview",100,1700,1800,2020-08-27,"Informational,Branded,Non-local",English
644,how to turn a ring camera off,us,0,100,,,how to turn off ring camera,2025-12-03 12:35:12,"AI Overview,Thumbnail,Sitelinks,People also ask",150,1300,1300,2020-02-14,"Informational,Branded,Non-local",English
645,does cam heyward have a super bowl ring,us,1,100,,,cameron heyward,2025-12-25 6:59:40,"AI Overview,Thumbnail,People also ask",100,7900,8200,2021-11-01,"Informational,Branded,Non-local",English
646,does a ring camera record all the time,us,0,100,3,,do ring cameras record 24/7,2025-12-25 23:50:25,"AI Overview,Thumbnail,People also ask,Sitelinks",150,2700,3500,2021-04-24,"Informational,Branded,Non-local",English
647,ring camera lawsuit,us,9,100,,,ring lawsuit,2025-12-12 7:23:18,"AI Overview,Thumbnail,People also ask,Discussions",100,600,600,2020-01-13,"Informational,Branded,Non-local",English
648,how long does ring camera take to charge,us,0,100,,,how long does it take to charge ring camera battery,2025-11-15 21:12:47,"AI Overview,Thumbnail,People also ask,Sitelinks",150,1900,2200,2020-05-01,"Informational,Branded,Non-local",English
649,how far back does ring camera footage go,us,0,100,,,how long does ring save videos,2025-11-06 22:06:34,"AI Overview,Thumbnail,People also ask,Sitelinks,Video preview",150,1600,1900,2023-08-10,"Informational,Branded,Non-local",English
650,jax taylor video ring camera,us,,100,,,,,,100,,,2025-05-27,,
651,ring stick up cam review,us,5,100,0.25,1.11,ring stick up cam battery life,2025-12-22 9:43:17,"Thumbnail,AI Overview,Knowledge panel,Sitelinks,People also ask,Discussions,Video preview",250,250,250,2016-01-28,"Informational,Commercial,Branded,Non-local",English
652,can a ring camera work without wifi,us,0,100,0.6,,does a ring camera need wifi,2025-11-16 10:00:33,"AI Overview,Thumbnail,Sitelinks,People also ask,Discussions",150,1100,1100,2020-07-12,"Informational,Branded,Non-local",English
653,nest cam review,us,6,100,0.35,0.92,nest outdoor camera review,2025-11-24 9:01:54,"Sitelinks,AI Overview,People also ask,Top stories,Thumbnail,Discussions",200,600,700,2015-09-02,"Informational,Commercial,Branded,Non-local",English
654,black friday nest camera deals,us,0,100,,,nest camera black friday,2025-11-19 10:03:26,"Thumbnail,People also ask,Sitelinks,Shopping",150,250,250,2015-11-23,"Informational,Commercial,Transactional,Branded,Non-local",English
655,ring house camera,us,11,100,0.8,,ring camera,2025-12-03 10:37:06,"Sitelinks,Shopping,Thumbnail,People also ask,Top stories,Video preview,Discussions",150,180000,185000,2018-04-12,"Informational,Commercial,Transactional,Branded,Non-local",English
656,ring video stick up camera solar,us,0,100,,,ring solar panel,2025-11-15 17:16:53,"Sitelinks,Shopping,Thumbnail,Discussions,People also ask,Video preview",100,1300,1300,2020-01-23,"Informational,Commercial,Transactional,Branded,Non-local",English
657,what does a blue light on a ring camera mean,us,0,100,,,ring camera blue light,2025-12-22 3:18:01,"AI Overview,Thumbnail,People also ask,Sitelinks",100,700,800,2020-11-15,"Informational,Branded,Non-local",English
658,2 gators ring camera,us,,100,,,,,,100,,,2025-06-25,,
659,ring car cam amazon,us,,100,0.5,,,,,100,,,2020-12-06,"Informational,Commercial,Transactional,Branded,Non-local",English
660,ring spotlight cam pro solar,us,1,100,0.9,,ring spotlight cam pro,2025-12-11 16:46:55,"Thumbnail,Shopping,Sitelinks,People also ask,Discussions",150,1000,1000,2022-09-29,"Informational,Commercial,Branded,Non-local",English
661,google nest camera indoor,us,16,100,0.4,,nest cam indoor,2025-10-27 3:49:05,"Shopping,Thumbnail,People also ask,Top stories,Video preview,Sitelinks",450,1700,1700,2018-10-28,"Informational,Commercial,Branded,Non-local",English
662,how long to charge ring camera,us,0,100,,,how long does it take to charge ring camera battery,2025-11-24 17:49:12,"AI Overview,Thumbnail,People also ask,Sitelinks",150,1900,2200,2019-11-09,"Informational,Branded,Non-local",English
663,ring always home cam price,us,34,100,0.25,,ring always home cam price,2025-11-26 0:22:56,"Thumbnail,People also ask,Sitelinks,Discussions,Video preview",150,250,250,2020-09-24,"Informational,Commercial,Branded,Non-local",English
664,outdoor ring cam,us,0,100,0.7,,ring stick up cam,2025-11-26 17:32:02,"Shopping,Thumbnail,Sitelinks,Top stories,Video preview,People also ask,Discussions",100,7100,7200,2020-01-11,"Informational,Commercial,Branded,Non-local",English
665,flood light ring camera,us,4,100,0.6,,ring floodlight cam,2025-12-21 9:02:18,"Shopping,Thumbnail,People also ask,Top stories,Video preview,Discussions",100,12000,12000,2017-06-16,"Informational,Commercial,Branded,Non-local",English
666,ring camera jax taylor,us,,100,,,,,,150,,,2025-05-26,,
667,ring camera offline fix,us,0,100,,,ring camera offline,2025-12-26 1:37:35,"AI Overview,Thumbnail,Sitelinks,People also ask",100,6400,8900,2023-04-11,"Informational,Branded,Non-local",English
668,nest camera mount,us,0,100,0.4,,google nest camera mount,2025-12-14 7:55:15,"Shopping,Thumbnail,Discussions,Sitelinks",150,70,70,2016-06-30,"Informational,Commercial,Transactional,Branded,Non-local",English
669,how to reactivate ring camera,us,0,100,0.6,,how to reactivate ring camera,2025-12-18 3:47:32,"AI Overview,Thumbnail,Sitelinks,People also ask",150,60,60,2022-11-22,"Informational,Branded,Non-local",English
670,ring mini camera,us,22,100,0.35,,small ring camera,2025-12-22 0:07:30,"Sitelinks,Thumbnail,People also ask,Top stories,Video preview,Shopping",100,400,450,2018-10-22,"Informational,Commercial,Branded,Non-local",English
671,reset ring spotlight cam,us,0,100,0.1,,how to reset ring spotlight camera,2025-11-23 23:34:51,"People also ask,Sitelinks,Video preview,Thumbnail",150,50,50,2017-12-18,"Informational,Branded,Non-local",English
672,can i use ring camera without subscription,us,0,100,0.35,,do you need a subscription for ring,2025-11-25 15:57:00,"AI Overview,Thumbnail,Sitelinks,People also ask,Top stories,Video preview",150,1800,2100,2019-03-09,"Informational,Branded,Non-local",English
673,cyber monday nest camera deals,us,0,100,,,nest camera black friday,2025-11-28 12:05:04,"Shopping,Thumbnail,Sitelinks,People also ask",150,250,250,2018-11-26,"Informational,Commercial,Transactional,Branded,Non-local",English
674,ring camera is offline,us,0,100,0.03,,ring doorbell offline,2025-12-20 8:01:20,"AI Overview,Thumbnail,People also ask,Sitelinks",150,6400,8800,2020-06-21,"Informational,Branded,Non-local",English
675,finger ring camera,us,0,100,0.35,,finger ring camera,2025-12-11 21:00:56,"People also ask,Thumbnail,Discussions,Sitelinks",250,50,60,2018-11-25,"Informational,Commercial,Non-branded,Non-local",English
676,ring stick up cam solar outdoor,us,0,100,,,ring solar panel,2025-11-25 0:34:43,"Thumbnail,Discussions,Shopping,Sitelinks,People also ask,Video preview",100,1200,1200,2020-02-29,"Informational,Commercial,Transactional,Branded,Non-local",English
677,how long does ring stick up cam battery last,us,0,100,0.3,,ring stick up cam battery life,2025-11-28 1:38:18,"AI Overview,Thumbnail,Sitelinks,People also ask",150,900,1000,2017-10-06,"Informational,Branded,Non-local",English
678,why is ring camera offline,us,0,100,,,ring doorbell offline,2025-12-17 20:24:36,"AI Overview,Thumbnail,People also ask,Sitelinks",150,6300,8700,2020-09-07,"Informational,Branded,Non-local",English
679,is the ring camera waterproof,us,0,100,0.4,,are ring cameras waterproof,2025-12-17 18:03:40,"AI Overview,Thumbnail,People also ask,Sitelinks,Video preview",150,1200,1500,2019-01-01,"Informational,Branded,Non-local",English
680,reboot ring camera,us,0,100,0.2,,ring camera not working,2025-12-22 7:26:46,"AI Overview,Thumbnail,Sitelinks,People also ask,Video preview",150,1300,1800,2017-10-06,"Informational,Branded,Non-local",English
681,how far can a ring camera detect motion,us,0,100,,,how far can a ring camera detect motion,2025-12-25 1:05:51,"Featured snippet,People also ask,Sitelinks,Video preview",100,20,20,2020-08-19,"Informational,Branded,Non-local",English
682,ring wifi camera,us,17,100,0.6,0.78,ring outdoor camera,2025-11-15 15:49:27,"Sitelinks,People also ask,Video preview,Discussions,Top stories,Thumbnail",150,24000,25000,2015-11-07,"Informational,Commercial,Transactional,Branded,Non-local",English
683,wyze ring camera,us,1,100,0.35,,wyze doorbell,2025-11-26 8:53:17,"Sitelinks,People also ask,Thumbnail,Top stories,Video preview,Shopping",100,6300,6600,2021-12-09,"Informational,Commercial,Branded,Non-local",English
684,how to restart nest camera,us,0,100,,,how to reset nest doorbell,2025-11-25 4:31:49,"AI Overview,Thumbnail,People also ask,Sitelinks",100,5600,5700,2017-12-02,"Informational,Branded,Non-local",English
685,nest home camera,us,22,100,0.5,0.88,nest camera,2025-12-23 18:05:10,"Thumbnail,People also ask,Video preview,Shopping,Discussions,Top stories,Sitelinks",150,35000,42000,2015-09-16,"Informational,Commercial,Branded,Non-local",English
686,how long does a ring camera last,us,0,100,,,how long does a ring doorbell last,2025-12-26 9:34:49,"AI Overview,Thumbnail,Sitelinks,People also ask",150,400,500,2020-11-07,"Informational,Branded,Non-local",English
687,alternatives to ring camera,us,7,100,0.4,,ring camera alternatives,2025-11-22 22:45:01,"AI Overview,Thumbnail,Sitelinks,People also ask,Top stories,Shopping",100,350,400,2019-06-23,"Informational,Commercial,Branded,Non-local",English
688,google nest outdoor cam,us,9,100,0.6,,nest camera outdoor,2025-11-25 4:32:33,"Sitelinks,People also ask,Knowledge panel,Discussions,Top stories,Thumbnail,Video preview",150,4300,4400,2018-11-01,"Informational,Commercial,Branded,Non-local",English
689,google nest camera battery life,us,16,100,0.7,,nest cam battery life,2025-11-13 23:25:42,"AI Overview,Thumbnail,Sitelinks,People also ask,Video preview,Shopping,Shopping Ads,Knowledge panel",100,300,300,2021-08-05,"Informational,Branded,Non-local",English
690,ring security cam solar outdoor,us,0,100,,,ring solar camera,2025-11-27 18:14:15,"Thumbnail,Sitelinks,Shopping,Discussions,Top stories,People also ask,Video preview",100,2200,2200,2020-02-01,"Informational,Commercial,Transactional,Branded,Non-local",English
691,ring spotlight cam wired installation,us,0,100,0.5,0.65,ring spotlight cam wired installation,2025-12-14 10:12:21,"People also ask,AI Overview,Discussions,Video preview",100,40,60,2017-11-16,"Informational,Branded,Non-local",English
692,does the ring camera need wifi,us,0,100,0.8,,do ring cameras need wifi,2025-12-16 17:00:44,"AI Overview,Thumbnail,Sitelinks,People also ask,Top stories",100,900,1000,2019-12-11,"Informational,Branded,Non-local",English
693,google nest camera mount,us,0,100,0.6,,google camera mount,2025-12-26 14:17:03,"Sitelinks,Shopping,Thumbnail,Discussions",150,60,60,2020-04-16,"Informational,Commercial,Branded,Non-local",English
694,ring light for camera,us,7,100,0.35,0.72,ring light,2025-11-27 23:33:14,"Sitelinks,Thumbnail,Shopping,People also ask,Discussions",350,25000,28000,2015-10-20,"Informational,Commercial,Transactional,Non-branded,Non-local",English
695,ring outdoor stick up security camera solar,us,0,100,,,ring solar panel,2025-11-08 2:13:18,"Thumbnail,Sitelinks,People also ask,Video preview",100,1200,1200,2020-02-22,"Informational,Commercial,Branded,Non-local",English
696,how to install ring stick up cam,us,0,100,0.3,,ring stick up cam installation,2025-11-23 6:23:41,"People also ask,Thumbnail,Discussions",100,50,70,2016-10-02,"Informational,Branded,Non-local",English
697,doorbell camera ring,us,2,100,1.1,0.8,ring doorbell camera,2025-12-04 23:05:17,"Thumbnail,Sitelinks,Shopping,People also ask,Top stories,Discussions,Video preview",150,11000,15000,2016-01-24,"Informational,Commercial,Branded,Non-local",English
698,ring solar powered camera,us,0,100,0.7,,ring solar camera,2025-12-16 4:07:10,"Top ads,Paid sitelinks,Thumbnail,Sitelinks,Shopping,People also ask,Top stories,Discussions,Video preview,Bottom ads",100,2500,2500,2017-05-27,"Informational,Commercial,Transactional,Branded,Non-local",English
699,ring camera pro,us,3,100,0.45,,ring spotlight cam,2025-10-24 4:13:51,"Top ads,Paid sitelinks,Knowledge panel,Sitelinks,People also ask,Video preview,Discussions,Bottom ads,Knowledge card",250,2100,2200,2017-01-03,"Informational,Commercial,Branded,Non-local",English
700,blue light ring camera,us,0,100,4,,ring camera blue light,2025-12-08 8:34:24,"Sitelinks,People also ask",150,700,700,2020-02-12,"Informational,Branded,Non-local",English
701,how far does a ring camera reach,us,0,100,,,ring camera range,2025-12-14 11:46:20,"AI Overview,Thumbnail,People also ask,Sitelinks",100,200,200,2022-01-31,"Informational,Branded,Non-local",English
702,ring camera features,us,33,100,0.25,,ring camera,2025-12-23 2:46:34,"Sitelinks,People also ask,Discussions,Top stories,Thumbnail,Video preview",100,238000,242000,2019-08-18,"Informational,Branded,Non-local",English
703,blue light on ring indoor camera,us,0,100,,,ring camera light meaning,2025-10-24 9:19:12,"AI Overview,Thumbnail,People also ask,Sitelinks,Video preview",100,900,900,2019-12-26,"Informational,Branded,Non-local",English
704,ring camera homekit,us,0,100,0.6,0.66,does ring work with apple homekit,2025-12-18 19:57:30,"AI Overview,Thumbnail,Sitelinks,People also ask",150,900,1100,2017-03-06,"Informational,Branded,Non-local",English
705,ring doorbell camera for apartment,us,0,100,0.6,,ring doorbell for apartments,2025-12-20 22:16:33,"Sitelinks,People also ask,Video preview,Thumbnail,Top stories,Shopping",100,1800,1900,2020-01-15,"Informational,Commercial,Transactional,Branded,Non-local",English
706,transfer ring camera to new owner,us,0,100,,,how to transfer ring doorbell to new owner,2025-12-13 21:09:50,"AI Overview,Thumbnail,Sitelinks,People also ask,Discussions",150,700,700,2019-07-28,"Informational,Branded,Non-local",English
707,ring stick up cam battery (indoor/outdoor),us,,100,,,,,,100,,,2025-06-25,,
708,ring drone cam,us,19,100,0.1,,ring drone,2025-12-25 11:49:21,"AI Overview,Thumbnail,Sitelinks,People also ask,Discussions,Top stories,Video preview",150,1600,1900,2020-09-24,"Informational,Commercial,Branded,Non-local",English
709,solar panel for ring stick up cam,us,0,100,0.7,,ring solar panel,2025-12-18 3:00:45,"Shopping,Thumbnail,Sitelinks,People also ask,Discussions",150,1100,1100,2017-11-17,"Informational,Commercial,Transactional,Branded,Non-local",English
710,ring floodlight cam review,us,3,100,0.35,0.97,ring floodlight cam review,2025-12-04 6:50:33,"AI Overview,Thumbnail,Sitelinks,Discussions,Top stories,Knowledge panel",150,150,150,2017-02-21,"Informational,Commercial,Branded,Non-local",English
711,ring camera bulb,us,0,100,0.35,,ring light bulb,2025-12-20 21:24:36,"Shopping,Thumbnail,People also ask,Sitelinks",100,400,450,2020-10-25,"Informational,Commercial,Non-branded,Non-local",English
712,ring camera flashing blue light,us,0,100,,,ring camera flashing blue,2025-11-30 23:23:03,"AI Overview,Thumbnail,Sitelinks,People also ask",200,600,600,2020-03-27,"Informational,Branded,Non-local",English
713,ring camera monthly fee,us,0,100,0.15,,ring plans,2025-11-29 20:29:16,"AI Overview,Thumbnail,Sitelinks,People also ask",100,85000,90000,2018-03-01,"Informational,Branded,Non-local",English
714,how to take off ring camera,us,0,100,,,how to turn off ring camera,2025-11-28 10:05:37,"Featured snippet,Thumbnail,People also ask,Discussions,Sitelinks,Video preview,Top stories",150,2900,3400,2020-12-11,"Informational,Branded,Non-local",English
715,outdoor ring security cam solar,us,0,100,,,ring solar camera,2025-11-09 5:13:56,"Top ads,Thumbnail,Sitelinks,Shopping,Discussions,People also ask",100,3100,3100,2020-02-01,"Informational,Commercial,Branded,Non-local",English
716,how to reconnect ring camera,us,0,100,,,ring outage,2025-12-09 23:26:18,"AI Overview,Thumbnail,Sitelinks,People also ask",150,5900,7800,2020-06-12,"Informational,Branded,Non-local",English
717,ring camera options,us,20,100,0.45,,ring camera,2025-11-09 7:38:51,"Top ads,Paid sitelinks,Sitelinks,People also ask,AI Overview,Thumbnail,Discussions,Top stories,Shopping,Video preview,Shopping Ads",100,236000,240000,2018-03-28,"Informational,Commercial,Branded,Non-local",English
718,ring floodlight camera review,us,4,100,0.35,0.95,ring floodlight cam review,2025-11-27 13:26:54,"AI Overview,Thumbnail,Top ads,Paid sitelinks,Knowledge panel,Sitelinks,People also ask,Discussions,Top stories,Bottom ads",150,70,70,2017-04-01,"Informational,Commercial,Branded,Non-local",English
719,big bear bald eagle live nest - cam 1 - youtube,us,,100,,,,,,100,,,2023-02-25,,
720,big bear bald eagle live nest - cam 2,us,23,100,,,bald eagle cam 2,2025-12-25 5:46:09,"Thumbnail,Top stories,Sitelinks",100,86000,88000,2023-02-06,"Informational,Non-branded,Local",English
721,nest spotlight camera,us,5,100,0.5,,nest floodlight camera,2025-12-21 5:46:19,"Sitelinks,People also ask,Knowledge panel,Video preview",100,2600,2800,2017-07-26,"Informational,Commercial,Branded,Non-local",English
722,ring bulb camera,us,0,100,0.25,,ring light bulb camera,2025-11-11 11:57:56,"Top ads,Sitelinks,Thumbnail,People also ask,Discussions,Bottom ads,Paid sitelinks",100,150,150,2017-10-21,"Informational,Commercial,Branded,Non-local",English
723,nest camera battery life,us,18,100,0.8,,nest cam battery life,2025-11-25 7:29:03,"AI Overview,Thumbnail,Sitelinks,People also ask,Knowledge panel,Video preview",100,300,300,2016-03-16,"Informational,Branded,Non-local",English
724,ring camera security breach,us,,100,,,,,,100,,,2019-10-15,,
725,how to get ring camera off mount,us,,100,0.3,,,,,150,,,2022-01-27,,
726,what does blue light mean on ring camera,us,0,100,0.01,,ring camera flashing blue,2025-11-29 1:10:36,"AI Overview,Thumbnail,People also ask,Sitelinks",150,600,600,2020-04-12,"Informational,Branded,Non-local",English
727,ring camera mounting bracket,us,0,100,0.4,,ring camera wall mount,2025-12-09 5:47:30,"Thumbnail,Shopping,Sitelinks,People also ask,Video preview",150,10,10,2017-06-17,"Informational,Commercial,Transactional,Branded,Non-local",English
728,bill belichick ring camera video,us,3,100,,,bill belichick ring camera video,2025-11-30 1:47:35,"Video preview,Thumbnail",100,700,700,2023-11-09,"Informational,Branded,Non-local",English
729,aaja red ring camera,us,,100,,,,,,100,,,2024-12-27,,
730,ring spotlight cam pro wired,us,0,100,0.6,,ring spotlight cam pro,2025-12-15 18:00:34,"Thumbnail,Sitelinks,Knowledge panel,People also ask,Discussions,Top stories,Video preview",350,1100,1100,2022-09-29,"Informational,Commercial,Branded,Non-local",English
731,ring spy camera,us,0,100,0.3,,ring indoor camera,2025-11-15 8:18:10,"Thumbnail,Shopping,People also ask,Sitelinks,Discussions,Top stories",200,10000,10000,2018-03-11,"Informational,Commercial,Transactional,Non-branded,Non-local",English
732,how to disable ring camera without app,us,0,100,,,how to turn off ring doorbell without app,2025-12-27 9:29:18,"AI Overview,Thumbnail,People also ask,Sitelinks",100,300,300,2020-01-23,"Informational,Branded,Non-local",English
733,ring outdoor cam solar,us,0,100,0.7,,ring solar camera,2025-12-17 9:40:18,"Thumbnail,Sitelinks,Shopping,Discussions,Top stories,Video preview",100,2500,2500,2020-02-05,"Informational,Commercial,Transactional,Branded,Non-local",English
734,nest cam solar panel,us,0,100,0.6,,google nest solar panel,2025-10-24 20:03:11,"Sitelinks,Discussions,Knowledge panel,Video preview",150,900,900,2018-04-07,"Informational,Commercial,Branded,Non-local",English
735,ring camera blinking white,us,0,100,,,ring doorbell blinking blue,2025-10-29 17:54:19,"AI Overview,Thumbnail,People also ask,Sitelinks,Video preview",100,3100,5300,2020-06-20,"Informational,Branded,Non-local",English
736,ring solar camera outdoor,us,0,100,0.7,,ring solar camera,2025-11-14 17:08:23,"Thumbnail,Sitelinks,Shopping,People also ask,Discussions,Top stories,Video preview",100,1800,1800,2020-11-01,"Informational,Commercial,Branded,Non-local",English
737,how to restart ring camera,us,0,100,0.35,,ring camera not working,2025-12-25 5:59:33,"AI Overview,Thumbnail,Sitelinks,People also ask,Video preview",150,1300,1800,2018-02-21,"Informational,Branded,Non-local",English
738,ring camera stopped working,us,0,100,0.5,,ring camera stopped working,2025-12-19 22:02:52,"AI Overview,Thumbnail,Sitelinks,People also ask,Video preview",150,40,40,2018-11-27,"Informational,Branded,Non-local",English
739,nest camera setup,us,2,100,0.7,0.75,google camera,2025-12-27 5:54:57,"AI Overview,Thumbnail,People also ask,Discussions,Top stories",150,700,800,2015-11-02,"Informational,Branded,Non-local",English
740,how to tell if a ring camera is on,us,0,100,,,how to tell if a ring camera is on,2025-12-13 14:48:15,"AI Overview,Thumbnail,Sitelinks,People also ask,Video preview",100,150,150,2020-01-10,"Informational,Branded,Non-local",English
741,ring car cam review,us,19,100,0.07,,ring car cam,2025-12-23 11:33:03,"AI Overview,Thumbnail,People also ask,Sitelinks,Top stories,Video preview",100,1100,1200,2023-01-05,"Informational,Commercial,Branded,Non-local",English
742,why won't my ring camera connect to wifi,us,0,100,0.09,,ring doorbell won't connect to wifi,2025-12-26 3:10:09,"AI Overview,Thumbnail,People also ask,Sitelinks",100,1100,1400,2021-05-05,"Informational,Branded,Non-local",English
743,how to connect wifi to ring camera,us,0,100,,,ring camera offline,2025-12-26 18:31:33,"AI Overview,Thumbnail,People also ask,Sitelinks,Discussions,Video preview",150,6400,9000,2020-06-03,"Informational,Branded,Non-local",English
744,ring outdoor cam plus battery life,us,,100,,,,,,100,,,2025-03-29,,
745,camera doorbell ring,us,6,100,0.6,,ring doorbell camera,2025-11-21 1:45:07,"Shopping,Thumbnail,Sitelinks,Video preview,People also ask,Discussions",150,38000,58000,2015-10-17,"Informational,Commercial,Branded,Non-local",English
746,ring outdoor cam plus battery,us,,100,,,,,,150,,,2025-04-27,,
747,ring camera number,us,26,100,,,ring customer service,2025-12-23 22:37:33,Sitelinks,100,26000,29000,2020-05-03,"Informational,Branded,Non-local",English
748,ring camera meme,us,0,100,,,ring doorbell meme,2025-12-22 20:44:26,"People also ask,Video preview,Thumbnail,Top stories,Sitelinks",150,60,70,2020-01-23,"Informational,Branded,Non-local",English
749,google nest cam review,us,20,100,0.4,,nest outdoor camera review,2025-11-28 8:02:44,"AI Overview,Sitelinks,Knowledge panel,Discussions,Top stories,Thumbnail,People also ask",250,700,800,2019-07-28,"Informational,Commercial,Branded,Non-local",English
750,how to disconnect ring camera,us,0,100,0.09,,how to turn off ring camera,2025-12-27 2:52:02,"AI Overview,Thumbnail,People also ask,Discussions,Video preview",150,2700,3200,2019-10-20,"Informational,Branded,Non-local",English
751,why is my ring camera not picking up motion,us,0,100,,,ring camera not detecting motion,2025-11-08 9:30:59,"AI Overview,Thumbnail,Sitelinks,People also ask",150,700,800,2020-06-22,"Informational,Branded,Non-local",English
752,why is my ring camera black and white,us,0,100,,,ring camera black and white,2025-12-16 8:16:07,"AI Overview,Thumbnail,Sitelinks,People also ask,Video preview",150,90,90,2020-02-04,"Informational,Branded,Non-local",English
753,how to temporarily turn off ring camera,us,0,100,,,how to turn off ring camera,2025-11-19 1:51:44,"AI Overview,Thumbnail,People also ask,Sitelinks",100,1300,1400,2018-09-22,"Informational,Branded,Non-local",English
754,ring outdoor stick up cam solar,us,0,100,,,ring solar panel,2025-12-14 11:03:32,"Sitelinks,People also ask,Discussions,Video preview",100,1300,1300,2020-03-04,"Informational,Commercial,Transactional,Branded,Non-local",English
755,ring floodlight cam plus wired,us,,100,,,,,,100,,,2022-04-11,,
756,ring outdoor security cam solar,us,0,100,0.7,,ring solar camera,2025-12-22 9:49:58,"Top ads,Thumbnail,Sitelinks,Shopping,Video preview,Top stories,Discussions,Bottom ads,Paid sitelinks",100,2300,2300,2020-02-03,"Informational,Commercial,Branded,Non-local",English
757,ring camera at night,us,0,100,0.45,,ring camera night vision,2025-11-28 1:13:29,"People also ask,Sitelinks,Discussions,Top stories,Thumbnail,Video preview,Shopping",150,400,450,2019-11-14,"Informational,Branded,Non-local",English
758,santa ring camera,us,0,100,,,ring camera santa,2025-12-03 22:32:12,"AI Overview,Thumbnail,Sitelinks,People also ask,Video preview",150,200,600,2020-12-22,"Informational,Branded,Non-local",English
759,code p1-99 ring camera,us,0,100,,,ring code p1-99,2025-11-24 21:17:13,"AI Overview,Thumbnail,Sitelinks,People also ask",150,300,300,2023-09-17,"Informational,Branded,Non-local",English
760,ring indoor cam review,us,5,100,0.3,,ring indoor cam reviews,2025-12-14 11:12:12,"AI Overview,Thumbnail,Knowledge panel,People also ask,Sitelinks,Discussions,Video preview",100,200,200,2019-10-20,"Informational,Commercial,Branded,Non-local",English
761,blink vs ring outdoor camera,us,0,100,0.4,,blink vs ring,2025-12-23 19:01:37,"AI Overview,Thumbnail,People also ask,Sitelinks,Top stories",150,9700,11000,2020-01-15,"Informational,Commercial,Branded,Non-local",English
762,ring camera view range,us,0,100,0.35,,ring doorbell camera range,2025-12-25 0:34:03,"AI Overview,Thumbnail,People also ask,Sitelinks,Discussions,Video preview",100,20,20,2017-10-18,"Informational,Branded,Non-local",English
763,ring spotlight camera wired,us,0,100,0.6,0.87,ring spotlight cam,2025-12-27 16:41:48,"Sitelinks,People also ask,Knowledge panel,Discussions",150,5800,5900,2017-09-14,"Informational,Commercial,Branded,Non-local",English
764,ring camera for indoors,us,21,100,0.4,,indoor camera,2025-11-25 18:06:47,"Thumbnail,Sitelinks,Shopping,People also ask,Discussions,Top stories,Video preview",100,4500,4700,2018-02-05,"Informational,Commercial,Branded,Non-local",English
765,ring floodlight cam plus wired reviews,us,,100,,,,,,100,,,2025-06-03,,
766,big bear valley eagle nest live cam,us,,100,,,,,,100,,,2025-03-08,,
767,ring camera blinking blue light,us,0,100,,,ring camera blinking blue,2025-12-27 8:25:48,"AI Overview,Thumbnail,Sitelinks,People also ask",150,600,600,2022-06-03,"Informational,Branded,Non-local",English
768,eagle nest camera big bear,us,,100,,,,,,100,,,2022-04-21,"Informational,Non-branded,Local",English
769,nest camera review,us,25,100,0.35,1,nest outdoor camera review,2025-12-16 9:02:07,"Sitelinks,Video preview,People also ask,Knowledge panel,Top stories,Thumbnail,Discussions",200,700,700,2015-09-07,"Informational,Commercial,Branded,Non-local",English
770,ring spotlight cam pro battery,us,0,100,0.9,,ring spotlight cam pro,2025-12-20 2:32:18,"Thumbnail,People also ask,Sitelinks,Video preview,Shopping",350,450,450,2022-09-29,"Informational,Branded,Non-local",English
771,my ring camera keeps going offline,us,0,100,,,ring camera keeps going offline,2025-11-28 9:11:45,"AI Overview,Thumbnail,Sitelinks,People also ask",150,400,400,2020-06-20,"Informational,Branded,Non-local",English
772,how long to charge a ring camera battery,us,0,100,,,how long does a ring camera take to charge,2025-12-18 13:45:45,"AI Overview,Thumbnail,People also ask,Sitelinks",200,1700,2100,2019-05-22,"Informational,Branded,Non-local",English
773,ring spotlight cam solar panel,us,0,100,0.6,,ring solar panel,2025-12-09 7:40:35,"Thumbnail,Sitelinks,People also ask,Shopping,Video preview",150,1900,2000,2018-02-03,"Informational,Commercial,Branded,Non-local",English
774,do you need wifi for a ring camera,us,0,100,,,do ring cameras need wifi,2025-12-13 15:49:28,"AI Overview,Thumbnail,People also ask,Sitelinks,Video preview,Top stories",150,900,1100,2020-06-22,"Informational,Branded,Non-local",English
775,may 28 ring camera,us,,100,,,,,,100,,,2025-07-17,,
776,ring camera not connecting,us,0,100,,,ring doorbell won't connect to wifi,2025-12-18 3:21:02,"AI Overview,Thumbnail,People also ask,Sitelinks",150,1200,1400,2019-07-23,"Informational,Branded,Non-local",English
777,solar power ring camera,us,0,100,0.45,,ring solar camera,2025-11-19 11:34:09,"Shopping,Thumbnail,Sitelinks,People also ask,Discussions,Top stories",100,1900,1900,2020-06-30,"Informational,Commercial,Transactional,Branded,Non-local",English
778,ring security camera news,us,,100,,,,,,100,,,2025-09-01,,
779,does ring camera record all the time,us,0,100,0.09,,do ring cameras record 24/7,2025-11-16 17:13:36,"AI Overview,Thumbnail,People also ask,Sitelinks",150,2700,3500,2018-11-27,"Informational,Branded,Non-local",English
780,outdoor ring cam solar,us,0,100,0.6,,ring solar camera,2025-11-27 12:19:53,"Top ads,Thumbnail,Sitelinks,Shopping,Discussions,People also ask,Top stories,Bottom ads,Paid sitelinks",100,2200,2200,2020-02-03,"Informational,Commercial,Branded,Non-local",English
781,black ring camera,us,5,100,0.8,,black ring camera,2025-12-20 6:48:49,"Shopping,Thumbnail,Sitelinks,Top stories,People also ask,Video preview",150,20,20,2019-01-06,"Informational,Commercial,Branded,Non-local",English
782,ring camera turn off blue light,us,0,100,0.4,,turn off blue light on ring camera,2025-11-27 23:12:17,"AI Overview,Thumbnail,Sitelinks,People also ask",150,450,450,2019-09-28,"Informational,Branded,Non-local",English
783,how to turn off my ring camera,us,0,100,,,how to turn off ring camera,2025-12-23 20:29:17,"AI Overview,Thumbnail,Sitelinks,People also ask,Top stories",100,1400,1500,2020-07-05,"Informational,Branded,Non-local",English
784,ring camera customer service number,us,38,100,,,ring customer service,2025-11-25 19:18:35,"AI Overview,Sitelinks",100,24000,27000,2016-12-06,"Informational,Branded,Non-local",English
785,ring spotlight cam vs floodlight cam,us,0,100,0.02,,ring floodlight vs spotlight,2025-11-25 1:02:28,"AI Overview,Thumbnail,Sitelinks,People also ask,Video preview,Top stories",150,150,200,2017-09-07,"Informational,Commercial,Branded,Non-local",English
786,best ring camera for outdoors,us,1,100,0.6,,best ring camera,2025-11-12 15:13:04,"AI Overview,Thumbnail,Sitelinks,People also ask,Top stories,Video preview,Shopping",100,600,600,2020-03-03,"Informational,Commercial,Branded,Non-local",English
787,how do you install a ring camera,us,0,100,0.45,,ring doorbell installation,2025-12-19 7:14:02,"AI Overview,Thumbnail,People also ask,Discussions,Video preview,Top stories,Sitelinks",100,9300,12000,2020-05-29,"Informational,Branded,Non-local",English
788,how to connect to ring camera that is already installed,us,0,100,0.45,,how to set up ring doorbell that is already installed,2025-11-18 12:53:50,"AI Overview,Thumbnail,Sitelinks,People also ask",100,300,400,2021-12-02,"Informational,Branded,Non-local",English
789,prime day ring camera deals,us,1,100,0.8,,prime day ring camera deals,2025-12-16 1:53:08,"Thumbnail,Sitelinks,People also ask,Shopping,Top stories",150,50,50,2021-06-19,"Informational,Commercial,Transactional,Branded,Non-local",English
790,ring outdoor camera review,us,2,100,0.35,0.97,ring camera reviews,2025-12-20 13:21:18,"Thumbnail,Sitelinks,Knowledge panel,People also ask,Discussions,Video preview",200,300,700,2016-09-19,"Informational,Commercial,Branded,Non-local",English
791,ring security light camera,us,10,100,0.5,1.17,ring floodlight,2025-10-24 9:28:24,"Thumbnail,Shopping,People also ask,Top stories,Video preview,Discussions",150,15000,16000,2017-03-21,"Informational,Commercial,Branded,Non-local",English
792,ring camera for business,us,20,100,0.8,,business security system,2025-10-28 17:49:28,"Thumbnail,Sitelinks,People also ask,Shopping,Discussions",100,4900,5600,2020-02-17,"Informational,Commercial,Transactional,Branded,Non-local",English
793,google nest camera reviews,us,3,100,0.4,,nest outdoor camera review,2025-11-09 19:19:14,"AI Overview,Thumbnail,Video preview,Sitelinks,People also ask,Discussions,Top stories,Knowledge panel",100,300,350,2019-11-30,"Informational,Commercial,Branded,Non-local",English
794,ring camera waterproof,us,0,100,0.9,,are ring cameras waterproof,2025-12-01 8:18:54,"AI Overview,Thumbnail,People also ask,Discussions,Video preview,Shopping",150,1200,1400,2017-06-30,"Informational,Commercial,Branded,Non-local",English
795,eagle nest big bear live cam,us,,100,,,,,,100,,,2020-02-20,,
796,jax taylor ring camera video reddit,us,,100,,,,,,100,,,2025-05-27,,
797,nest camera black friday,us,0,100,0.5,1.17,google wifi black friday,2025-11-12 4:37:23,"Thumbnail,Sitelinks,People also ask,Shopping",150,1300,1400,2015-11-26,"Informational,Commercial,Transactional,Branded,Non-local",English
798,ring floodlight cam wired plus review,us,0,100,0.6,,ring floodlight cam wired plus reviews,2025-12-20 23:07:32,"Knowledge panel,Sitelinks,People also ask,Discussions,Video preview,Top stories,Thumbnail",150,80,100,2021-06-15,"Informational,Commercial,Branded,Non-local",English
799,outdoor ring camera wireless,us,0,100,0.5,,ring outdoor camera,2025-11-19 3:06:03,"Sitelinks,Shopping,Thumbnail,People also ask,Top stories,Discussions",100,24000,25000,2020-02-13,"Informational,Commercial,Branded,Non-local",English
800,ring outdoor stick up cam,us,0,100,0.6,,ring stick up cam,2025-11-14 5:19:07,"Top ads,Paid sitelinks,Sitelinks,People also ask,Knowledge panel,Shopping,Thumbnail,Discussions,Top stories,Video preview,Bottom ads",100,5100,5100,2020-01-14,"Informational,Commercial,Branded,Non-local",English
801,ring camera law enforcement,us,38,100,2,,ring doorbell camera police,2025-11-11 22:56:31,"AI Overview,Thumbnail,People also ask,Sitelinks",100,700,800,2019-12-01,"Informational,Branded,Non-local",English
802,free ring camera,us,0,100,2.5,,free ring doorbell,2025-12-21 17:39:55,"AI Overview,Thumbnail,People also ask,Discussions,Sitelinks",200,150,150,2018-07-09,"Informational,Branded,Non-local",English
803,why isn't my ring camera working,us,0,100,,,my ring camera is not working,2025-11-30 3:33:25,"AI Overview,Thumbnail,People also ask,Sitelinks,Top stories,Video preview",100,350,500,2020-06-17,"Informational,Branded,Non-local",English
804,stick up cam ring battery,us,0,90,,,ring stick up cam battery,2025-11-23 14:19:13,"Shopping,Thumbnail,People also ask,Sitelinks,Video preview,Discussions",90,600,600,2019-04-17,"Informational,Commercial,Transactional,Branded,Non-local",English
805,ring camera local storage,us,0,90,0.8,,ring edge,2025-12-15 10:05:19,"People also ask,Sitelinks,Video preview",150,250,300,2017-01-03,"Informational,Branded,Non-local",English
806,ring peephole camera review,us,7,90,0.15,,ring peephole camera,2025-12-22 5:48:48,"Thumbnail,Sitelinks,Knowledge panel,People also ask,Discussions",100,100,100,2019-08-26,"Informational,Commercial,Branded,Non-local",English
807,how to turn off ring doorbell camera,us,0,90,0.05,,how to turn off ring camera,2025-12-14 19:59:02,"AI Overview,Thumbnail,Sitelinks,People also ask",150,1400,1400,2019-01-02,"Informational,Branded,Non-local",English
808,nest camera vs ring,us,0,90,0.2,1.34,ring vs nest,2025-11-22 21:23:00,"AI Overview,Thumbnail,Sitelinks,Video preview,People also ask,Top stories",100,2800,2900,2016-12-04,"Informational,Commercial,Branded,Non-local",English
809,why does my ring camera have a red light,us,0,90,,,ring camera red light,2025-11-17 16:49:09,"AI Overview,Thumbnail,Sitelinks,People also ask",100,500,500,2021-02-28,"Informational,Branded,Non-local",English
810,ring indoor stick up cam,us,2,90,0.45,,ring stick up camera,2025-11-24 20:26:27,"People also ask,Shopping,Thumbnail,Knowledge panel,Discussions,Sitelinks,Video preview",100,300,350,2019-01-24,"Informational,Commercial,Branded,Non-local",English
811,reset google nest camera,us,0,90,0.15,,reset nest doorbell,2025-12-14 5:08:02,"AI Overview,Thumbnail,People also ask,Sitelinks,Video preview",100,5200,5200,2020-03-31,"Informational,Branded,Non-local",English
812,ring stick up cam battery + solar panel bundle,us,,90,,,,,,90,,,2025-05-25,,
813,can you use a ring camera without a subscription,us,,90,,,,,,100,,,2021-11-26,,
814,ring camera vinyl siding mount,us,0,90,0.6,,ring doorbell vinyl siding mount,2025-11-28 17:33:08,"Thumbnail,Sitelinks,Shopping,People also ask,Discussions",90,100,100,2020-07-27,"Informational,Commercial,Transactional,Branded,Non-local",English
815,nest doorbell camera offline,us,0,90,,,nest doorbell offline,2025-11-17 6:48:32,"AI Overview,Thumbnail,Sitelinks,People also ask",150,1200,1300,2019-07-07,"Informational,Branded,Non-local",English
816,ring cam outdoor,us,0,90,0.45,,ring security camera,2025-12-27 8:02:27,"Sitelinks,Shopping,Thumbnail,Top stories,Video preview,Discussions,Bottom ads,Paid sitelinks",100,14000,15000,2020-01-15,"Informational,Commercial,Branded,Non-local",English
817,how to shut off ring camera,us,0,90,,,how to turn off ring camera,2025-12-25 16:56:31,"AI Overview,Thumbnail,Sitelinks,People also ask",100,1500,1500,2019-06-02,"Informational,Branded,Non-local",English
818,hide ring camera indoor,us,0,90,,,how to hide ring camera,2025-11-30 21:28:47,"AI Overview,Thumbnail,Sitelinks,Discussions,People also ask",100,200,200,2022-01-25,"Informational,Commercial,Branded,Non-local",English
819,which ring camera is best for outside,us,0,90,0.45,,best ring camera,2025-11-23 3:10:20,"AI Overview,Thumbnail,Sitelinks,People also ask,Discussions,Video preview,Shopping,Top stories",100,600,600,2021-01-27,"Informational,Commercial,Branded,Non-local",English
820,jax ring camera footage,us,,90,,,,,,100,,,2025-05-24,,
821,ring cam indoor,us,20,90,0,,ring indoor camera,2025-12-12 6:30:52,"Thumbnail,Sitelinks,Shopping,Top stories,Video preview,People also ask,Discussions",100,10000,10000,2019-08-11,"Informational,Commercial,Branded,Non-local",English
822,ring camera jammer,us,0,90,,,ring camera jammer,2025-10-28 4:40:44,"Sitelinks,People also ask,Video preview",100,60,70,2019-12-23,"Informational,Branded,Non-local",English
823,ring stick up camera solar panel,us,0,90,0.45,,ring solar panel,2025-11-28 21:28:56,"Top ads,Paid sitelinks,Knowledge panel,Thumbnail,Sitelinks,People also ask,Discussions,Bottom ads",100,1100,1100,2016-11-26,"Informational,Commercial,Transactional,Branded,Non-local",English
824,what does the blue light on the ring camera mean,us,0,90,,,ring camera blue light,2025-11-26 20:57:05,"AI Overview,Thumbnail,People also ask,Sitelinks",100,700,700,2020-04-16,"Informational,Branded,Non-local",English
825,ring camera firmware update,us,,90,,,,,,100,,,2019-08-03,,
826,ring spotlight cam pro review,us,6,90,0.4,,ring birds eye view,2025-12-21 20:21:14,"Thumbnail,Knowledge panel,Discussions,People also ask,Sitelinks,Top stories",150,90,100,2022-09-30,"Informational,Commercial,Branded,Non-local",English
827,ring camera installation instructions,us,2,90,0.1,,ring doorbell installation instructions,2025-11-23 17:08:42,"Video preview,People also ask,Top stories,Thumbnail",100,300,350,2020-01-24,"Informational,Branded,Non-local",English
828,update ring camera firmware,us,,90,,,,,,100,,,2019-02-27,,
829,ring camera notifications,us,0,90,,,how to turn off ring notifications,2025-11-26 5:04:48,"Sitelinks,People also ask,Video preview,Top stories,Thumbnail",100,1700,1700,2018-11-19,"Informational,Branded,Non-local",English
830,ring pan tilt indoor cam,us,,90,,,,,,100,,,2024-05-02,,
831,indoor ring cam,us,20,90,0,,ring indoor camera,2025-12-12 9:31:33,"Thumbnail,Sitelinks,Shopping,People also ask,Top stories,Discussions",100,10000,10000,2020-02-09,"Informational,Commercial,Transactional,Branded,Non-local",English
832,hsn ring camera,us,0,90,,,hsn ring camera,2025-12-04 15:53:03,"Sitelinks,Shopping,Thumbnail,People also ask",90,50,50,2018-02-27,"Informational,Commercial,Branded,Non-local",English
833,ring surveillance camera,us,2,90,1.3,0.77,ring camera,2025-12-09 9:19:07,"Sitelinks,Discussions,People also ask,Shopping,Thumbnail,Top stories",100,174000,179000,2016-03-07,"Informational,Commercial,Transactional,Branded,Non-local",English
834,how do you turn off ring camera,us,0,90,,,how to turn off ring camera,2025-12-24 19:47:53,"AI Overview,Thumbnail,Sitelinks,People also ask,Top stories,Video preview",100,1400,1500,2020-07-10,"Informational,Branded,Non-local",English
835,ring outdoor wireless camera,us,0,90,0.5,,ring outdoor camera,2025-11-20 10:53:53,"Thumbnail,Sitelinks,Shopping,People also ask,Discussions",100,24000,25000,2018-05-03,"Informational,Commercial,Branded,Non-local",English
836,hard reset ring camera,us,0,90,,,how to reset ring doorbell,2025-12-17 21:48:02,"AI Overview,Thumbnail,People also ask,Video preview,Sitelinks",100,8000,8200,2019-11-16,"Informational,Branded,Non-local",English
837,how do i turn off my ring camera,us,0,90,,,how to turn off ring camera,2025-12-09 13:36:10,"Sitelinks,People also ask,Top stories,Thumbnail",100,1300,1300,2018-09-23,"Informational,Branded,Non-local",English
838,ring indoor camera product info and reviews,us,,90,,,,,,100,,,2025-08-10,,
839,ring camera comparison chart,us,2,90,0.5,,compare ring outdoor cameras,2025-12-15 21:06:10,"Thumbnail,Sitelinks,People also ask,Video preview",100,10,100,2018-11-22,"Informational,Commercial,Branded,Non-local",English
840,ring camera battery charge time,us,0,90,,,how long does a ring camera take to charge,2025-12-21 6:18:25,"AI Overview,Thumbnail,People also ask,Sitelinks",150,1800,2100,2018-08-29,"Informational,Branded,Non-local",English
841,google nest hub camera,us,2,90,0.45,,google nest hub max,2025-12-23 6:29:40,"AI Overview,Thumbnail,Sitelinks,People also ask,Top stories,Video preview",150,11000,17000,2019-05-08,"Informational,Branded,Non-local",English
842,how to connect to a ring camera,us,0,90,,,how to set up ring camera,2025-12-26 16:37:33,"AI Overview,Thumbnail,People also ask,Discussions,Video preview",100,1800,1800,2019-08-09,"Informational,Branded,Non-local",English
843,nest cam app,us,82,90,0.45,0.74,nest app,2025-11-24 23:34:26,"People also ask,Sitelinks",100,5800,5800,2015-09-04,"Informational,Branded,Non-local",English
844,ring camera battery charging time,us,,90,,,,,,100,,,2019-01-04,,
845,how far back does ring camera history go,us,0,90,,,how long does ring save videos,2025-11-28 4:28:27,"AI Overview,Thumbnail,People also ask,Sitelinks",100,1500,1800,2020-11-03,"Informational,Branded,Non-local",English
846,ring floodlight cam pro wired,us,0,90,0.7,,ring floodlight pro,2025-12-20 8:47:40,"AI Overview,Thumbnail,Knowledge panel,Sitelinks,People also ask,Discussions",100,2200,2400,2021-08-15,"Informational,Commercial,Branded,Non-local",English
847,how to set up ring camera outdoor,us,0,90,0.3,,how to set up ring camera outdoor,2025-11-27 20:42:02,"People also ask,Thumbnail,Discussions,Top stories",150,50,60,2020-05-06,"Informational,Branded,Non-local",English
848,how long does the ring camera take to charge,us,0,90,,,how long does it take to charge ring camera battery,2025-11-26 0:29:47,"AI Overview,Thumbnail,People also ask,Sitelinks",90,1900,2200,2021-09-08,"Informational,Branded,Non-local",English
849,ring spotlight cam plus review,us,1,90,0.35,,ring spotlight cam plus reviews,2025-12-14 22:28:02,"AI Overview,Thumbnail,Sitelinks,People also ask,Discussions,Video preview,Knowledge panel",150,90,90,2022-10-30,"Informational,Commercial,Branded,Non-local",English
850,orbs on ring camera,us,0,90,0.05,,orbs on ring camera,2025-11-25 18:36:19,"AI Overview,Thumbnail,Sitelinks,People also ask,Video preview",100,70,70,2019-03-09,"Informational,Branded,Non-local",English
851,ring camera outdoor solar,us,1,90,0.7,,ring solar camera,2025-12-03 23:54:02,"Thumbnail,Sitelinks,Shopping,People also ask,Video preview,Discussions",100,2200,2200,2020-03-08,"Informational,Commercial,Branded,Non-local",English
852,ring camera alternatives no subscription,us,3,90,0.35,,video doorbell with local storage,2025-11-22 17:19:18,"Sitelinks,People also ask,Video preview,Top stories,Thumbnail",100,200,250,2022-12-13,"Informational,Commercial,Branded,Non-local",English
853,ring camera ice,us,,90,,,,,,90,,,2018-12-11,,
854,can you use ring camera without subscription,us,0,90,1.3,,do you need a subscription for ring,2025-12-04 2:33:42,"AI Overview,Thumbnail,Sitelinks,People also ask,Top stories",100,1800,2100,2019-09-07,"Informational,Branded,Non-local",English
855,best ring floodlight camera,us,22,90,0.5,,ring floodlight cam review,2025-12-03 8:41:19,"Thumbnail,People also ask,Sitelinks,Shopping,Top stories",100,150,150,2020-06-25,"Informational,Commercial,Branded,Non-local",English
856,california eagle nest cam,us,38,90,1.5,,big bear eagle cam,2025-12-22 15:37:47,"Sitelinks,People also ask,Top stories,Thumbnail,Video preview",90,210000,212000,2020-02-22,"Informational,Non-branded,Local",English
857,how much is a ring camera subscription,us,0,90,0.1,,ring subscription,2025-12-23 4:51:45,"AI Overview,Thumbnail,Sitelinks,People also ask",100,89000,93000,2020-01-31,"Informational,Commercial,Branded,Non-local",English
858,adt ring camera,us,0,90,1.4,,adt doorbell,2025-11-25 3:38:56,"Sitelinks,People also ask,Discussions,Thumbnail",100,3500,3500,2016-06-21,"Informational,Commercial,Branded,Non-local",English
859,fobbv nest cam,us,19,90,,,bald eagle cam 2,2025-12-25 5:06:22,"Thumbnail,Top stories,Sitelinks,People also ask",90,86000,88000,2023-01-26,"Informational,Branded,Non-local",English
860,how long does ring camera batteries last,us,,90,,,,,,90,,,2023-06-15,,
861,how to turn on ring camera,us,0,90,0.15,,how to set up ring camera,2025-12-21 7:22:17,"AI Overview,Thumbnail,People also ask,Video preview,Discussions,Sitelinks",100,1800,1800,2020-03-15,"Informational,Branded,Non-local",English
862,ring stick up camera solar,us,0,90,0,,ring solar panel,2025-11-28 20:51:17,"Shopping,Thumbnail,People also ask,Sitelinks,Discussions,Video preview",90,1000,1000,2017-08-13,"Informational,Commercial,Transactional,Branded,Non-local",English
863,ring peephole cam video doorbell reviews,us,,90,,,,,,90,,,2025-05-06,,
864,who invented the ring camera,us,16,90,,,ring jamie siminoff,2025-12-25 2:28:20,"AI Overview,Thumbnail,People also ask,Video preview,Sitelinks",90,4000,8500,2020-02-29,"Informational,Branded,Non-local",English
865,how to clean ring camera lens,us,0,90,,,clean ring camera lens,2025-12-22 1:56:17,"AI Overview,Thumbnail,Sitelinks,People also ask,Video preview",100,40,40,2020-09-04,"Informational,Branded,Non-local",English
866,ring outdoor cam plus specs,us,,90,,,,,,90,,,2025-05-23,,
867,how to factory reset google nest camera,us,0,90,,,reset nest doorbell,2025-12-17 23:17:41,"AI Overview,Thumbnail,People also ask,Sitelinks",90,5100,5200,2021-02-21,"Informational,Branded,Non-local",English
868,ring camera offline troubleshooting,us,0,90,,,ring camera offline,2025-12-22 14:51:42,"AI Overview,Thumbnail,Sitelinks,People also ask",100,6400,8900,2021-05-06,"Informational,Branded,Non-local",English
869,what is ring camera,us,38,90,0.8,,ring camera,2025-12-25 13:27:02,"AI Overview,Thumbnail,People also ask,Top stories,Video preview,Sitelinks",200,237000,241000,2019-03-01,"Informational,Branded,Non-local",English
870,which ring camera records 24/7,us,,90,,,,,,150,,,2022-11-30,,
871,indoor use ring camera,us,6,90,0.5,,ring indoor camera,2025-10-24 19:35:03,"Shopping,Thumbnail,People also ask,Sitelinks,Discussions,Video preview",150,13000,13000,2021-06-17,"Informational,Commercial,Branded,Non-local",English
872,ring stick up cam battery review,us,13,90,0.5,,ring stick up cam battery life,2025-12-17 12:37:20,"Thumbnail,Knowledge panel,Sitelinks,People also ask,Discussions",150,800,900,2016-07-30,"Informational,Commercial,Branded,Non-local",English
873,ring security camera costco,us,,90,0,,,,,90,,,2017-06-28,"Informational,Commercial,Transactional,Branded,Non-local",English
874,ring camera blue light blinking,us,0,90,0.1,,ring camera blinking blue,2025-12-26 6:51:12,"AI Overview,Thumbnail,Sitelinks,People also ask",90,600,600,2020-06-17,"Informational,Branded,Non-local",English
875,google nest cam indoor wired reviews,us,,90,,,,,,90,,,2025-05-20,,
876,what does it mean when a ring camera turns blue,us,0,90,,,blue light on ring camera,2025-10-23 22:04:32,"AI Overview,Thumbnail,Sitelinks,People also ask,Discussions,Video preview",100,700,700,2021-07-03,"Informational,Branded,Non-local",English
877,ring always home flying camera,us,,90,0.2,,,,,150,,,2020-09-24,"Informational,Commercial,Branded,Non-local",English
878,smallest ring camera,us,5,90,0.4,,indoor ring camera,2025-11-19 6:43:02,"AI Overview,Thumbnail,Sitelinks,People also ask,Shopping,Video preview",90,500,500,2019-09-15,"Informational,Commercial,Branded,Non-local",English
879,ring stickup cam solar,us,0,90,0,,ring solar panel,2025-11-26 9:14:28,"Shopping,Thumbnail,Sitelinks,People also ask,Discussions,Video preview",90,1200,1200,2018-10-22,"Informational,Commercial,Branded,Non-local",English
880,batteries for ring camera,us,,90,,,,,,100,,,2019-03-26,,
881,theaajharedd ring camera footage,us,,90,,,,,,90,,,2024-12-27,,
882,ring doorbell camera mount,us,0,90,0.5,,ring doorbell mounts,2025-10-24 16:42:14,"Shopping,Thumbnail,Sitelinks,People also ask,Discussions,Video preview",100,60,60,2019-10-31,"Informational,Commercial,Branded,Non-local",English
883,outdoor ring stick up cam solar,us,0,90,,,ring solar panel,2025-11-26 15:38:21,"Thumbnail,Sitelinks,Shopping,Discussions,People also ask,Video preview",90,1200,1200,2020-03-02,"Informational,Commercial,Transactional,Branded,Non-local",English
884,ring stick up cam indoor,us,2,90,0.7,,ring stick up camera,2025-11-28 23:47:55,"Thumbnail,People also ask,Discussions,Knowledge panel,Sitelinks,Top stories,Video preview",90,250,300,2017-11-04,"Informational,Commercial,Branded,Non-local",English
885,outdoor ring security cam,us,0,90,0.6,,ring outdoor camera,2025-11-11 1:35:55,"Sitelinks,Thumbnail,Shopping,People also ask,Discussions,Top stories,Video preview",100,28000,29000,2020-01-30,"Informational,Commercial,Branded,Non-local",English
886,nest camera power cord,us,0,90,0.4,,nest cam power cord,2025-11-24 18:18:21,"Thumbnail,Shopping,People also ask,Sitelinks,Bottom ads,Paid sitelinks",90,150,150,2016-01-03,"Informational,Commercial,Transactional,Branded,Non-local",English
887,when the blue light is on ring camera,us,,90,,,,,,100,,,2024-08-24,,
888,setup ring camera,us,0,90,0.15,,how to set up ring camera,2025-12-09 9:53:30,"AI Overview,Thumbnail,People also ask,Top stories,Video preview",100,1700,1700,2016-10-01,"Informational,Branded,Non-local",English
889,solar panel for nest camera,us,0,90,0.45,,google camera solar panel,2025-11-19 9:12:33,"Shopping,Thumbnail,People also ask,Discussions",100,600,600,2018-06-10,"Commercial,Transactional,Branded,Non-local",English
890,my ring camera is not picking up motion,us,0,90,,,ring camera not detecting motion,2025-12-19 3:08:54,"Featured snippet,People also ask,Sitelinks",90,300,300,2020-07-02,"Informational,Branded,Non-local",English
891,ring camera motion detection,us,0,90,0.35,,ring doorbell motion detection,2025-12-22 12:31:48,"AI Overview,Thumbnail,People also ask,Top stories,Video preview,Discussions,Sitelinks",100,250,250,2017-08-05,"Informational,Branded,Non-local",English
892,peephole camera ring,us,0,90,0.25,,ring peephole camera,2025-11-21 7:54:54,"People also ask,Thumbnail,Shopping,Discussions,Sitelinks",100,4000,4400,2019-03-06,"Informational,Commercial,Transactional,Branded,Non-local",English
893,nest camera reset button,us,0,90,,,how to reset nest doorbell,2025-11-30 9:27:03,"AI Overview,Thumbnail,People also ask,Sitelinks",100,5400,5400,2017-01-02,"Informational,Branded,Non-local",English
894,ring camera battery charger,us,0,90,0.3,,ring battery charger,2025-12-26 16:30:33,"Shopping,Thumbnail,People also ask,Sitelinks,Discussions,Video preview",100,350,350,2019-05-01,"Informational,Commercial,Transactional,Branded,Non-local",English
895,ring doorbell camera comparison,us,11,90,0.4,,compare ring doorbell,2025-11-27 9:40:43,"Video preview,People also ask,AI Overview,Sitelinks,Discussions",100,2400,2700,2019-06-16,"Informational,Commercial,Branded,Non-local",English
896,ring doorbell and camera bundle,us,0,90,1,,ring bundle,2025-11-29 23:46:26,"Sitelinks,Shopping,Thumbnail,People also ask,Discussions,Video preview",400,1500,1500,2018-01-21,"Informational,Commercial,Branded,Non-local",English
897,how to reboot ring floodlight camera,us,,90,0.5,,,,,100,,,2021-02-18,,
898,ring spotlight cam extra battery,us,0,90,0.4,0.74,ring spotlight cam battery replacement,2025-11-23 8:15:19,"Sitelinks,People also ask,Thumbnail,Discussions,Shopping,Video preview",90,50,50,2017-12-13,"Informational,Commercial,Transactional,Branded,Non-local",English
899,how to reset your ring camera,us,0,90,,,how to reset ring doorbell,2025-12-25 13:18:03,"AI Overview,Thumbnail,People also ask,Sitelinks",100,8000,8200,2020-03-02,"Informational,Branded,Non-local",English
900,ring camera installers near me,us,6,90,2.5,,ring installation,2025-11-25 4:26:31,"Top ads,Paid sitelinks,Local pack,Thumbnail,People also ask,Sitelinks,Bottom ads",150,1900,2100,2020-01-09,"Informational,Transactional,Branded,Local",English
901,nas ring camera,us,0,90,,,nas ring investment,2025-12-03 18:01:32,"People also ask,Thumbnail,Sitelinks",90,90,90,2021-09-27,"Informational,Branded,Non-local",English
902,ring indoor security cam,us,16,90,0.6,,ring indoor camera,2025-11-10 14:24:30,"Shopping,Thumbnail,People also ask,Sitelinks,Top stories,Video preview,Discussions",90,14000,14000,2020-02-02,"Informational,Commercial,Branded,Non-local",English
903,what is the best ring doorbell camera,us,22,80,0.5,,best ring doorbell camera,2025-12-21 9:45:33,"Thumbnail,People also ask,Sitelinks,Video preview,Shopping,Top stories",90,1600,1900,2020-02-02,"Informational,Commercial,Branded,Non-local",English
904,ring camera holder,us,0,80,0.3,,ring camera mount,2025-11-26 0:04:37,"Shopping,Thumbnail,Sitelinks,People also ask,Discussions",80,300,300,2017-01-17,"Informational,Commercial,Branded,Non-local",English
905,how to turn off ring camera for all users,us,0,80,,,how to turn off ring camera for all users,2025-12-08 13:43:31,"AI Overview,Thumbnail,Sitelinks,People also ask,Video preview",100,40,40,2022-06-08,"Informational,Branded,Non-local",English
906,ring wireless doorbell camera,us,5,80,0.7,,ring doorbell camera,2025-11-26 11:32:02,"Thumbnail,Sitelinks,Video preview,Shopping,People also ask,Top stories,Discussions",100,36000,39000,2015-10-31,"Informational,Commercial,Transactional,Branded,Non-local",English
907,how to know if a ring camera is on,us,0,80,,,how to tell if a ring camera is on,2025-11-17 10:54:41,"AI Overview,Thumbnail,Sitelinks,People also ask",90,150,150,2020-08-08,"Informational,Branded,Non-local",English
908,how to install a ring floodlight camera,us,,80,0.6,,,,,80,,,2020-01-11,"Informational,Branded,Non-local",English
909,ring camera manual,us,,80,0.1,,,,,100,,,2017-04-25,"Informational,Branded,Non-local",English
910,nest camera factory reset,us,0,80,,,reset nest doorbell,2025-12-17 20:49:21,"AI Overview,Thumbnail,People also ask,Sitelinks,Video preview",90,5100,5200,2017-02-09,"Informational,Branded,Non-local",English
911,does a ring camera record 24/7,us,0,80,0.03,,do ring cameras record 24/7,2025-12-10 18:24:18,"Featured snippet,Thumbnail,People also ask,Sitelinks",90,2600,3400,2022-02-22,"Informational,Branded,Non-local",English
912,ring camera wifi extender,us,0,80,0.25,,ring wifi extender,2025-12-01 12:52:28,"Thumbnail,Sitelinks,People also ask,Video preview,Discussions,Shopping",90,800,800,2019-05-14,"Informational,Commercial,Branded,Non-local",English
913,when a ring camera is blue what does that mean,us,0,80,,,ring camera blue light,2025-11-13 12:43:56,"AI Overview,Thumbnail,Sitelinks,People also ask,Video preview",90,800,800,2023-04-09,"Informational,Branded,Non-local",English
914,ring camera light flashing,us,0,80,,,ring camera light flashing,2025-12-03 10:12:24,"AI Overview,Thumbnail,People also ask,Sitelinks",100,50,50,2019-06-28,"Informational,Branded,Non-local",English
915,ring camera discount,us,7,80,0.9,,ring camera deals,2025-12-23 20:33:15,"Thumbnail,Sitelinks,AI Overview,People also ask,Shopping,Top stories",100,2400,2600,2017-02-19,"Informational,Commercial,Branded,Non-local",English
916,how to reset a ring floodlight camera,us,,80,,,,,,90,,,2020-08-21,"Informational,Branded,Non-local",English
917,how to hack a ring camera,us,0,80,,,ring doorbell hacked,2025-12-23 8:10:34,"AI Overview,Thumbnail,People also ask,Sitelinks,Video preview",80,300,400,2019-11-30,"Informational,Branded,Non-local",English
918,how to stop ring camera from recording,us,0,80,0.25,,privacy zones,2025-12-25 17:56:22,"Featured snippet,People also ask,Sitelinks",100,60,70,2019-06-02,"Informational,Branded,Non-local",English
919,ruby franke son ring camera,us,,80,,,,,,100,,,2024-03-24,,
920,ring camera device offline,us,,80,,,,,,100,,,2022-03-27,,
921,ring camera vs nest,us,0,80,0.15,1.06,ring vs nest camera,2025-12-08 13:29:02,"AI Overview,Thumbnail,Sitelinks,People also ask,Video preview,Discussions",100,250,300,2017-01-03,"Informational,Commercial,Branded,Non-local",English
922,ring stickup security camera solar,us,0,80,,,ring solar panel,2025-11-24 21:41:18,"Thumbnail,Shopping,Sitelinks,Discussions,People also ask",80,1200,1200,2020-02-05,"Informational,Commercial,Transactional,Branded,Non-local",English
923,eagles nest big bear live cam,us,,80,,,,,,80,,,2019-03-27,"Informational,Non-branded,Local",English
924,ring security cam indoor,us,14,80,0.3,,ring camera indoor,2025-11-27 10:26:03,"Thumbnail,Sitelinks,People also ask,Shopping,Top stories,Video preview,Discussions",80,3700,3900,2020-01-21,"Informational,Commercial,Branded,Non-local",English
925,how long does ring camera store video,us,1,80,,,how long does ring save videos,2025-12-21 11:30:12,"AI Overview,Thumbnail,People also ask,Sitelinks,Video preview",90,1600,1900,2019-03-05,"Informational,Branded,Non-local",English
926,ring jobsite camera,us,0,80,0.3,,ring jobsite security,2025-12-09 8:56:52,"Thumbnail,Sitelinks,Knowledge panel,Video preview,People also ask",80,300,300,2021-10-20,"Informational,Commercial,Branded,Non-local",English
927,ring camera no wifi,us,0,80,0.45,,does ring camera need wifi,2025-11-23 12:07:11,"Sitelinks,People also ask,Discussions,Top stories,Shopping,Thumbnail",100,1200,1200,2018-11-26,"Informational,Branded,Non-local",English
928,red light on ring camera meaning,us,,80,,,,,,100,,,2023-04-11,,
929,ring camera blinking blue when charging,us,0,80,,,ring doorbell flashing blue while charging,2025-11-22 16:08:05,"AI Overview,Thumbnail,Sitelinks,People also ask",80,350,1300,2023-01-19,"Informational,Branded,Non-local",English
930,ring stickup cam zoom,us,5,80,,,ring stickup cam zoom,2025-12-27 14:57:32,"Sitelinks,People also ask,Discussions,Shopping,Thumbnail",80,30,30,2018-12-22,"Informational,Branded,Non-local",English
931,ring floodlight security camera,us,2,80,0.6,0.86,ring floodlight camera,2025-12-24 4:34:56,"Thumbnail,Shopping,People also ask,Discussions,Top stories,Video preview,Sitelinks",100,12000,12000,2017-08-20,"Informational,Commercial,Branded,Non-local",English
932,ring outdoor security cam wired,us,6,80,0.5,,ring security camera,2025-12-20 15:28:44,"Sitelinks,Shopping,Thumbnail,Discussions,People also ask",80,17000,17000,2020-01-10,"Informational,Commercial,Branded,Non-local",English
933,ring floodlight camera reset button,us,0,80,,,how to reset ring camera,2025-11-22 5:54:38,"AI Overview,Thumbnail,People also ask,Sitelinks",100,700,700,2020-01-14,"Informational,Branded,Non-local",English
934,cost of ring camera,us,22,80,0.5,,ring outdoor camera,2025-11-30 14:32:52,"Thumbnail,People also ask,Discussions,Shopping,Video preview,Sitelinks,Top stories",90,15000,16000,2017-11-17,"Informational,Commercial,Branded,Non-local",English
935,nest cam with floodlight (wired),us,4,80,,,nest floodlight camera,2025-11-26 1:11:20,"Sitelinks,Knowledge panel,People also ask,Shopping,Thumbnail",100,2700,2900,2021-09-14,"Informational,Commercial,Transactional,Branded,Non-local",English
936,ring video stick up camera wired,us,0,80,,,ring stick up cam wired,2025-11-18 18:37:06,"Thumbnail,People also ask,Discussions,Sitelinks",80,200,200,2020-03-16,"Informational,Commercial,Branded,Non-local",English
937,why is my nest camera offline,us,0,80,,,nest doorbell offline,2025-11-24 18:43:09,"AI Overview,People also ask,Sitelinks",100,1200,1200,2015-10-30,"Informational,Branded,Non-local",English
938,ring spotlight cam plus (battery),us,,80,,,,,,90,,,2023-06-17,,
939,why is my ring camera flashing blue when charging,us,,80,,,,,,100,,,2023-11-06,,
940,ring stickup security camera,us,8,80,0.8,,ring stick up cam,2025-11-29 1:42:22,"Shopping,Thumbnail,People also ask,Knowledge panel,Top stories,Video preview,Discussions",80,3200,3200,2020-01-20,"Informational,Commercial,Branded,Non-local",English
941,indoor ring stick up cam,us,8,80,,,ring stick up camera,2025-11-29 20:43:47,"Shopping,Thumbnail,Sitelinks,Discussions,Top stories,Video preview",80,250,300,2020-01-12,"Informational,Commercial,Branded,Non-local",English
942,ring bird feeder camera,us,3,80,0.4,,ring camera bird feeder,2025-12-24 23:25:19,"Shopping,Thumbnail,People also ask,Knowledge panel,Sitelinks",100,100,100,2022-03-24,"Informational,Commercial,Transactional,Branded,Non-local",English
943,outdoor ring cam wired,us,8,80,0.45,,ring outdoor camera,2025-11-30 20:50:03,"Sitelinks,Thumbnail,Shopping",80,15000,16000,2020-01-12,"Informational,Commercial,Branded,Non-local",English
944,ring floodlight camera pro vs plus,us,0,80,0.7,,ring floodlight pro vs plus,2025-11-26 13:01:03,"AI Overview,Thumbnail,Sitelinks,People also ask,Video preview,Discussions",100,600,700,2021-06-07,"Informational,Commercial,Branded,Non-local",English
945,ring camera screws,us,0,80,0.2,,ring doorbell screws,2025-12-15 2:30:05,"Thumbnail,Sitelinks,People also ask,Shopping,Discussions,Video preview",100,200,200,2020-03-19,"Informational,Branded,Non-local",English
946,how to turn off ring camera on app,us,0,80,,,turn off ring camera,2025-11-27 19:20:32,"AI Overview,Thumbnail,Sitelinks,People also ask",100,1100,1200,2021-09-18,"Informational,Branded,Non-local",English
947,how to install ring camera outdoor,us,0,80,0.2,,ring outdoor stick up cam wired,2025-12-11 6:00:11,"Featured snippet,People also ask,Video preview,Discussions,Top stories,Thumbnail",200,10,10,2020-02-08,"Informational,Branded,Non-local",English
948,ring security cam outdoor,us,0,80,0,,ring camera system,2025-11-05 17:29:25,"Sitelinks,Shopping,Thumbnail,People also ask",80,32000,33000,2020-02-10,"Informational,Commercial,Branded,Non-local",English
949,can you use a ring camera without wifi,us,0,80,,,does ring camera need wifi,2025-12-01 4:45:16,"AI Overview,Thumbnail,Sitelinks,People also ask,Top stories",90,1100,1100,2021-02-09,"Informational,Branded,Non-local",English
950,nest outdoor camera black friday,us,0,80,,0.95,nest camera black friday,2025-12-14 14:05:43,"Thumbnail,People also ask,Sitelinks,Shopping",90,200,200,2016-11-21,"Informational,Commercial,Transactional,Branded,Non-local",English
951,why isn't my ring camera picking up motion,us,0,80,,,ring camera not detecting motion,2025-12-13 12:58:48,"Featured snippet,People also ask,Sitelinks,Thumbnail,Video preview",80,250,300,2020-09-10,"Informational,Branded,Non-local",English
952,ring stick up cam battery reviews,us,19,80,0.5,,ring stick up cam battery life,2025-11-23 7:41:03,"Thumbnail,Knowledge panel,People also ask,Discussions,Sitelinks",150,700,900,2019-08-19,"Informational,Commercial,Branded,Non-local",English
953,ring camera flashing white,us,0,80,,,ring doorbell blinking blue,2025-11-29 20:55:41,"AI Overview,Thumbnail,People also ask,Sitelinks",100,2900,4300,2019-03-24,"Informational,Branded,Non-local",English
954,how long do ring camera batteries take to charge,us,0,80,,,how long does a ring camera take to charge,2025-12-26 18:48:10,"AI Overview,Thumbnail,People also ask,Sitelinks,Video preview",100,1800,2100,2020-05-07,"Informational,Branded,Non-local",English
955,when is ring camera battery fully charged,us,0,80,,,how long does a ring camera take to charge,2025-12-21 2:49:39,"AI Overview,Thumbnail,People also ask,Sitelinks",90,1800,2100,2020-02-28,"Informational,Branded,Non-local",English
956,nest cam sign in,us,59,80,0.45,,nest login,2025-11-16 22:45:49,"Sitelinks,People also ask",80,68000,101000,2015-09-23,"Informational,Branded,Non-local",English
957,ring outdoor cam wired,us,0,80,0.45,,ring security camera,2025-12-14 10:12:02,"Sitelinks,Thumbnail,Shopping,People also ask,Discussions,Top stories,Video preview",90,17000,17000,2020-01-11,"Informational,Commercial,Branded,Non-local",English
958,ring cam wired outdoor,us,0,80,0.45,,ring security camera,2025-12-27 15:03:33,"Sitelinks,Shopping,Thumbnail,Discussions",80,14000,15000,2020-01-18,"Informational,Commercial,Branded,Non-local",English
959,big bear lake eagles nest live cam,us,,80,,,,,,80,,,2020-02-20,"Informational,Non-branded,Local",English
960,ring spotlight cam plus wired,us,0,80,0.6,,ring spotlight cam,2025-11-28 15:34:40,"Thumbnail,Sitelinks,Shopping,People also ask,Video preview,Discussions",150,6200,6300,2022-10-24,"Informational,Commercial,Transactional,Branded,Non-local",English
961,best wifi extender for ring camera,us,0,80,0.35,,ring wifi extender,2025-12-20 16:11:55,"Sitelinks,People also ask,Thumbnail,Shopping",100,250,250,2018-06-14,"Informational,Commercial,Branded,Non-local",English
962,nest camera plans,us,14,80,1.4,1.07,nest aware,2025-11-25 0:39:56,"AI Overview,Thumbnail,People also ask,Sitelinks,Discussions",90,22000,23000,2015-12-25,"Informational,Commercial,Branded,Non-local",English
963,how to set up ring doorbell camera,us,0,80,0.25,,how to install ring doorbell,2025-11-25 20:39:49,"People also ask,Discussions,Video preview,Top stories,Thumbnail",90,4600,6800,2020-01-27,"Informational,Branded,Non-local",English
964,ring always home cam release date,us,35,80,0.25,,ring,2025-11-29 12:10:19,"AI Overview,Thumbnail,People also ask,Video preview,Sitelinks",150,496000,605000,2020-09-25,"Informational,Branded,Non-local",English
965,promo code for ring stickup cam,us,0,80,,,ring discount code,2025-12-22 5:00:49,"People also ask,Sitelinks",80,3000,4000,2020-01-09,"Informational,Commercial,Transactional,Branded,Non-local",English
966,factory reset ring spotlight camera,us,,80,,,,,,100,,,2020-06-28,"Informational,Branded,Non-local",English
967,ring camera updates,us,,80,,,,,,80,,,2020-09-23,,
968,ring size camera,us,18,80,0.15,,ring size chart,2025-12-26 13:46:02,"Sitelinks,People also ask",100,46000,52000,2020-08-08,"Informational,Non-branded,Non-local",English
969,how to hook up ring camera,us,0,80,0.35,,ring doorbell installation,2025-12-26 16:44:32,"AI Overview,Thumbnail,People also ask,Video preview,Discussions,Top stories,Sitelinks",80,9700,12000,2018-03-01,"Informational,Branded,Non-local",English
970,halle bailey ring camera,us,,80,,,,,,80,,,2025-05-13,,
971,nest cam outdoor battery,us,17,80,0.45,,google nest camera,2025-11-24 16:29:52,"People also ask,Sitelinks,Discussions",100,4200,4900,2018-03-15,"Informational,Commercial,Branded,Non-local",English
972,ring camera systems,us,1,80,0.9,,ring camera,2025-12-24 11:25:38,"Sitelinks,Shopping,Thumbnail,People also ask,Top stories,Video preview",90,238000,242000,2018-01-31,"Informational,Commercial,Branded,Non-local",English
973,ring security cam wired outdoor,us,8,80,,,ring security camera,2025-12-11 1:22:21,"Sitelinks,People also ask,Thumbnail,Shopping,Discussions,Video preview,Top stories,Bottom ads",80,14000,15000,2020-01-15,"Informational,Commercial,Branded,Non-local",English
974,ring camera 2 pack,us,0,80,0.35,,ring camera 2 pack,2025-12-25 8:42:31,"Shopping,Thumbnail,Sitelinks,People also ask,Knowledge panel",100,10,10,2017-12-19,"Informational,Commercial,Transactional,Branded,Non-local",English
975,how long does the ring stick up cam battery last,us,2,80,0.8,,ring stick up cam battery life,2025-11-29 0:30:04,"AI Overview,Thumbnail,Sitelinks,People also ask",100,900,1000,2019-04-25,"Informational,Branded,Non-local",English
976,can you turn off ring camera from app,us,0,80,,,turn off ring camera,2025-11-24 10:18:02,"AI Overview,Thumbnail,Sitelinks,People also ask",90,1100,1200,2020-12-26,"Informational,Branded,Non-local",English
977,ring camera hardwired,us,0,80,0.45,,ring camera hardwired,2025-12-15 20:49:42,"Sitelinks,People also ask,Knowledge panel,Shopping,Thumbnail,Discussions,Top stories,Video preview",90,70,70,2017-03-04,"Informational,Commercial,Branded,Non-local",English
978,indoor ring security cam wired,us,12,80,,,ring camera indoor,2025-11-26 16:48:42,"Thumbnail,Sitelinks,Video preview,Shopping,Discussions,People also ask",80,4000,4200,2020-02-09,"Informational,Commercial,Transactional,Branded,Non-local",English
979,indoor ring security cam,us,28,80,0.45,,ring indoor camera,2025-12-24 10:16:31,"Thumbnail,Sitelinks,Top stories,Video preview,Discussions,Shopping",80,9200,9400,2020-01-19,"Informational,Commercial,Branded,Non-local",English
980,how to set up a ring doorbell camera,us,0,80,,,how to install ring doorbell,2025-12-26 8:10:33,"AI Overview,Thumbnail,People also ask,Discussions,Video preview,Top stories",90,4400,6200,2016-10-03,"Informational,Branded,Non-local",English
981,door ring bell camera,us,13,80,0.45,,ring doorbell camera,2025-11-16 1:14:03,"Shopping,Thumbnail,Sitelinks,Video preview,People also ask,Top stories",350,38000,52000,2016-11-25,"Informational,Commercial,Branded,Non-local",English
982,why is my ring camera not alerting me,us,0,80,,,not getting ring notifications,2025-11-15 15:24:48,"AI Overview,Thumbnail,People also ask,Sitelinks",90,800,1000,2020-12-23,"Informational,Non-branded,Non-local",English
983,nest doorbell cam,us,3,80,0.4,0.96,google nest doorbell,2025-12-08 8:31:07,"People also ask,Knowledge panel,Sitelinks,Top stories,Thumbnail",90,3400,3600,2016-09-07,"Informational,Commercial,Branded,Non-local",English
984,nest cam floodlight,us,2,80,0.5,,nest floodlight camera,2025-12-25 5:41:26,"Sitelinks,Discussions,Knowledge panel,Top stories,Thumbnail,People also ask",150,2600,2800,2020-01-18,"Informational,Commercial,Branded,Non-local",English
985,how to hide a ring camera,us,0,80,0.05,,how to hide ring camera,2025-12-18 3:56:21,"AI Overview,Thumbnail,People also ask,Sitelinks,Discussions",90,200,200,2020-01-10,"Informational,Commercial,Branded,Non-local",English
986,ring sale camera,us,1,80,0.9,,ring cameras on sale,2025-12-08 13:55:25,"Thumbnail,Sitelinks,Shopping,People also ask,Discussions",150,2400,2500,2020-07-13,"Commercial,Transactional,Branded,Non-local",English
987,what did sophie turner say on the ring camera,us,1,80,,,what did sophie turner say on the ring camera,2025-12-07 14:50:08,"Thumbnail,Sitelinks,People also ask",100,50,60,2023-09-06,"Informational,Branded,Non-local",English
988,ring camera prices,us,36,80,0.8,,ring wireless camera,2025-11-26 9:42:33,"Thumbnail,Sitelinks,People also ask,Shopping,Video preview,Discussions,Top stories",90,11000,11000,2018-05-04,"Informational,Commercial,Branded,Non-local",English
989,ring camera range of view,us,0,80,0.5,,ring camera view range,2025-11-05 21:56:27,"AI Overview,Thumbnail,People also ask,Sitelinks,Discussions,Video preview",90,90,100,2019-10-12,"Informational,Branded,Non-local",English
990,battery powered stick up camera ring,us,9,80,,,ring stick up cam,2025-11-26 0:36:15,"Thumbnail,Shopping,People also ask,Sitelinks,Discussions",80,4800,4900,2020-03-08,"Informational,Commercial,Transactional,Branded,Non-local",English
991,battery powered ring stick up camera,us,5,80,,,ring stick up cam,2025-12-17 9:06:05,"Shopping,Thumbnail,Sitelinks,Discussions",80,4700,4800,2020-02-14,"Informational,Commercial,Transactional,Branded,Non-local",English
992,what does the blue light mean on ring camera,us,0,80,,,blue light on ring camera,2025-10-23 19:33:31,"AI Overview,Thumbnail,People also ask,Sitelinks,Video preview",90,700,700,2020-06-02,"Informational,Branded,Non-local",English
993,ring camera plus vs pro,us,0,80,0.9,,ring floodlight cam wired pro,2025-12-22 1:16:44,"Sitelinks,People also ask,Top stories,Thumbnail",100,100,100,2021-10-05,"Informational,Commercial,Branded,Non-local",English
994,outdoor ring security cam wired,us,2,80,,,ring security camera,2025-12-25 23:50:18,"Sitelinks,Thumbnail,Shopping,Discussions,People also ask",80,14000,15000,2020-01-21,"Informational,Commercial,Branded,Non-local",English
995,ring floodlight cam battery,us,0,80,0.5,,ring floodlight battery,2025-11-25 2:09:41,"Top ads,Paid sitelinks,Thumbnail,Sitelinks,Discussions,People also ask,Shopping,Bottom ads",90,200,200,2017-11-11,"Informational,Commercial,Branded,Non-local",English
996,nest camera red light,us,0,80,,,nest camera red light,2025-12-23 4:12:49,"AI Overview,Thumbnail,Sitelinks,People also ask",90,20,20,2016-01-27,"Informational,Branded,Non-local",English
997,google nest camera power cord,us,0,80,0.5,,google nest camera power cord,2025-11-29 22:00:20,"Thumbnail,Shopping,People also ask,Discussions,Sitelinks",90,450,450,2020-06-22,"Informational,Commercial,Transactional,Branded,Non-local",English
998,google nest outdoor camera wired,us,21,80,0.7,,nest camera outdoor,2025-12-03 19:32:32,"Thumbnail,Sitelinks,People also ask,Shopping,Top stories,Discussions",100,4300,4300,2021-08-30,"Informational,Commercial,Transactional,Branded,Non-local",English
999,ring video stick up camera,us,20,80,0.6,,ring stick up cam,2025-12-14 3:05:18,"Thumbnail,People also ask,Top stories,Video preview,Discussions",80,4700,4700,2016-09-17,"Informational,Commercial,Branded,Non-local",English
1000,can a ring camera get wet,us,0,80,,,are ring cameras waterproof,2025-11-23 9:05:19,"AI Overview,Thumbnail,People also ask,Sitelinks",90,1200,1400,2021-07-14,"Informational,Branded,Non-local",English
1001,ring camera in apartment hallway,us,1,80,0.6,,are ring cameras allowed in apartment buildings,2025-12-09 4:03:18,"AI Overview,Thumbnail,Sitelinks,People also ask,Video preview",90,0,0,2022-03-25,"Informational,Branded,Non-local",English
1002,big bear bald eagle nest camera,us,,80,,,,,,90,,,2021-01-11,,
1003,how to connect ring camera to new wifi,us,0,80,,,how to change wifi on ring doorbell,2025-12-08 14:14:02,"AI Overview,Thumbnail,People also ask,Sitelinks,Video preview",200,4100,6000,2020-04-10,"Informational,Branded,Non-local",English
1004,how to turn off your ring camera,us,0,80,,,how to turn off ring camera,2025-11-27 3:46:54,"AI Overview,Thumbnail,People also ask,Sitelinks,Video preview",90,1300,1300,2020-04-29,"Informational,Branded,Non-local",English
1005,what does the red light on a ring camera mean,us,0,80,,,ring camera red light,2025-12-01 5:07:28,"AI Overview,Thumbnail,People also ask,Sitelinks",100,500,500,2020-11-21,"Informational,Branded,Non-local",English
1006,reset button on ring camera,us,0,80,,,how to reset ring doorbell,2025-12-16 7:58:44,"AI Overview,Thumbnail,People also ask,Video preview",100,8000,8200,2019-08-03,"Informational,Branded,Non-local",English
1007,ring camera founder,us,28,80,,,jamie siminoff,2025-11-28 20:06:27,"AI Overview,Thumbnail,People also ask,Top stories,Discussions",100,4300,9700,2020-09-25,"Informational,Branded,Non-local",English
1008,google outdoor wired nest cam reviews,us,,80,,,,,,80,,,2025-10-18,,
1009,google nest camera doorbell,us,3,80,0.4,,google nest doorbell,2025-12-13 13:16:47,"Thumbnail,People also ask,Sitelinks,Shopping,Top stories",150,3800,4200,2017-07-23,"Informational,Commercial,Branded,Non-local",English
1010,nest camera charger,us,0,80,0.45,,google nest cam charger,2025-10-30 18:08:48,"Shopping,Thumbnail,Sitelinks,People also ask,Discussions",90,100,100,2017-06-23,"Informational,Commercial,Transactional,Branded,Non-local",English
1011,ring spotlight cam plus solar,us,0,80,1.1,,ring spotlight cam,2025-11-10 3:29:54,"Thumbnail,Sitelinks,People also ask,Shopping,Discussions",150,8700,8700,2022-10-11,"Informational,Commercial,Transactional,Branded,Non-local",English
1012,ring pet camera,us,0,80,0.45,,ring pet tag,2025-12-25 19:50:02,"Thumbnail,Sitelinks,People also ask,Shopping,Discussions,Top stories,Video preview",150,70,200,2018-12-08,"Informational,Commercial,Transactional,Branded,Non-local",English
1013,ring doorbell camera reviews,us,7,80,0.35,,ring doorbell review,2025-12-22 22:47:53,"People also ask,Sitelinks,Knowledge panel,Video preview,Top stories,Thumbnail",100,400,600,2015-12-09,"Informational,Commercial,Branded,Non-local",English
1014,how to set up nest camera,us,6,80,0.3,,google camera,2025-12-20 6:32:52,"AI Overview,Thumbnail,People also ask,Discussions,Sitelinks",90,800,900,2015-12-02,"Informational,Branded,Non-local",English
1015,reactivate ring camera,us,,80,0.6,,,,,100,,,2022-09-30,,
1016,ring security cam wired indoor,us,17,80,,,ring indoor camera,2025-10-30 4:43:53,"Thumbnail,Sitelinks,Shopping,Video preview,Discussions,People also ask",80,14000,14000,2020-01-11,"Informational,Commercial,Branded,Non-local",English
1017,nest cam subscription,us,7,80,0.6,0.99,nest aware,2025-11-07 16:35:59,"People also ask,Sitelinks,Top stories,Thumbnail,Video preview",100,20000,21000,2015-09-28,"Informational,Commercial,Branded,Non-local",English
1018,ring wifi camera indoor,us,23,80,,,ring indoor camera,2025-12-21 12:04:32,"Thumbnail,Sitelinks,Shopping,People also ask,Discussions,Video preview,Top stories",80,9200,9400,2020-01-14,"Informational,Commercial,Branded,Non-local",English
1019,ring camera sale amazon,us,1,80,0.9,,ring wireless camera,2025-11-10 10:11:19,"Thumbnail,People also ask,Sitelinks",90,3500,4200,2019-10-13,"Commercial,Transactional,Branded,Non-local",English
1020,ring stick up cam battery price,us,,80,,,,,,80,,,2020-05-22,,
1021,ring camera flashing blue when charging,us,0,80,,,ring doorbell flashing blue while charging,2025-12-26 3:26:48,"AI Overview,Thumbnail,Sitelinks,People also ask",150,450,1400,2022-11-18,"Informational,Branded,Non-local",English
1022,austin house explosion ring camera,us,,80,,,,,,80,,,2025-04-14,,
1023,jax and brittany ring camera,us,,80,,,,,,80,,,2025-05-26,,
1024,cellular ring camera,us,0,80,0.35,,ring security camera,2025-12-16 15:18:23,"AI Overview,Thumbnail,Sitelinks,People also ask,Video preview,Shopping",90,17000,17000,2020-02-12,"Informational,Commercial,Branded,Non-local",English
1025,hidden ring camera ideas,us,0,80,,,how to hide ring camera,2025-11-24 20:57:49,"Thumbnail,People also ask,Sitelinks,Shopping,Discussions",100,200,200,2023-05-18,"Informational,Commercial,Branded,Non-local",English
1026,brittany cartwright ring camera,us,,80,,,,,,80,,,2025-05-26,,
1027,stick up camera ring battery,us,0,80,,,ring stick up cam battery replacement,2025-12-01 8:41:06,"Shopping,Thumbnail,People also ask,Sitelinks,Video preview,Discussions,Top stories",80,150,150,2020-01-21,"Informational,Commercial,Transactional,Branded,Non-local",English
1028,battery powered stick up cam ring,us,11,80,,,ring stick up cam,2025-11-25 14:37:30,"Thumbnail,Shopping,People also ask,Discussions,Sitelinks",80,4800,4900,2020-02-05,"Informational,Commercial,Transactional,Branded,Non-local",English
1029,ring indoor cam 2nd gen reviews,us,,80,,,,,,90,,,2025-05-05,,
1030,4k ring camera,us,5,80,0.4,,4k ring,2025-12-17 20:05:35,"People also ask,Thumbnail,Sitelinks,Shopping,Discussions,Video preview",100,250,250,2017-10-16,"Informational,Commercial,Branded,Non-local",English
1031,ring outdoor stick up security camera,us,1,80,0.8,,ring stick up cam,2025-11-17 12:48:46,"Thumbnail,Shopping,Knowledge panel,People also ask,Top stories,Sitelinks,Video preview",80,5100,5100,2020-02-11,"Informational,Commercial,Branded,Non-local",English
1032,ring camera black,us,17,80,0.4,,ring outdoor camera,2025-11-19 5:55:32,"Shopping,Thumbnail,Sitelinks,People also ask,Video preview,Discussions,Top stories",100,24000,25000,2018-09-12,"Informational,Commercial,Branded,Non-local",English
1033,can you reset a ring camera,us,0,80,,,how to reset ring doorbell,2025-11-29 16:35:20,"AI Overview,Thumbnail,People also ask,Sitelinks,Video preview",90,6900,7100,2020-09-26,"Informational,Branded,Non-local",English
1034,can i put a ring camera on my apartment door,us,0,80,0.45,,can i put a ring camera on my apartment door,2025-11-15 9:49:50,"AI Overview,Thumbnail,People also ask,Sitelinks",90,300,300,2021-03-04,"Informational,Branded,Non-local",English
1035,nest cam wired,us,24,80,0.45,,nest indoor camera,2025-11-28 21:27:27,"People also ask,Knowledge panel,Discussions,Video preview",150,2600,2700,2016-04-03,"Informational,Commercial,Branded,Non-local",English
1036,how do you reset a ring camera,us,0,80,,,how to reset ring doorbell,2025-11-30 22:34:17,"AI Overview,Thumbnail,People also ask,Sitelinks",90,6900,7100,2020-04-22,"Informational,Branded,Non-local",English
1037,ring outdoor camera reviews,us,3,80,0.45,,ring camera reviews,2025-12-26 20:39:18,"AI Overview,Thumbnail,Sitelinks,People also ask,Video preview",100,300,600,2020-01-25,"Informational,Commercial,Branded,Non-local",English
1038,hidden nest camera,us,0,80,0.35,,hidden nest camera,2025-12-15 12:57:51,"Shopping,Thumbnail,Sitelinks,Discussions,People also ask",100,50,50,2016-03-21,"Informational,Commercial,Branded,Non-local",English
1039,ring camera not sending notifications,us,0,80,,,ring notifications not working,2025-12-25 3:52:26,"AI Overview,Thumbnail,Sitelinks,People also ask",100,900,1000,2019-01-22,"Informational,Branded,Non-local",English
1040,promo code for ring stickup cam solar,us,1,80,,,ring discount code,2025-10-24 16:04:01,People also ask,80,3100,4500,2020-02-01,"Informational,Commercial,Transactional,Branded,Non-local",English
1041,prince harry ring camera,us,,80,,,,,,100,,,2025-05-09,,
1042,ring doorbell camera setup,us,1,80,0.45,,how to install ring doorbell,2025-11-17 5:30:49,"AI Overview,Thumbnail,People also ask,Discussions,Top stories,Video preview",100,4600,6700,2018-06-20,"Informational,Branded,Non-local",English
1043,hidden camera ring,us,0,80,,,ring indoor camera,2025-12-16 19:59:46,"Shopping,Thumbnail,Sitelinks,People also ask,Video preview,Discussions",150,9200,9400,2016-01-10,"Informational,Commercial,Non-branded,Non-local",English
1044,how long does ring outdoor camera battery last,us,0,80,0.6,,how long does ring camera battery last,2025-12-04 18:08:29,"AI Overview,Thumbnail,Sitelinks,People also ask",100,900,1000,2020-04-25,"Informational,Branded,Non-local",English
1045,my nest camera is offline,us,0,80,,,nest doorbell offline,2025-12-15 17:43:35,"AI Overview,People also ask,Sitelinks",100,1200,1200,2018-12-17,"Informational,Branded,Non-local",English
1046,ring stickup cam wired zoom,us,0,70,,,ring stickup cam wired zoom,2025-11-24 11:26:54,"Discussions,People also ask,Shopping,Thumbnail",70,30,30,2020-03-20,"Informational,Branded,Non-local",English
1047,how to turn off the ring camera,us,0,70,,,how to turn off ring,2025-11-20 0:27:11,"AI Overview,Thumbnail,Sitelinks,People also ask,Video preview",80,700,700,2020-01-15,"Informational,Branded,Non-local",English
1048,ring camera video,us,10,70,0.25,,ring,2025-12-13 13:53:18,"Sitelinks,People also ask,Top stories,Thumbnail,Video preview",80,518000,625000,2016-08-23,"Informational,Branded,Non-local",English
1049,how to reset nest doorbell camera,us,0,70,,,how to reset nest doorbell,2025-11-26 2:00:26,"AI Overview,Thumbnail,People also ask,Sitelinks",80,5600,5700,2020-01-16,"Informational,Branded,Non-local",English
1050,code p10-01 ring camera,us,,70,,,,,,100,,,2024-07-08,,
1051,how to deactivate a ring camera,us,0,70,,,how to turn off ring camera,2025-11-23 5:37:39,"AI Overview,Thumbnail,People also ask,Sitelinks",80,2800,3300,2020-06-18,"Informational,Branded,Non-local",English
1052,ring indoor flying camera,us,,70,,,,,,100,,,2020-09-24,"Informational,Commercial,Branded,Non-local",English
1053,how long ring camera battery last,us,0,70,0.15,,how long does ring camera battery last,2025-11-13 10:51:54,"AI Overview,Sitelinks,People also ask,Thumbnail",80,900,1000,2018-02-06,"Informational,Branded,Non-local",English
1054,ring floodlight cam wired pro review,us,12,70,0.5,,ring floodlight camera,2025-12-13 7:24:10,"AI Overview,Thumbnail,Sitelinks,Knowledge panel,People also ask,Discussions,Top stories",90,350,400,2021-04-20,"Informational,Commercial,Branded,Non-local",English
1055,ring indoor stick up cam wired,us,20,70,,,ring stick up camera,2025-12-14 22:44:33,"AI Overview,Thumbnail,People also ask,Discussions,Sitelinks,Video preview,Shopping",70,300,300,2020-01-14,"Informational,Commercial,Branded,Non-local",English
1056,google nest battery camera,us,26,70,0.5,,google nest camera,2025-11-15 11:46:54,"Thumbnail,Sitelinks,People also ask,Shopping,Video preview,Bottom ads,Paid sitelinks",100,5400,6200,2020-04-29,"Informational,Commercial,Branded,Non-local",English
1057,ring camera extender,us,0,70,0.5,,ring wifi extender,2025-12-14 9:33:28,"Thumbnail,Sitelinks,People also ask,Discussions,Shopping,Video preview",70,900,900,2017-09-05,"Informational,Commercial,Transactional,Branded,Non-local",English
1058,google nest cam battery price,us,,70,,,,,,70,,,2025-03-29,,
1059,ring camera google home,us,0,70,0.8,,does ring work with google home,2025-11-24 15:38:32,"AI Overview,Thumbnail,Sitelinks,People also ask",150,1100,1300,2017-02-07,"Informational,Branded,Non-local",English
1060,phone number for ring camera,us,22,70,,,ring customer service,2025-12-03 22:53:52,AI Overview,80,20000,22000,2019-08-14,"Informational,Branded,Non-local",English
1061,how long does it take ring camera to charge,us,0,70,,,how long does it take to charge ring camera battery,2025-11-15 10:12:16,"AI Overview,Thumbnail,People also ask,Sitelinks,Video preview",70,1900,2200,2022-06-02,"Informational,Branded,Non-local",English
1062,solar panel not charging ring camera,us,0,70,,,ring solar panel not charging,2025-11-23 10:14:03,"AI Overview,Thumbnail,Sitelinks,People also ask",80,450,500,2020-02-08,"Informational,Branded,Non-local",English
1063,ring camera footage jax taylor,us,,70,,,,,,80,,,2025-05-26,,
1064,ring spotlight cam motion zones,us,,70,,,,,,70,,,2018-07-01,"Informational,Branded,Non-local",English
1065,ring camera hack may 28,us,,70,,,,,,70,,,2025-07-17,,
1066,ring floodlight cam costco,us,0,70,0.7,0.97,ring floodlight camera,2025-12-19 7:13:03,"Thumbnail,People also ask,Video preview",70,900,1000,2017-04-12,"Informational,Commercial,Transactional,Branded,Non-local",English
1067,ring camera blue flashing light,us,,70,,,,,,90,,,2020-12-05,,
1068,eufy vs ring camera,us,0,70,,,eufy vs ring,2025-12-22 16:33:18,"AI Overview,Thumbnail,Sitelinks,People also ask,Discussions,Top stories",100,800,1400,2019-11-02,"Informational,Commercial,Branded,Non-local",English
1069,ring indoor camera blue light meaning,us,0,70,,,ring camera light meaning,2025-12-08 16:46:25,"AI Overview,Thumbnail,People also ask,Sitelinks",100,800,800,2020-06-17,"Informational,Branded,Non-local",English
1070,wyze camera vs ring,us,0,70,0.35,,wyze vs ring,2025-11-26 15:12:19,"AI Overview,Thumbnail,Sitelinks,People also ask",70,350,350,2019-09-23,"Informational,Commercial,Branded,Non-local",English
1071,my ring camera is not charging,us,0,70,,,ring doorbell not charging,2025-12-24 11:20:47,"AI Overview,Thumbnail,People also ask,Sitelinks",70,900,1500,2022-01-09,"Informational,Branded,Non-local",English
1072,why does my nest camera keep going offline,us,0,70,,,nest camera offline but wifi working,2025-11-18 11:45:03,"AI Overview,Thumbnail,Sitelinks,People also ask",80,600,700,2018-04-28,"Informational,Branded,Non-local",English
1073,how to disconnect a ring camera,us,0,70,,,how to remove ring doorbell,2025-11-16 13:34:42,"AI Overview,Thumbnail,People also ask,Sitelinks,Discussions,Video preview",80,3000,3600,2020-02-22,"Informational,Branded,Non-local",English
1074,indoor ring stick up cam wired,us,20,70,,,ring stick up camera,2025-12-03 11:00:33,"Thumbnail,Discussions,Shopping,People also ask,Sitelinks,Video preview",70,250,300,2020-01-12,"Informational,Commercial,Branded,Non-local",English
1075,ring stick up cam price,us,,70,0.2,,,,,70,,,2017-08-25,"Informational,Commercial,Branded,Non-local",English
1076,ring flying camera price,us,20,70,0.15,,ring flying camera price,2025-11-28 0:28:05,"Thumbnail,People also ask,Video preview,Discussions,Sitelinks",70,70,70,2020-09-25,"Informational,Commercial,Branded,Non-local",English
1077,nest cam setup,us,5,70,0.7,0.8,google camera,2025-12-25 5:57:00,"AI Overview,People also ask,Video preview,Top stories,Thumbnail",100,800,900,2015-09-03,"Informational,Branded,Non-local",English
1078,bird nest with camera,us,3,70,0.2,,bird box camera,2025-11-24 11:36:36,"Shopping,Thumbnail,Sitelinks,People also ask,Discussions",150,90,90,2017-03-22,"Informational,Commercial,Transactional,Non-branded,Non-local",English
1079,ring outdoor security cam,us,0,70,0.7,,ring outdoor camera,2025-11-15 11:27:24,"Sitelinks,People also ask,Thumbnail,Top stories,Discussions",80,24000,25000,2018-10-29,"Informational,Commercial,Transactional,Branded,Non-local",English
1080,ring camera inside house,us,12,70,0.4,,ring camera indoor,2025-11-27 23:11:02,"Shopping,Thumbnail,People also ask,Sitelinks,Discussions,Video preview",80,3700,3900,2020-01-26,"Informational,Commercial,Transactional,Branded,Non-local",English
1081,ring security camera review,us,7,70,0.5,0.85,best ring camera,2025-12-26 7:53:07,"AI Overview,Thumbnail,Sitelinks,People also ask,Discussions",150,900,1000,2016-04-21,"Informational,Commercial,Branded,Non-local",English
1082,how to install ring camera on brick,us,0,70,,,how to mount ring doorbell on brick,2025-12-03 19:15:19,"Sitelinks,People also ask,Video preview",80,500,500,2018-10-29,"Informational,Branded,Non-local",English
1083,ring camera light not working,us,,70,,,,,,90,,,2020-09-30,"Informational,Branded,Non-local",English
1084,ring outdoor stick up cam wired,us,8,70,,,ring stick up cam,2025-11-22 7:33:55,"Thumbnail,People also ask,Discussions,Knowledge panel,Video preview",70,6200,6300,2020-01-14,"Informational,Commercial,Branded,Non-local",English
1085,eagle nest camera,us,30,70,0.25,1,big bear eagles,2025-11-29 18:28:10,"People also ask,Top stories,Thumbnail,Video preview",80,207000,210000,2016-02-02,"Informational,Non-branded,Non-local",English
1086,livie rose henderson ring camera,us,,70,,,,,,80,,,2025-10-21,,
1087,ring indoor security cam wired,us,22,70,,,ring camera indoor,2025-11-27 3:25:08,"Thumbnail,Sitelinks,Shopping,Discussions,Video preview,People also ask",70,3700,3900,2020-01-21,"Informational,Commercial,Branded,Non-local",English
1088,ring indoor camera amazon,us,3,70,1.1,,ring indoor camera amazon,2025-12-13 22:30:18,"Sitelinks,Thumbnail,People also ask",80,30,30,2019-09-29,"Informational,Commercial,Transactional,Branded,Non-local",English
1089,how to know if ring camera is charging,us,0,70,,,how long does a ring camera take to charge,2025-12-16 3:58:40,"AI Overview,Thumbnail,People also ask,Sitelinks",80,1700,2100,2021-12-22,"Informational,Branded,Non-local",English
1090,how to reactivate a ring camera,us,0,70,,,how to reactivate ring camera,2025-12-13 19:24:02,"AI Overview,Thumbnail,Sitelinks,People also ask,Video preview",80,60,60,2022-10-22,"Informational,Branded,Non-local",English
1091,loveland nest cam,us,1,70,,,loveland osprey cam,2025-12-27 10:05:47,"Thumbnail,People also ask,Sitelinks",70,70,70,2020-10-21,"Informational,Branded,Local",English
1092,google nest camera vs ring,us,0,70,0.15,,ring vs nest,2025-11-28 22:00:24,"AI Overview,Thumbnail,Sitelinks,People also ask,Top stories,Video preview,Discussions",80,2500,2700,2020-02-03,"Informational,Commercial,Branded,Non-local",English
1093,ring camera that moves,us,24,70,0.3,,ring-360,2025-12-18 22:31:43,"People also ask,Shopping,Thumbnail,Sitelinks,Discussions,Video preview",70,600,600,2020-07-11,"Informational,Commercial,Branded,Non-local",English
1094,best indoor ring camera,us,23,70,0.6,,indoor camera,2025-11-24 15:34:02,"Top ads,Paid sitelinks,Thumbnail,Sitelinks,People also ask,Video preview,Shopping,Bottom ads",80,4500,4700,2020-12-03,"Informational,Commercial,Branded,Non-local",English
1095,ring camera siding mount,us,,70,0.45,,,,,80,,,2020-11-07,"Informational,Commercial,Transactional,Branded,Non-local",English
1096,remove ring camera,us,0,70,,,how to turn off ring camera,2025-11-23 23:30:58,"AI Overview,Thumbnail,People also ask,Sitelinks,Top stories,Video preview",90,2800,3300,2020-02-23,"Informational,Branded,Non-local",English
1097,how to turn off ring camera notifications,us,0,70,,,how to turn off ring notifications,2025-11-10 0:53:21,"AI Overview,Thumbnail,People also ask,Sitelinks,Video preview",80,1600,1600,2019-07-01,"Informational,Branded,Non-local",English
1098,ring camera offline how to reconnect,us,,70,,,,,,80,,,2023-08-28,,
1099,google nest solar camera,us,0,70,0.7,,nest camera solar panel,2025-11-26 2:17:32,"Thumbnail,Shopping,Discussions,People also ask",90,600,600,2021-05-18,"Informational,Commercial,Branded,Non-local",English
1100,ring camera promo code,us,0,70,1.4,,ring discount code,2025-12-23 4:05:08,"AI Overview,People also ask,Sitelinks",80,3000,4000,2016-04-24,"Informational,Commercial,Transactional,Branded,Non-local",English
1101,why my ring camera is not working,us,0,70,,,ring camera not working,2025-11-08 6:12:17,"AI Overview,Thumbnail,People also ask,Sitelinks,Video preview",70,500,600,2020-03-14,"Informational,Branded,Non-local",English
1102,outdoor ring stick up cam wired,us,8,70,,,ring stick up cam,2025-11-25 11:04:35,"Thumbnail,Discussions,Knowledge panel,People also ask,Sitelinks",70,6200,6300,2020-01-15,"Informational,Commercial,Transactional,Branded,Non-local",English
1103,connecting ring camera to wifi,us,0,70,,,how to connect ring to wifi,2025-11-30 18:35:47,"AI Overview,Thumbnail,Sitelinks,People also ask,Video preview",100,6100,8000,2020-03-26,"Informational,Branded,Non-local",English
1104,ring camera pov,us,0,70,,,ring doorbell videos,2025-11-28 20:29:54,"People also ask,Shopping,Thumbnail,Discussions,Video preview,Sitelinks",70,150,200,2020-10-10,"Informational,Commercial,Branded,Non-local",English
1105,ring camera deal,us,12,70,0,,ring doorbell deals,2025-11-24 15:08:12,"Top ads,Thumbnail,Sitelinks,Shopping,People also ask,Video preview,Top stories,Discussions,Bottom ads,Paid sitelinks",70,2900,3100,2018-12-24,"Informational,Commercial,Transactional,Branded,Non-local",English
1106,eufy ring camera,us,,70,,,,,,150,,,2021-11-28,,
1107,google nest cam solar panel,us,0,70,0.5,,nest camera solar panel,2025-12-01 12:27:31,"People also ask,Sitelinks,Knowledge panel,Discussions",150,700,700,2021-08-23,"Informational,Commercial,Branded,Non-local",English
1108,nest outdoor camera review,us,8,70,0.3,0.99,nest outdoor camera review,2025-11-21 23:06:57,"Sitelinks,Knowledge panel,People also ask,Top stories,Thumbnail,Discussions",150,600,600,2016-07-15,"Informational,Commercial,Branded,Non-local",English
1109,nest camera wireless,us,23,70,0.45,0.68,nest camera,2025-11-16 16:29:55,"Thumbnail,People also ask,Sitelinks,Discussions,Shopping",90,53000,61000,2015-09-30,"Informational,Commercial,Branded,Non-local",English
1110,camera ring jewelry,us,,70,,,,,,80,,,2016-02-16,"Informational,Commercial,Transactional,Non-branded,Non-local",English
1111,how to hard reset ring camera,us,0,70,,,how to reset ring doorbell,2025-12-24 18:28:25,"AI Overview,Thumbnail,People also ask,Discussions,Sitelinks,Video preview",80,8000,8200,2020-03-21,"Informational,Branded,Non-local",English
1112,change nest camera wifi,us,0,70,,,change nest camera wifi,2025-12-19 17:39:48,"AI Overview,Sitelinks,People also ask",70,200,200,2016-10-06,"Informational,Branded,Non-local",English
1113,nest camera sign in,us,37,70,0.35,,nest login,2025-12-21 1:26:02,"Sitelinks,People also ask",80,75000,120000,2017-09-26,"Informational,Branded,Non-local",English
1114,how long does a ring camera stay charged,us,,70,,,,,,70,,,2022-11-28,,
1115,what does the blue light on ring camera mean,us,0,70,,,ring camera blue light,2025-12-19 13:36:19,"Featured snippet,People also ask,Sitelinks,Video preview",80,350,350,2021-02-27,"Informational,Branded,Non-local",English
1116,ring stick up cam wired outdoor,us,7,70,0.45,,ring stick up cam,2025-11-22 18:46:35,"Thumbnail,People also ask,Knowledge panel,Discussions",70,6200,6300,2020-01-11,"Informational,Commercial,Branded,Non-local",English
1117,nest camera solar,us,0,70,0.45,,nest camera solar panel,2025-11-28 1:40:04,"Thumbnail,Shopping,People also ask,Sitelinks,Discussions",80,700,700,2016-10-18,"Informational,Commercial,Branded,Non-local",English
1118,olivia henderson ring camera footage,us,,70,,,,,,80,,,2025-11-16,,
1119,do you need internet for ring camera,us,0,70,0.4,,do ring cameras need wifi,2025-12-21 4:12:43,"AI Overview,Thumbnail,Sitelinks,People also ask",80,800,1000,2020-01-30,"Informational,Branded,Non-local",English
1120,ring spotlight cam installation,us,0,70,0.3,0.97,ring spotlight cam mounting options,2025-12-18 20:41:58,"People also ask,Thumbnail,Discussions",80,0,0,2017-10-05,"Informational,Branded,Non-local",English
1121,ring stickup camera,us,5,70,0.6,1.64,ring stick up cam,2025-12-26 3:26:05,"Shopping,Thumbnail,People also ask,Sitelinks,Top stories,Video preview",90,6100,6100,2016-01-07,"Informational,Commercial,Transactional,Branded,Non-local",English
1122,eagles nest live cam,us,56,70,2,,jackie and shadow,2025-11-23 16:06:32,"Thumbnail,Top stories,Video preview,Sitelinks",90,127000,130000,2016-03-19,"Informational,Non-branded,Non-local",English
1123,how does ring camera work without wifi,us,0,70,0.35,,does ring camera need wifi,2025-12-20 3:21:50,"AI Overview,Thumbnail,Sitelinks,People also ask",100,1000,1000,2022-01-15,"Informational,Branded,Non-local",English
1124,ring cam plans,us,36,70,,,ring subscription,2023-06-22 20:43:05,"Sitelinks,People also ask",80,79000,,2017-03-11,"Informational,Commercial,Branded,Non-local",English
1125,ring stickup security camera ethernet,us,0,70,,,ring poe camera,2025-12-20 3:42:19,"Discussions,People also ask,Sitelinks,Shopping,Thumbnail,Video preview",80,600,600,2020-02-05,"Informational,Commercial,Branded,Non-local",English
1126,does ring camera notify you of movement,us,0,70,,,does ring camera notify you of movement,2025-12-15 16:51:36,"AI Overview,Thumbnail,Sitelinks,People also ask,Discussions,Video preview",80,20,20,2022-02-07,"Informational,Branded,Non-local",English
1127,can you turn off a ring camera,us,0,70,,,how to turn off ring camera,2025-12-22 5:05:39,"AI Overview,Thumbnail,Sitelinks,People also ask,Video preview,Top stories",80,1400,1500,2020-01-10,"Informational,Branded,Non-local",English
1128,nest camera not working,us,0,70,0.04,,nest doorbell offline,2025-12-11 5:04:20,"AI Overview,Thumbnail,People also ask,Sitelinks,Top stories,Video preview",100,1100,1200,2017-06-16,"Informational,Branded,Non-local",English
1129,ring spotlight cam mounting options,us,0,70,0.45,,ring spotlight cam mount,2025-12-16 1:13:04,"AI Overview,Thumbnail,People also ask,Sitelinks,Discussions,Video preview",70,90,90,2018-03-13,"Informational,Branded,Non-local",English
1130,ring solar floodlight camera,us,0,70,0.4,,ring wireless floodlight camera with solar panel,2025-12-27 3:33:47,"Top ads,Paid sitelinks,Sitelinks,Shopping,Thumbnail,Discussions,People also ask,Bottom ads",70,40,40,2019-06-03,"Informational,Commercial,Branded,Non-local",English
1131,battery powered ring stick up cam,us,8,70,,,ring stick up cam,2025-11-30 3:59:04,"Thumbnail,Shopping,Discussions,Video preview,People also ask,Sitelinks",70,5100,5200,2020-02-21,"Informational,Commercial,Branded,Non-local",English
1132,cheap ring camera,us,24,70,0.8,,ring camera,2025-12-21 23:00:17,"Shopping,Thumbnail,People also ask,Sitelinks,Discussions,Video preview,Top stories",90,2800,3500,2017-12-20,"Informational,Commercial,Transactional,Branded,Non-local",English
1133,reset ring floodlight camera,us,3,70,,,how to reset ring camera,2023-06-13 19:02:26,"Featured snippet,Thumbnail,People also ask,Sitelinks,Videos",80,700,,2020-02-22,"Informational,Branded,Non-local",English
1134,does ring camera work with google home,us,0,70,1.5,,does ring work with google home,2025-12-14 4:49:39,"AI Overview,Thumbnail,Sitelinks,People also ask",100,1100,1300,2017-07-07,"Informational,Branded,Non-local",English
1135,how to power off ring camera,us,0,70,,,how to turn off ring camera,2025-12-20 11:09:02,"AI Overview,Thumbnail,Sitelinks,People also ask",80,1400,1400,2021-11-13,"Informational,Branded,Non-local",English
1136,ring camera outage today,us,,70,,,,,,90,,,2022-02-23,,
1137,promo code for ring stickup cam wired,us,1,70,,,ring discount code,2025-11-19 15:48:16,"People also ask,Sitelinks",70,3500,5400,2020-02-14,"Informational,Commercial,Transactional,Branded,Non-local",English
1138,nest wireless outdoor camera,us,36,70,0.4,0.89,google nest cam battery,2025-12-08 18:43:18,"Thumbnail,People also ask,Shopping,Discussions,Top stories,Sitelinks",70,3100,3800,2015-11-22,"Informational,Commercial,Branded,Non-local",English
1139,ring floodlight wired camera plus (white),us,,70,,,,,,70,,,2025-06-20,,
1140,view ring camera on roku tv,us,0,70,,,view ring camera on roku tv,2025-11-28 0:06:56,"AI Overview,Thumbnail,Sitelinks,People also ask",70,70,70,2021-05-17,"Informational,Branded,Non-local",English
1141,ring floodlight cam wired plus vs pro,us,0,70,0.02,,ring floodlight pro vs plus,2025-12-27 12:42:21,"AI Overview,Thumbnail,Sitelinks,People also ask,Video preview,Discussions",100,600,700,2021-06-04,"Informational,Commercial,Branded,Non-local",English
1142,ring camera holder for door,us,0,70,0.3,,ring doorbell holder,2025-12-23 23:59:06,"Shopping,Thumbnail,Sitelinks,People also ask,Discussions",70,200,200,2020-10-14,"Informational,Commercial,Transactional,Branded,Non-local",English
1143,overhead camera mount with ring light,us,,70,,,,,,80,,,2022-10-13,,
1144,ring camera removal,us,0,70,,,how to remove ring doorbell,2025-11-24 2:38:48,"AI Overview,Thumbnail,People also ask,Sitelinks,Video preview",80,1000,1200,2019-07-28,"Informational,Branded,Non-local",English
1145,nest peephole camera,us,0,70,0.35,,nest peephole camera,2025-12-10 15:01:21,"Sitelinks,People also ask,Discussions",150,30,30,2018-05-03,"Informational,Commercial,Branded,Non-local",English
1146,does a ring camera work without wifi,us,0,70,,,does ring camera need wifi,2025-12-21 5:29:29,"AI Overview,Thumbnail,Sitelinks,People also ask,Discussions",80,1000,1000,2021-03-18,"Informational,Branded,Non-local",English
1147,ring indoor cam 2nd gen review,us,12,70,,,ring indoor camera review,2025-12-20 16:40:47,"Knowledge panel,Thumbnail,Sitelinks,People also ask,Discussions,Top stories,Video preview",90,200,250,2023-06-25,"Informational,Commercial,Branded,Non-local",English
1148,bird nest cam,us,28,70,0.4,,cornell bird cam,2025-12-18 12:58:21,"Sitelinks,Shopping,Thumbnail,Top stories,Video preview",100,4200,4500,2016-01-02,"Informational,Non-branded,Non-local",English
1149,ring camera battery charging,us,0,70,0.4,,how to charge ring camera battery,2025-10-24 10:51:21,"AI Overview,Thumbnail,People also ask,Video preview,Sitelinks",100,2000,2400,2019-09-08,"Informational,Branded,Non-local",English
1150,big bear nest cam 1,us,,70,,,,,,70,,,2025-03-06,,
1151,ring stick up cam wired indoor,us,9,70,,,ring stick up camera,2025-12-14 19:55:08,"Shopping,Thumbnail,People also ask,Discussions,Sitelinks",70,300,300,2020-01-19,"Informational,Commercial,Branded,Non-local",English
1152,ring doorbell camera reviews 2025,us,,70,,,,,,70,,,2025-06-11,,
1153,ring vs blink outdoor camera,us,0,70,0.5,,blink vs ring,2025-11-25 1:24:36,"AI Overview,Thumbnail,People also ask,Sitelinks,Top stories,Video preview",80,8900,9800,2020-06-09,"Informational,Commercial,Branded,Non-local",English
1154,what does red light mean on ring camera,us,0,70,,,ring camera red light,2025-11-22 22:57:39,"AI Overview,Thumbnail,People also ask,Sitelinks",80,500,500,2020-02-25,"Informational,Branded,Non-local",English
1155,what does a blue light mean on a ring camera,us,0,70,,,ring camera flashing blue,2025-11-30 19:46:32,"AI Overview,Thumbnail,People also ask,Sitelinks",80,600,600,2020-08-14,"Informational,Branded,Non-local",English
1156,ring camera hidden cover,us,0,70,,,hidden ring camera,2025-11-28 17:48:43,"Shopping,Thumbnail,Sitelinks,People also ask,Discussions",80,250,250,2022-03-06,"Informational,Commercial,Transactional,Branded,Non-local",English
1157,how to connect ring camera to alexa,us,0,70,,,connect ring to alexa,2025-11-25 4:47:47,"AI Overview,Thumbnail,People also ask,Discussions,Video preview",80,1300,2200,2020-05-25,"Informational,Branded,Non-local",English
1158,ring stick up cam vs pro,us,0,70,0.7,,ring stick up cam vs pro,2025-11-25 10:00:30,"People also ask,Video preview,Sitelinks,Thumbnail,Discussions",80,80,80,2023-10-07,"Informational,Commercial,Branded,Non-local",English
1159,where to buy ring camera,us,28,70,0.45,,ring security camera,2025-12-21 21:46:44,"Local teaser pack,Thumbnail,Sitelinks,Shopping,People also ask,Video preview",80,17000,18000,2018-08-17,"Informational,Commercial,Transactional,Branded,Non-local",English
1160,what does linked device on ring camera mean,us,,70,,,,,,70,,,2025-03-29,,
1161,access ring camera via ip address,us,0,70,,,access ring camera via ip address,2025-12-05 0:47:02,"AI Overview,Thumbnail,Sitelinks,People also ask",90,10,10,2020-01-18,"Informational,Branded,Non-local",English
1162,why does my ring camera keep disconnecting,us,0,70,,,why does my ring camera keep disconnecting,2025-11-19 23:38:22,"AI Overview,Thumbnail,Sitelinks,People also ask",70,30,30,2022-04-02,"Informational,Branded,Non-local",English
1163,ring outdoor stick up security camera wired,us,2,70,,,ring stick up cam wired,2025-12-18 22:38:20,"Thumbnail,Discussions,Shopping",70,150,150,2020-01-12,"Informational,Commercial,Transactional,Branded,Non-local",English
1164,ring stickup cam solar zoom,us,0,70,,,ring solar panel,2025-11-24 22:35:22,"Discussions,Thumbnail,Sitelinks,People also ask,Shopping",70,1200,1200,2020-01-30,"Informational,Commercial,Branded,Non-local",English
1165,ring camera will not connect to wifi,us,0,70,0.45,,ring doorbell not connecting to wifi,2025-11-25 15:26:24,"AI Overview,Thumbnail,Sitelinks,People also ask",90,1400,1500,2018-10-27,"Informational,Branded,Non-local",English
1166,how do you turn off a ring camera,us,0,70,,,how to turn ring camera off,2025-11-06 4:51:33,"AI Overview,Thumbnail,People also ask,Sitelinks,Video preview",80,500,500,2020-06-19,"Informational,Branded,Non-local",English
1167,hummingbird nest cam,us,9,70,,1.4,hummingbird live cam,2025-11-25 0:25:13,"Thumbnail,Sitelinks,People also ask",70,350,400,2015-09-05,"Informational,Branded,Non-local",English
1168,ring camera competitors,us,26,70,1.1,,ring competitor,2025-12-15 12:29:27,"Sitelinks,People also ask,Thumbnail,Top stories,Shopping",80,450,500,2018-08-24,"Informational,Commercial,Branded,Non-local",English
1169,ring flying security camera,us,,70,0.1,,,,,100,,,2020-09-24,"Informational,Commercial,Branded,Non-local",English
1170,google nest cam wired,us,23,70,,,nest indoor camera,2025-12-20 23:53:20,"Sitelinks,Knowledge panel,People also ask,Discussions,Top stories,Thumbnail",150,2900,3000,2021-08-07,"Informational,Commercial,Transactional,Branded,Non-local",English
1171,ring video stick up camera ethernet,us,0,70,,,ring poe camera,2025-11-24 3:46:32,"Discussions,Shopping,Thumbnail,Sitelinks,People also ask,Video preview",70,600,700,2020-03-04,"Informational,Commercial,Branded,Non-local",English
1172,ring camera pole mount,us,0,70,0.4,,ring camera pole mount,2025-12-24 23:39:56,"Sitelinks,Shopping,Thumbnail,People also ask,Discussions",70,10,10,2020-01-17,"Informational,Commercial,Transactional,Branded,Non-local",English
1173,ring hardwired camera,us,8,70,0.45,,ring outdoor camera,2025-11-29 18:35:44,"Thumbnail,Sitelinks,Shopping,People also ask,Top stories,Video preview,Discussions",100,15000,16000,2018-03-31,"Informational,Commercial,Branded,Non-local",English
1174,ring stick up cam product info and reviews,us,,70,,,,,,80,,,2025-08-10,,
1175,google nest outdoor camera power cord,us,0,70,0.5,,google nest camera power cord,2025-11-28 9:45:02,"Thumbnail,Shopping,Sitelinks,People also ask",70,450,450,2020-12-02,"Informational,Commercial,Transactional,Branded,Non-local",English
1176,ring camera birds eye view,us,0,70,,,ring birds eye view,2025-11-23 8:18:46,"People also ask,Sitelinks,Discussions,Video preview",80,350,350,2021-04-27,"Informational,Branded,Non-local",English
1177,hacked ring camera,us,0,70,0.6,,ring camera hacked,2025-12-15 19:43:25,"AI Overview,Thumbnail,Sitelinks,People also ask,Top stories",70,5000,5200,2019-09-12,"Informational,Branded,Non-local",English
1178,ring camera help,us,33,70,0.25,,ring customer service,2025-12-27 6:35:17,Sitelinks,80,21000,24000,2017-10-31,"Informational,Navigational,Branded,Non-local",English
1179,turn ring camera off,us,0,70,,,turn off ring camera,2025-12-03 21:48:35,"AI Overview,Thumbnail,Sitelinks,People also ask,Top stories,Video preview",90,1100,1200,2016-12-21,"Informational,Non-branded,Non-local",English
1180,how to take a ring camera off the wall,us,,70,,,,,,80,,,2023-08-01,,
1181,connect ring camera to wifi,us,0,70,,,ring camera offline,2025-12-27 13:33:23,"AI Overview,Thumbnail,Sitelinks,People also ask",100,6500,9000,2017-05-01,"Informational,Branded,Non-local",English
1182,how to temporarily disable ring camera,us,0,70,,,how to turn off ring camera,2025-12-26 4:11:24,"AI Overview,Thumbnail,Sitelinks,People also ask,Video preview",90,1500,1600,2018-11-24,"Informational,Branded,Non-local",English
1183,the nest camera,us,13,70,0.35,0.71,nest camera,2025-12-13 19:14:27,"People also ask,Sitelinks,Top stories,Thumbnail,Video preview,Shopping",70,45000,52000,2015-09-03,"Informational,Commercial,Branded,Non-local",English
1184,factory reset nest outdoor camera,us,0,70,,,how to reset nest doorbell,2025-11-29 0:31:36,"AI Overview,Thumbnail,People also ask,Sitelinks",100,5400,5400,2020-01-10,"Informational,Branded,Non-local",English
1185,turn off ring camera from app,us,0,70,,,how to turn off a ring camera,2025-12-23 0:46:54,"AI Overview,Thumbnail,Sitelinks,People also ask,Video preview",80,20,20,2019-11-12,"Informational,Branded,Non-local",English
1186,ring camera inventor,us,19,70,,,ring jamie siminoff,2025-12-13 5:18:23,"AI Overview,Thumbnail,People also ask,Discussions,Video preview",80,3600,7600,2020-02-27,"Informational,Branded,Non-local",English
1187,ring outdoor camera wired,us,4,70,0.45,,ring wired camera,2025-11-17 15:07:53,"Shopping,Thumbnail,Sitelinks,People also ask,Top stories,Discussions,Video preview",250,300,300,2018-12-20,"Informational,Commercial,Branded,Non-local",English
1188,does cam jordan have a super bowl ring,us,19,70,,,cam jordan,2025-12-20 4:06:02,"AI Overview,Thumbnail,People also ask,Sitelinks",80,8400,8600,2021-03-20,"Informational,Branded,Non-local",English
1189,ring outdoor cam battery life,us,,70,,,,,,70,,,2022-11-28,,
1190,ring stick up cam ethernet,us,0,70,,,ring poe camera,2025-11-24 2:32:49,"People also ask,Sitelinks,Discussions,Video preview",70,600,700,2020-01-29,"Informational,Commercial,Branded,Non-local",English
1191,ring floodlight cam wired plus specs,us,,70,0.35,,,,,70,,,2022-01-14,,
1192,live eagle nest cam,us,,70,0.05,1.43,,,,80,,,2015-12-29,"Informational,Non-branded,Non-local",English
1193,nest outdoor wired camera,us,0,70,0.45,,nest outdoor camera,2025-12-26 17:40:33,"Thumbnail,Sitelinks,People also ask,Shopping,Top stories",80,7500,7500,2017-05-25,"Informational,Commercial,Branded,Non-local",English
1194,doordash ring camera,us,,70,,,,,,80,,,2025-10-19,,
1195,sophie turner ring camera,us,0,70,,,sophia turner leaked,2025-11-23 4:18:54,"Sitelinks,Thumbnail,People also ask,Video preview",90,100,150,2023-09-06,"Informational,Branded,Non-local",English
1196,ring camera hider,us,0,70,0.2,,hidden ring camera,2025-11-24 19:17:29,"Shopping,Thumbnail,Sitelinks,People also ask,Discussions",80,250,250,2020-05-19,"Commercial,Transactional,Branded,Non-local",English
1197,outdoor ring stick up cam,us,1,70,0.45,,ring stick up cam,2025-11-22 16:28:52,"Thumbnail,Shopping,People also ask,Sitelinks,Discussions",70,4800,4900,2017-10-15,"Informational,Commercial,Branded,Non-local",English
1198,ring camera solar panel not charging,us,0,70,,,ring solar panel not charging,2025-12-10 2:53:39,"AI Overview,Thumbnail,Sitelinks,People also ask",90,450,500,2017-12-04,"Informational,Branded,Non-local",English
1199,what does it mean when a ring camera turns red,us,0,70,,,ring camera red light,2025-11-29 18:22:13,"AI Overview,Thumbnail,Sitelinks,People also ask",70,500,500,2020-09-28,"Informational,Branded,Non-local",English
1200,ring camera cost per month,us,0,70,0.35,,ring plans,2025-12-01 7:24:32,"AI Overview,Thumbnail,Sitelinks,People also ask",80,87000,92000,2020-01-30,"Informational,Branded,Non-local",English
1201,does a ring camera always record,us,0,70,,,do ring cameras record 24/7,2025-12-14 10:53:03,"AI Overview,Thumbnail,People also ask,Sitelinks,Video preview",80,2700,3400,2022-10-22,"Informational,Branded,Non-local",English
1202,is a ring camera always recording,us,0,70,,,do ring cameras record 24/7,2025-11-08 14:16:39,"AI Overview,Thumbnail,People also ask,Sitelinks,Video preview",80,2700,3400,2020-07-08,"Informational,Branded,Non-local",English
1203,ring floodlight cam wired plus price,us,,70,,,,,,70,,,2024-12-22,,
1204,vance boelter ring camera,us,,70,,,,,,70,,,2025-06-14,,
1205,can ring camera work without wifi,us,0,70,0.35,,does ring camera need wifi,2025-12-03 8:29:33,"AI Overview,Thumbnail,Sitelinks,People also ask,Top stories",80,1100,1100,2019-12-13,"Informational,Branded,Non-local",English
1206,does ring camera require subscription,us,6,70,0.6,,ring protect plan,2025-12-15 3:08:56,"AI Overview,Thumbnail,Sitelinks,People also ask",80,96000,101000,2020-01-30,"Informational,Branded,Non-local",English
1207,wireless ring floodlight camera,us,0,70,0.3,,ring floodlight,2025-11-08 17:55:22,"Thumbnail,Sitelinks,People also ask,Shopping,Video preview,Discussions,Top stories",70,16000,16000,2020-03-09,"Informational,Commercial,Branded,Non-local",English
1208,how to know when ring camera battery is charged,us,0,70,,,how long does a ring camera take to charge,2025-12-14 9:44:55,"AI Overview,Thumbnail,People also ask,Sitelinks,Video preview",80,1700,2000,2020-08-19,"Informational,Branded,Non-local",English
1209,ring camera blue light flashing,us,0,70,,,ring blinking blue,2025-12-25 0:17:07,"Featured snippet,People also ask,Sitelinks",100,100,250,2019-08-15,"Informational,Branded,Non-local",English
1210,google nest camera light meaning,us,0,70,,,google nest camera light meaning,2025-11-24 23:23:03,"AI Overview,Thumbnail,People also ask,Sitelinks,Video preview",80,250,250,2022-01-27,"Informational,Branded,Non-local",English
1211,p1-99 ring camera code,us,,70,,,,,,70,,,2024-11-22,,
1212,ring rotating camera,us,8,70,0.35,,ring-360,2025-11-24 8:18:11,"Sitelinks,Shopping,Thumbnail,People also ask,Discussions,Video preview",90,500,600,2020-02-15,"Informational,Commercial,Branded,Non-local",English
1213,ring camera santa,us,0,70,,,santa ring camera,2025-11-24 4:51:03,"AI Overview,Thumbnail,Sitelinks,People also ask,Video preview",100,200,450,2020-01-13,"Informational,Branded,Non-local",English
1214,ring camera peephole,us,0,70,0.15,,ring peephole camera,2025-11-14 19:24:44,"Top ads,Paid sitelinks,Shopping,Thumbnail,People also ask,Discussions,Sitelinks,Video preview",80,4000,4600,2019-12-04,"Informational,Commercial,Transactional,Branded,Non-local",English
1215,google nest cam indoor reviews,us,,70,,,,,,80,,,2021-01-09,,
1216,how to disable ring camera temporarily,us,0,70,,,turn off ring camera,2025-11-24 9:32:05,"AI Overview,Thumbnail,Sitelinks,People also ask",90,1100,1200,2019-12-30,"Informational,Branded,Non-local",English
1217,where is the qr code on ring floodlight camera,us,0,70,0.6,,ring floodlight qr code location,2025-11-28 12:22:28,"AI Overview,Thumbnail,Sitelinks,People also ask,Video preview",80,100,100,2022-03-11,"Informational,Branded,Non-local",English
1218,ring outdoor battery camera,us,9,70,0.7,,ring stick up cam,2025-11-28 3:12:24,"Shopping,Thumbnail,Knowledge panel,People also ask,Top stories,Sitelinks,Discussions",100,5200,5300,2019-02-14,"Informational,Commercial,Transactional,Branded,Non-local",English
1219,nest indoor cam,us,15,70,0.4,0.74,nest indoor camera,2025-12-01 5:04:40,"Shopping,Thumbnail,Knowledge panel,Discussions,People also ask,Top stories",100,2700,2800,2016-11-28,"Informational,Commercial,Branded,Non-local",English
1220,how to turn off a ring doorbell camera,us,0,70,,,how to turn off ring camera,2025-11-26 10:39:47,"AI Overview,Sitelinks,People also ask",80,1300,1300,2022-02-24,"Informational,Branded,Non-local",English
1221,how to turn off ring camera from app,us,0,70,,,how to turn off ring camera,2025-12-23 12:24:51,"AI Overview,Thumbnail,People also ask,Sitelinks",80,3000,3500,2020-04-13,"Informational,Branded,Non-local",English
1222,ring floodlight camera plus,us,13,70,0.6,,ring floodlight,2025-11-11 4:00:42,"Sitelinks,People also ask,Knowledge panel,Discussions,Video preview,Knowledge card",150,15000,16000,2021-05-25,"Informational,Commercial,Transactional,Branded,Non-local",English
1223,why is my ring camera not recording motion,us,0,70,,,why is my ring camera not detecting motion,2025-12-25 0:10:37,"AI Overview,Thumbnail,People also ask,Sitelinks",70,800,1000,2020-08-08,"Informational,Branded,Non-local",English
1224,ring floodlight camera plus vs pro,us,0,70,0.9,,ring floodlight pro vs plus,2025-11-22 23:43:37,"AI Overview,Thumbnail,Sitelinks,People also ask,Video preview,Discussions",100,600,700,2021-06-01,"Informational,Commercial,Branded,Non-local",English
1225,nest cam a0005 factory reset,us,0,60,,,how to reset nest doorbell,2025-12-01 11:53:04,"AI Overview,Sitelinks,People also ask,Video preview",70,5500,5600,2017-11-21,"Informational,Branded,Non-local",English
1226,ring camera unable to join network,us,0,60,,,ring doorbell won't connect to wifi,2025-12-23 16:29:18,"AI Overview,Thumbnail,Sitelinks,People also ask",70,1200,1400,2020-06-20,"Informational,Branded,Non-local",English
1227,live nest cam,us,53,60,1.1,,big bear eagle cam,2025-12-11 21:25:52,"People also ask,Top stories,Thumbnail",90,201000,203000,2016-03-17,"Informational,Non-branded,Non-local",English
1228,solar nest camera,us,0,60,0.45,,nest camera solar panel,2025-11-28 7:02:03,"Shopping,Thumbnail,People also ask,Sitelinks,Discussions",70,700,700,2016-10-12,"Informational,Commercial,Transactional,Branded,Non-local",English
1229,what does it mean when a ring camera is blue,us,0,60,,,ring camera blue light,2025-12-26 21:55:49,"AI Overview,Thumbnail,People also ask,Sitelinks",60,900,900,2020-08-08,"Informational,Branded,Non-local",English
1230,ring indoor outdoor camera,us,13,60,0.5,,ring camera,2025-10-30 5:32:17,"Thumbnail,Sitelinks,Shopping,People also ask,Discussions",70,199000,203000,2019-01-27,"Informational,Commercial,Branded,Non-local",English
1231,ring doorbell camera models,us,6,60,0.35,,ring video doorbell,2025-11-28 21:21:33,"AI Overview,Thumbnail,Sitelinks,People also ask,Shopping,Discussions",70,13000,17000,2021-07-15,"Informational,Commercial,Branded,Non-local",English
1232,ring floodlight cam wiring diagram,us,0,60,0.8,,ring floodlight camera installation,2025-12-17 12:01:20,"Thumbnail,AI Overview,People also ask,Video preview",70,500,600,2018-11-09,"Informational,Branded,Non-local",English
1233,can you turn off the blue light on a ring camera,us,0,60,,,turn off blue light on ring camera,2025-11-19 10:52:59,"AI Overview,Thumbnail,People also ask,Sitelinks",80,450,450,2023-01-13,"Informational,Branded,Non-local",English
1234,ring camera specials,us,10,60,0.5,,ring camera deals,2025-12-19 23:31:47,"Thumbnail,Sitelinks,Shopping,People also ask,Video preview,Discussions",80,2400,2600,2018-04-13,"Informational,Commercial,Branded,Non-local",English
1235,can i turn off the blue light on my ring camera,us,0,60,,,turn off blue light on ring camera,2025-11-29 0:18:14,"AI Overview,Thumbnail,People also ask,Sitelinks",80,450,450,2020-09-11,"Informational,Branded,Non-local",English
1236,ring camera for car,us,0,60,0.6,,ring car cam,2025-12-03 15:24:38,"Sitelinks,People also ask,Top stories,Thumbnail,Shopping,Video preview",70,8400,8900,2020-01-21,"Informational,Commercial,Branded,Non-local",English
1237,ring indoor camera 2 pack,us,0,60,0.4,,ring indoor camera 2 pack,2025-12-22 5:32:49,"Thumbnail,People also ask,Discussions",100,10,10,2019-12-04,"Informational,Commercial,Transactional,Branded,Non-local",English
1238,ring camera vs google camera,us,,60,,,,,,60,,,2022-12-15,,
1239,ring camera subscription price,us,2,60,0.08,,ring protect plan,2025-12-26 4:50:32,"AI Overview,Thumbnail,Sitelinks,People also ask,Discussions,Video preview",70,95000,100000,2020-11-11,"Informational,Commercial,Branded,Non-local",English
1240,ring camera hacking,us,0,60,,,ring camera hack,2025-12-01 6:40:48,"AI Overview,Thumbnail,People also ask,Sitelinks,Top stories,Video preview",70,4600,4600,2020-01-14,"Informational,Branded,Non-local",English
1241,ring floodlight cam price,us,,60,0.35,,,,,70,,,2017-04-15,"Informational,Commercial,Branded,Non-local",English
1242,ring spotlight camera with solar panel,us,0,60,0.7,,ring spotlight cam,2025-11-21 22:35:07,"Thumbnail,People also ask,Shopping,Sitelinks,Discussions,Video preview",70,7500,7600,2018-04-04,"Informational,Commercial,Transactional,Branded,Non-local",English
1243,ring camera customer support,us,37,60,,,ring customer service,2025-11-06 10:49:11,Sitelinks,60,24000,27000,2017-06-29,"Informational,Navigational,Branded,Non-local",English
1244,"nest cam outdoor (wired, 2nd gen)",us,,60,,,,,,90,,,2025-10-01,,
1245,hide ring camera,us,0,60,0.25,,hidden ring camera,2025-12-13 8:57:24,"Thumbnail,AI Overview,Sitelinks,Discussions,People also ask",90,250,250,2016-09-09,"Informational,Commercial,Branded,Non-local",English
1246,how to factory reset ring floodlight camera,us,,60,,,,,,70,,,2020-05-29,,
1247,if i turn off the wifi will the ring camera work,us,,60,,,,,,80,,,2024-12-07,,
1248,nest camera power adapter replacement,us,0,60,0.45,,nest camera power adapter replacement,2025-11-09 11:22:09,"Sitelinks,Shopping,Thumbnail,Discussions,People also ask,Video preview",70,30,30,2021-07-29,"Informational,Commercial,Transactional,Branded,Non-local",English
1249,nest camera battery replacement,us,0,60,0.4,,google nest camera battery replacement,2025-12-20 15:40:47,"AI Overview,Thumbnail,People also ask,Sitelinks",60,20,20,2021-10-23,"Informational,Branded,Non-local",English
1250,deactivate ring camera,us,0,60,,,how to remove ring doorbell,2025-11-27 10:56:37,"AI Overview,Thumbnail,Sitelinks,People also ask,Video preview",70,3200,3700,2020-02-18,"Informational,Branded,Non-local",English
1251,ring solar panel camera,us,0,60,0.6,,ring solar camera,2025-11-18 4:17:22,"Thumbnail,Sitelinks,People also ask,Shopping,Discussions,Top stories,Video preview",70,1900,1900,2018-04-03,"Informational,Commercial,Transactional,Branded,Non-local",English
1252,nest security camera system,us,24,60,0.6,0.84,nest camera,2025-12-21 6:49:24,"Thumbnail,People also ask,Shopping,Sitelinks,Discussions,Top stories",70,35000,42000,2016-10-30,"Informational,Commercial,Branded,Non-local",English
1253,ring camera on apartment door,us,0,60,0.45,,ring camera in apartment hallway,2025-11-27 6:21:48,"Sitelinks,People also ask,Video preview,Top stories,Thumbnail",70,300,300,2020-11-26,"Informational,Commercial,Branded,Non-local",English
1254,ring camera owner,us,14,60,,,ring jamie siminoff,2025-11-19 4:41:48,"AI Overview,Thumbnail,People also ask,Sitelinks,Discussions",80,4200,10000,2019-12-06,"Informational,Branded,Non-local",English
1255,nest cam with floodlight review,us,2,60,0.45,,google nest cam security camera with floodlight reviews,2025-12-25 9:48:03,"Sitelinks,AI Overview,Knowledge panel,Discussions,People also ask,Video preview,Bottom ads,Paid sitelinks",80,150,150,2021-08-23,"Informational,Commercial,Branded,Non-local",English
1256,how do i connect my ring camera to wifi,us,0,60,,,how to reconnect ring to wifi,2025-12-09 22:17:27,"Featured snippet,People also ask,Sitelinks,Video preview",70,450,500,2019-02-05,"Informational,Branded,Non-local",English
1257,do ring camera need wifi,us,0,60,,,do ring cameras need wifi,2025-12-15 9:36:52,"AI Overview,Thumbnail,Sitelinks,People also ask,Top stories",60,900,1000,2021-08-14,"Informational,Branded,Non-local",English
1258,how to connect ring camera,us,0,60,0.35,,how to set up ring camera,2025-12-17 12:09:20,"AI Overview,Thumbnail,People also ask,Discussions,Video preview,Top stories",80,1700,1800,2020-05-14,"Informational,Branded,Non-local",English
1259,installing ring camera on brick,us,0,60,,,installing ring doorbell on brick,2025-12-22 21:09:34,"Featured snippet,People also ask,Sitelinks,Video preview",70,150,150,2020-01-19,"Informational,Branded,Non-local",English
1260,ring doorbell and outdoor camera bundle,us,0,60,0.8,,ring camera bundle,2025-11-26 16:48:02,"Thumbnail,Sitelinks,Shopping,People also ask,Video preview",150,1500,1500,2020-10-11,"Informational,Commercial,Transactional,Branded,Non-local",English
1261,why is my ring camera pink,us,0,60,,,ring camera pink,2025-11-24 15:53:29,"AI Overview,Thumbnail,Sitelinks,People also ask",60,60,60,2020-06-18,"Informational,Branded,Non-local",English
1262,renter friendly ring camera,us,0,60,0.4,,ring camera for apartments,2025-12-13 6:19:56,"Sitelinks,People also ask,Discussions",60,1500,1500,2021-08-30,"Informational,Commercial,Branded,Non-local",English
1263,how to adjust sensitivity on ring camera,us,,60,,,,,,60,,,2017-11-04,"Informational,Branded,Non-local",English
1264,connect ring camera to new wifi,us,0,60,,,how to change wifi on ring doorbell,2025-12-11 20:46:29,"AI Overview,Thumbnail,Sitelinks,People also ask,Video preview",100,4100,6000,2019-03-08,"Informational,Branded,Non-local",English
1265,ring outdoor light camera,us,19,60,0.35,,ring floodlight,2025-11-19 23:32:13,"Thumbnail,Shopping,People also ask,Sitelinks,Discussions",80,15000,15000,2017-04-26,"Informational,Commercial,Branded,Non-local",English
1266,how much data does a ring camera use per month,us,0,60,,,how much data does a ring camera use per month,2025-11-20 0:39:33,"AI Overview,Thumbnail,Sitelinks,People also ask",80,50,50,2020-08-10,"Informational,Branded,Non-local",English
1267,ring stickup cam ethernet,us,0,60,,,ring poe camera,2025-11-26 2:48:02,"People also ask,Sitelinks,Discussions,Shopping,Thumbnail,Video preview",60,600,700,2020-01-25,"Informational,Commercial,Branded,Non-local",English
1268,blink or ring camera,us,0,60,0.45,,blink vs ring,2025-12-27 6:39:03,"Sitelinks,People also ask,Top stories,Thumbnail,Video preview",70,9900,11000,2016-08-07,"Informational,Commercial,Branded,Non-local",English
1269,can you turn off ring camera,us,0,60,,,turn off ring camera,2025-12-08 6:22:27,"AI Overview,Thumbnail,People also ask,Sitelinks,Top stories,Video preview",80,1100,1200,2019-05-07,"Informational,Branded,Non-local",English
1270,ring porch light camera,us,15,60,0.35,,ring floodlight,2025-11-10 18:53:04,"Thumbnail,Shopping,People also ask,Discussions,Sitelinks",70,15000,16000,2017-12-22,"Informational,Commercial,Branded,Non-local",English
1271,bird ring camera,us,2,60,0.35,,ring camera bird feeder,2025-11-16 7:43:48,"Shopping,Thumbnail,Sitelinks,People also ask,Discussions,Video preview",60,40,40,2022-11-05,"Informational,Commercial,Non-branded,Non-local",English
1272,will my ring camera work without wifi,us,0,60,,,does a ring camera need wifi,2025-11-19 19:43:53,"AI Overview,Thumbnail,People also ask,Sitelinks",70,1100,1100,2021-02-10,"Informational,Branded,Non-local",English
1273,ring outdoor camera plus reviews,us,,60,,,,,,80,,,2025-06-02,,
1274,ring stick up cam mount,us,0,60,0.45,,ring stick up cam mount,2025-12-18 13:23:29,"People also ask,Thumbnail,Discussions,Video preview",150,10,10,2018-11-18,"Informational,Commercial,Transactional,Branded,Non-local",English
1275,ring camera issues today,us,0,60,,,ring app down,2025-11-04 23:37:35,"AI Overview,Thumbnail,Sitelinks,People also ask",90,4200,5500,2020-11-25,"Informational,Branded,Non-local",English
1276,change wifi ring camera,us,0,60,,,change wifi on ring doorbell,2025-12-22 12:23:01,"AI Overview,Thumbnail,Sitelinks,People also ask,Video preview",80,3900,5900,2019-11-06,"Informational,Branded,Non-local",English
1277,how to reset ring stick up camera,us,0,60,0.3,,how to reset ring doorbell,2025-11-29 8:46:02,"People also ask,Discussions,Sitelinks",90,6900,7100,2017-07-21,"Informational,Branded,Non-local",English
1278,bald eagle nest cam big bear,us,36,60,,,big bear eagle cam,2025-12-04 1:01:02,"Sitelinks,People also ask,Top stories,Video preview,Thumbnail",60,202000,205000,2019-05-28,"Informational,Non-branded,Local",English
1279,nest camera accessories,us,4,60,0.35,,google nest camera,2025-11-15 11:59:02,"Thumbnail,Shopping,Sitelinks,People also ask,Discussions,Video preview",80,5400,6200,2015-09-20,"Informational,Commercial,Transactional,Branded,Non-local",English
1280,big bear eagle nest cam 2,us,,60,,,,,,60,,,2024-01-30,,
1281,do you have to have wifi for a ring camera,us,,60,,,,,,60,,,2022-12-08,,
1282,how to reset the ring camera,us,0,60,,,reset ring doorbell,2025-11-15 16:27:03,"AI Overview,Thumbnail,People also ask,Video preview",70,5900,6200,2020-03-12,"Informational,Branded,Non-local",English
1283,ring camera distance,us,0,60,0.8,,ring camera range,2025-11-30 2:18:05,"AI Overview,Thumbnail,Sitelinks,People also ask,Video preview",70,200,200,2016-05-03,"Informational,Branded,Non-local",English
1284,ring stickup cam wired,us,14,60,0.35,,ring stick up cam wired,2025-11-17 17:26:54,"People also ask,Discussions,Knowledge panel,Video preview",60,200,200,2019-01-13,"Informational,Commercial,Branded,Non-local",English
1285,how do i turn my ring camera off,us,0,60,,,turn off ring camera,2025-12-18 18:56:38,"AI Overview,Thumbnail,People also ask,Sitelinks,Video preview",70,1100,1200,2020-06-18,"Informational,Branded,Non-local",English
1286,how to tell if a ring camera is recording,us,0,60,,,how to tell if a ring camera is recording,2025-11-25 4:14:21,"AI Overview,Thumbnail,Sitelinks,People also ask,Video preview",70,70,70,2020-01-10,"Informational,Branded,Non-local",English
1287,how to connect my ring camera to wifi,us,0,60,,,how to set up ring camera,2025-12-14 16:38:27,"AI Overview,Thumbnail,People also ask,Sitelinks,Video preview",70,1700,1700,2020-06-17,"Informational,Branded,Non-local",English
1288,ring camera subscription plans,us,,60,,,,,,60,,,2020-02-03,,
1289,ring doorbell indoor cam prime day,us,,60,,,,,,60,,,2025-07-07,,
1290,how to reconnect wifi to ring camera,us,,60,,,,,,60,,,2022-01-28,,
1291,how to reset nest outdoor camera,us,0,60,,,reset nest doorbell,2025-12-15 21:45:17,"AI Overview,Thumbnail,People also ask,Sitelinks",70,5100,5200,2017-02-23,"Informational,Branded,Non-local",English
1292,ring stick up cam wireless,us,6,60,0.45,,ring stick up cam,2025-11-29 20:21:20,"Thumbnail,Shopping,People also ask,Sitelinks,Discussions",70,5200,5300,2018-12-22,"Informational,Commercial,Transactional,Branded,Non-local",English
1293,ring camera installation service,us,2,60,1.7,,ring installation,2025-11-20 1:07:03,"People also ask,AI Overview,Local teaser pack,Sitelinks,Video preview",150,1900,2100,2018-01-09,"Informational,Commercial,Transactional,Branded,Non-local",English
1294,does the ring camera work without wifi,us,0,60,,,does ring camera need wifi,2025-12-21 2:49:19,"AI Overview,Thumbnail,Sitelinks,People also ask",70,1000,1000,2020-02-10,"Informational,Branded,Non-local",English
1295,how to hack ring camera,us,12,60,,,how to hack a ring camera,2025-11-18 22:44:17,Sitelinks,70,70,80,2019-08-29,"Informational,Branded,Non-local",English
1296,ring camera 24/7 recording,us,7,60,0.9,,do ring cameras record 24/7,2025-11-16 5:14:02,"Sitelinks,AI Overview,People also ask,Video preview,Discussions",80,2700,3500,2019-05-16,"Informational,Branded,Non-local",English
1297,box demon ring camera,us,,60,,,,,,60,,,2025-03-12,,
1298,how long does a ring camera record,us,0,60,,,do ring cameras record 24/7,2025-11-28 3:15:53,"AI Overview,Thumbnail,People also ask,Sitelinks,Video preview",70,2700,3600,2020-02-01,"Informational,Branded,Non-local",English
1299,why is my google nest camera offline,us,0,60,,,nest doorbell offline,2025-11-27 7:42:53,"AI Overview,Thumbnail,People also ask,Sitelinks",70,1100,1200,2022-01-08,"Informational,Branded,Non-local",English
1300,ring outdoor cam plus (2 k),us,,60,,,,,,60,,,2025-06-20,,
1301,will ring camera work without wifi,us,0,60,,,does ring camera need wifi,2025-11-22 17:48:37,"AI Overview,Thumbnail,Sitelinks,People also ask",70,1200,1200,2020-05-11,"Informational,Branded,Non-local",English
1302,why does ring camera go offline,us,0,60,,,ring doorbell offline,2025-12-19 21:50:33,"AI Overview,Thumbnail,People also ask,Sitelinks",70,6400,8800,2020-03-18,"Informational,Branded,Non-local",English
1303,ring camera flashing red,us,0,60,,,ring camera flashing red,2025-12-25 14:16:57,"AI Overview,Thumbnail,Sitelinks,People also ask",80,30,30,2019-09-28,"Informational,Branded,Non-local",English
1304,google nest cam indoor security camera,us,13,60,0.8,,nest indoor camera,2025-12-04 15:46:18,"People also ask,Knowledge panel,Top stories,Thumbnail",100,2700,2800,2019-05-16,"Informational,Commercial,Transactional,Branded,Non-local",English
1305,ring camera connect to wifi,us,0,60,0.5,,how to connect ring to wifi,2025-11-29 18:12:48,"AI Overview,Thumbnail,Sitelinks,People also ask,Video preview",100,6100,8100,2018-08-24,"Informational,Branded,Non-local",English
1306,does turning off wifi disable ring camera,us,0,60,,,does ring camera need wifi,2025-12-03 14:26:54,"AI Overview,Thumbnail,Sitelinks,People also ask,Video preview",90,1100,1100,2021-09-28,"Informational,Branded,Non-local",English
1307,how far can a ring doorbell camera see,us,,60,,,,,,70,,,2020-01-14,,
1308,outdoor use nest camera,us,14,60,0.7,,nest camera outdoor,2025-12-18 13:07:10,"Shopping,Thumbnail,People also ask,Sitelinks,Video preview,Top stories",60,4900,4900,2021-06-15,"Informational,Commercial,Transactional,Branded,Non-local",English
1309,ring camera case,us,0,60,0.25,,ring camera cover,2025-11-26 1:42:43,"Sitelinks,Shopping,Thumbnail,People also ask,Discussions,Video preview",70,40,40,2017-06-20,"Informational,Commercial,Transactional,Branded,Non-local",English
1310,how to set up nest camera without qr code,us,0,60,1.2,,how to set up nest camera without qr code,2025-11-18 5:45:24,"AI Overview,Thumbnail,Sitelinks,People also ask",70,50,50,2017-10-05,"Informational,Branded,Non-local",English
1311,ring doorbell camera sale,us,2,60,1,,ring doorbell deals,2025-11-24 13:04:36,"Thumbnail,Sitelinks,Shopping,People also ask,Video preview,Discussions",70,2900,3100,2017-11-11,"Informational,Commercial,Transactional,Branded,Non-local",English
1312,ring camera shark tank,us,10,60,,,ring shark tank,2025-12-08 10:52:35,"AI Overview,Thumbnail,Video preview,People also ask,Top stories",70,500,600,2017-11-11,"Informational,Branded,Non-local",English
1313,ring stick up cam camera,us,,60,,,,,,70,,,2025-03-04,,
1314,ring doorbell camera view range,us,0,60,,,ring doorbell camera range,2025-12-24 10:32:43,"AI Overview,Thumbnail,People also ask,Sitelinks,Video preview",100,20,20,2020-01-10,"Informational,Branded,Non-local",English
1315,nest cam power cord,us,0,60,0.3,,nest cam power cord,2025-11-04 13:56:42,"Thumbnail,Shopping,Discussions,People also ask,Sitelinks,Video preview",70,150,150,2017-06-15,"Informational,Commercial,Transactional,Branded,Non-local",English
1316,nest video camera,us,24,60,0.45,0.76,nest camera,2025-12-23 11:17:28,"Thumbnail,People also ask,Shopping,Top stories,Discussions,Video preview,Sitelinks",80,35000,42000,2015-11-13,"Informational,Commercial,Transactional,Branded,Non-local",English
1317,how to get my ring camera back online,us,0,60,,,how to reconnect ring to wifi,2025-11-10 1:01:02,"AI Overview,Thumbnail,People also ask,Sitelinks",70,6700,8900,2020-09-03,"Informational,Branded,Non-local",English
1318,how to reboot nest camera,us,0,60,,,reset nest doorbell,2025-12-20 11:24:50,"AI Overview,Thumbnail,People also ask,Sitelinks",60,5100,5100,2017-03-05,"Informational,Branded,Non-local",English
1319,flock ring camera,us,,60,,,,,,60,,,2025-10-20,,
1320,ring wireless spotlight camera,us,3,60,0.6,,ring spotlight cam,2025-12-09 7:39:09,"People also ask,Shopping,Thumbnail,Knowledge panel,Discussions,Top stories,Video preview",70,6300,6300,2018-04-21,"Informational,Commercial,Branded,Non-local",English
1321,ring spot light camera,us,1,60,0.5,,ring spotlight cam,2025-11-23 9:43:03,"Thumbnail,Shopping,People also ask,Top stories,Video preview,Discussions",90,7500,7600,2017-04-29,"Informational,Commercial,Branded,Non-local",English
1322,ring camera reviews complaints,us,,60,,,,,,80,,,2023-12-30,,
1323,bill belichick shirtless ring camera,us,,60,,,,,,60,,,2024-06-19,,
1324,ring camera cellular,us,0,60,0.45,,ring wireless camera,2025-11-23 3:53:03,"Thumbnail,Sitelinks,People also ask,Discussions,Shopping,Video preview",60,11000,11000,2020-03-20,"Informational,Commercial,Branded,Non-local",English
1325,little miami conservancy bald eagle nest live camera #1,us,1,60,,,little miami conservancy bald eagle nest live camera #1,2025-11-14 1:59:49,"Video preview,Thumbnail,Sitelinks",60,70,70,2022-05-07,"Informational,Branded,Non-local",English
1326,nest front door camera,us,3,60,0.45,0.79,nest doorbell,2025-12-25 18:05:06,"Thumbnail,People also ask,Shopping,Discussions,Top stories,Sitelinks",70,12000,15000,2016-05-18,"Informational,Commercial,Branded,Non-local",English
1327,what does it mean when the ring camera is blue,us,0,60,,,ring camera blue light,2025-11-27 2:50:04,"AI Overview,Thumbnail,People also ask,Sitelinks,Video preview",60,700,700,2020-02-21,"Informational,Branded,Non-local",English
1328,google nest wired outdoor camera,us,4,60,0.45,,nest cam outdoor,2025-11-19 16:18:57,"Thumbnail,Sitelinks,People also ask,Video preview,Shopping,Top stories",70,1900,1900,2021-02-25,"Informational,Commercial,Transactional,Branded,Non-local",English
1329,ring floodlight camera 2 pack,us,,60,0.35,,,,,70,,,2017-11-16,"Informational,Commercial,Transactional,Branded,Non-local",English
1330,how long does ring camera save footage,us,0,60,,,how long does ring save videos,2025-11-26 9:03:55,"AI Overview,Thumbnail,Sitelinks,People also ask",60,1500,1900,2022-11-04,"Informational,Branded,Non-local",English
1331,ring spotlight camera battery review,us,,60,,,,,,60,,,2017-11-06,"Informational,Commercial,Branded,Non-local",English
1332,ring doorbell camera privacy concerns,us,,60,,,,,,60,,,2021-12-01,,
1333,ring camera hidden,us,0,60,,,hidden ring camera,2025-12-27 11:15:32,"Thumbnail,Sitelinks,Shopping,People also ask,Discussions",80,200,200,2018-01-18,"Informational,Commercial,Branded,Non-local",English
1334,nest box camera,us,4,60,0.5,,owl box camera,2025-12-21 6:01:55,"Shopping,Thumbnail,Sitelinks,People also ask,Discussions,Top stories",800,100,100,2015-10-04,"Informational,Commercial,Transactional,Non-branded,Non-local",English
1335,red light ring camera,us,0,60,,,ring camera red light,2025-11-30 8:21:33,"AI Overview,Thumbnail,Sitelinks,People also ask",80,500,500,2020-04-04,"Informational,Branded,Non-local",English
1336,reset ring camera to factory settings,us,0,60,0.7,,how to reset ring doorbell,2025-11-24 21:43:02,"AI Overview,Thumbnail,People also ask,Sitelinks",80,8300,8600,2020-03-27,"Informational,Branded,Non-local",English
1337,red lights on ring camera,us,0,60,,,ring camera red light,2025-12-17 21:38:42,"AI Overview,Thumbnail,Sitelinks,People also ask",80,600,600,2018-07-21,"Informational,Branded,Non-local",English
1338,philadelphia plane crash ring camera,us,,60,,,,,,60,,,2025-01-31,,
1339,hardwired ring camera,us,0,60,0.4,,ring camera hardwired,2025-12-15 5:51:47,"Thumbnail,Sitelinks,Shopping,Discussions,Top stories,Video preview",70,70,70,2018-02-14,"Informational,Commercial,Transactional,Branded,Non-local",English
1340,restart ring camera,us,0,60,,,how to reset ring camera,2025-11-23 11:28:51,"AI Overview,Thumbnail,Sitelinks,People also ask,Video preview",70,1100,1600,2019-05-13,"Informational,Branded,Non-local",English
1341,nest flix smart camera feeder,us,,60,,,,,,60,,,2025-04-12,,
1342,ring camera placement,us,0,60,,,where to put ring doorbell,2025-11-26 0:35:02,"AI Overview,Thumbnail,Sitelinks,People also ask,Video preview,Top stories",70,800,1300,2017-08-13,"Informational,Branded,Non-local",English
1343,discreet ring camera,us,2,60,,,ring indoor camera,2025-12-15 9:19:26,"AI Overview,Thumbnail,Sitelinks,People also ask,Shopping,Video preview",80,9200,9400,2019-07-25,"Informational,Commercial,Transactional,Branded,Non-local",English
1344,how to connect a ring camera,us,0,60,0.25,,how to set up ring camera,2025-11-26 3:49:28,"AI Overview,Thumbnail,People also ask,Video preview,Top stories",70,1700,1700,2020-03-01,"Informational,Branded,Non-local",English
1345,nest camera not connecting,us,0,60,,,nest camera not connecting,2025-12-27 9:50:18,"AI Overview,People also ask,Sitelinks,Top stories,Thumbnail,Video preview",70,100,100,2017-05-20,"Informational,Branded,Non-local",English
1346,brittany and jax ring camera,us,,60,,,,,,70,,,2025-05-26,,
1347,solar for ring camera,us,0,60,0.4,,ring solar panel,2025-11-25 20:48:02,"Shopping,Thumbnail,People also ask,Sitelinks,Discussions,Top stories",60,2100,2100,2019-12-28,"Informational,Commercial,Transactional,Branded,Non-local",English
1348,ring doorbell camera review,us,7,60,0.35,0.88,ring doorbell review,2025-12-22 16:04:51,"People also ask,Sitelinks,Video preview,Discussions",100,400,600,2016-04-25,"Informational,Commercial,Branded,Non-local",English
1349,why does my ring camera have a blue light,us,0,60,,,ring camera blue light,2025-12-26 3:52:09,"AI Overview,Thumbnail,Sitelinks,People also ask",70,900,900,2021-01-23,"Informational,Branded,Non-local",English
1350,what is the best ring camera,us,1,60,0.5,,best ring camera,2025-11-30 16:05:03,"AI Overview,Thumbnail,Top ads,Sitelinks,People also ask,Discussions,Shopping,Top stories,Bottom ads,Paid sitelinks",70,600,600,2018-12-14,"Informational,Commercial,Branded,Non-local",English
1351,newest ring camera,us,22,60,0.4,,ring camera news,2025-12-25 20:37:32,"Thumbnail,People also ask,AI Overview,Sitelinks,Shopping,Video preview,Top stories",60,500,600,2020-05-20,"Informational,Commercial,Branded,Non-local",English
1352,can you use ring camera without a subscription,us,,60,,,,,,60,,,2024-12-30,,
1353,big bear valley nest cam,us,16,60,,,big bear eagle cam,2025-11-13 10:15:04,"Sitelinks,Thumbnail,Top stories,Video preview,People also ask",80,144000,147000,2018-01-17,"Informational,Non-branded,Local",English
1354,how far can ring camera see,us,0,60,0.7,,ring camera range,2025-11-23 8:04:56,"AI Overview,Thumbnail,Sitelinks,People also ask,Video preview",60,200,200,2019-01-08,"Informational,Branded,Non-local",English
1355,how long does ring camera record,us,0,60,,,how long does ring record,2025-12-25 15:12:17,"AI Overview,Thumbnail,Sitelinks,People also ask,Video preview",60,50,60,2018-10-01,"Informational,Branded,Non-local",English
1356,install ring floodlight cam wired,us,0,60,2.5,,install ring floodlight cam wired,2025-11-24 5:31:51,"People also ask,Discussions,Video preview",60,200,300,2018-02-17,"Informational,Branded,Non-local",English
1357,ring camera issues,us,0,60,,,ring app down,2025-12-27 5:50:23,"AI Overview,Thumbnail,People also ask,Sitelinks",80,5400,8400,2017-08-07,"Informational,Branded,Non-local",English
1358,ring camera trade in,us,,60,0.25,,,,,60,,,2020-06-19,"Informational,Commercial,Transactional,Branded,Non-local",English
1359,california eagles nest cam,us,,60,,,,,,60,,,2024-02-28,,
1360,how ring camera works,us,,60,,,,,,60,,,2019-10-25,,
1361,how to factory reset ring spotlight camera,us,,60,,,,,,80,,,2020-05-06,"Informational,Branded,Non-local",English
1362,ring with camera,us,34,60,0,,ring outdoor camera,2025-11-20 3:32:39,"Shopping,Thumbnail,Sitelinks,People also ask,Video preview",200,24000,25000,2016-04-01,"Informational,Commercial,Transactional,Branded,Non-local",English
1363,solar powered ring camera outdoor,us,,60,,,,,,60,,,2025-03-03,,
1364,big bear bald eagle live nest - cam,us,,60,,,,,,60,,,2024-03-12,,
1365,why is my ring camera not showing live view,us,0,60,,,ring live view not working,2025-12-15 4:16:18,"AI Overview,Thumbnail,Sitelinks,People also ask",80,70,100,2020-10-31,"Informational,Branded,Non-local",English
1366,how to install ring doorbell camera,us,0,60,0.04,,ring doorbell camera installation,2025-11-29 23:12:41,"People also ask,AI Overview,Video preview,Top stories,Thumbnail",70,600,1000,2018-02-17,"Informational,Branded,Non-local",English
1367,big bear eagle nest camera,us,,60,,,,,,70,,,2021-01-18,"Informational,Non-branded,Local",English
1368,how to tell if ring camera is on,us,0,60,,,how to tell if a ring camera is on,2025-11-25 6:21:42,"AI Overview,Thumbnail,Sitelinks,People also ask,Video preview",70,150,150,2020-01-21,"Informational,Branded,Non-local",English
1369,arlo vs ring camera,us,0,60,0.5,,arlo vs ring,2025-11-23 13:08:21,"People also ask,Sitelinks,Discussions,Video preview",70,1100,1200,2016-10-06,"Informational,Commercial,Branded,Non-local",English
1370,crow's nest webcam santa cruz live cam,us,,60,,,,,,70,,,2024-01-02,,
1371,reset a ring camera,us,0,60,,,how to reset ring doorbell,2025-11-25 16:18:24,"AI Overview,Thumbnail,People also ask,Sitelinks,Video preview",70,8300,8600,2020-02-17,"Informational,Branded,Non-local",English
1372,what does 2 red lights on ring camera mean,us,0,60,,,red light on ring camera,2025-12-22 20:05:06,"Featured snippet,Thumbnail,People also ask,Sitelinks,Video preview",70,400,450,2021-10-02,"Informational,Branded,Non-local",English
1373,nest cam offline,us,0,60,0.01,,nest camera offline but wifi working,2025-11-25 18:24:44,"Sitelinks,People also ask",80,600,700,2015-11-02,"Informational,Branded,Non-local",English
1374,ring doorbell camera solar charger,us,0,60,0.3,,solar panel for ring doorbell,2025-12-21 22:49:09,"Shopping,Thumbnail,Sitelinks,Top stories,People also ask,Discussions",60,400,400,2021-05-13,"Informational,Commercial,Transactional,Branded,Non-local",English
1375,how to setup a ring camera,us,0,60,0.15,,how to set up ring camera,2025-12-19 9:18:14,"AI Overview,Thumbnail,People also ask,Top stories",70,1700,1800,2020-04-18,"Informational,Branded,Non-local",English
1376,ring camera wifi requirements,us,0,60,,,ring signal strength,2025-12-26 17:30:18,"AI Overview,Thumbnail,People also ask,Sitelinks,Video preview",70,100,100,2019-04-19,"Informational,Branded,Non-local",English
1377,ring camera mounts,us,0,60,0.35,,ring camera mount,2025-12-04 17:25:35,"Thumbnail,Sitelinks,Shopping,People also ask,Video preview,Discussions,Top stories,Local teaser pack",70,300,350,2016-08-08,"Informational,Commercial,Transactional,Branded,Non-local",English
1378,ring outdoor cam plus solar panel,us,,60,,,,,,60,,,2025-05-18,,
1379,nest security cam,us,24,60,0,1,nest camera,2025-11-22 22:00:32,"Thumbnail,People also ask,Discussions,Sitelinks,Top stories,Shopping",60,49000,57000,2015-12-22,"Informational,Commercial,Branded,Non-local",English
1380,ring doorbell camera battery replacement,us,0,60,,,ring battery,2025-12-04 1:19:09,"AI Overview,Thumbnail,People also ask,Video preview,Discussions,Shopping",80,2900,3000,2020-12-03,"Informational,Branded,Non-local",English
1381,google nest cam security camera with floodlight reviews,us,2,60,0.5,,google nest cam security camera with floodlight reviews,2025-12-18 2:34:04,"Sitelinks,People also ask,Discussions,Knowledge panel,Top stories,Thumbnail",60,150,150,2022-11-06,"Informational,Commercial,Branded,Non-local",English
1382,charging ring camera battery,us,0,60,0.3,,how long does it take to charge ring camera battery,2025-11-18 7:56:02,"AI Overview,Thumbnail,People also ask,Sitelinks",100,1800,2100,2018-03-09,"Informational,Branded,Non-local",English
1383,ring outside camera,us,1,60,0.45,,outdoor use ring camera,2025-11-20 9:39:03,"Top ads,Paid sitelinks,Shopping,Thumbnail,People also ask,Sitelinks,Top stories,Video preview,Discussions,Bottom ads",150,300,350,2017-11-20,"Informational,Commercial,Branded,Non-local",English
1384,ring camera api,us,5,60,,,ring api,2025-12-26 2:09:32,"AI Overview,Thumbnail,Sitelinks,People also ask",90,60,80,2018-03-21,"Informational,Branded,Non-local",English
1385,alternative to ring camera,us,21,60,0.8,,ring competitor,2025-12-03 17:32:30,"AI Overview,Thumbnail,Sitelinks,People also ask,Top stories,Video preview",90,450,500,2017-08-19,"Informational,Commercial,Branded,Non-local",English
1386,my ring camera is not detecting motion,us,0,60,,,ring camera not detecting motion,2025-11-18 23:30:04,"AI Overview,Thumbnail,People also ask,Sitelinks,Discussions",60,700,1000,2020-06-17,"Informational,Branded,Non-local",English
1387,how long does google nest camera battery last,us,23,60,0.3,,nest cam battery life,2025-12-20 23:02:17,"AI Overview,Thumbnail,Sitelinks,People also ask",60,300,300,2021-08-23,"Informational,Branded,Non-local",English
1388,how long does it take to charge ring camera,us,0,60,,,how long does a ring camera take to charge,2025-12-17 12:37:44,"AI Overview,Thumbnail,People also ask,Sitelinks,Video preview",60,1700,2100,2020-11-27,"Informational,Branded,Non-local",English
1389,best ring indoor camera,us,27,60,0.5,,ring indoor cam reviews,2025-12-08 12:33:27,"AI Overview,Thumbnail,People also ask,Sitelinks,Shopping,Top stories",70,100,100,2018-03-07,"Informational,Commercial,Branded,Non-local",English
1390,ring floodlight cam wired plus security camera,us,,60,,,,,,60,,,2022-11-17,,
1391,nest login camera,us,56,60,0.03,,nest login,2025-11-22 23:18:45,"Sitelinks,People also ask",90,58000,101000,2016-02-07,"Informational,Non-branded,Non-local",English
1392,ring camera offline but wifi is working,us,0,60,0.2,,how to reconnect ring to wifi,2025-11-25 2:39:33,"AI Overview,Thumbnail,People also ask,Sitelinks",90,6600,8700,2022-07-28,"Informational,Branded,Non-local",English
1393,ring camera doorbell installation,us,0,60,1.6,,ring doorbell installation,2025-11-12 15:42:09,"People also ask,Video preview",80,11000,12000,2018-06-13,"Informational,Branded,Non-local",English
1394,ring wired floodlight cam,us,0,60,0.6,,ring floodlight cam,2025-12-20 15:43:03,"People also ask,Knowledge panel,Sitelinks,Video preview,Discussions",80,4600,4700,2018-01-22,"Informational,Commercial,Transactional,Branded,Non-local",English
1395,ring camera pro vs plus,us,0,60,0.9,,ring camera plus vs pro,2025-12-27 4:56:02,"AI Overview,Thumbnail,Sitelinks,People also ask,Video preview",90,90,90,2021-11-23,"Informational,Commercial,Branded,Non-local",English
1396,ring spotlight cam plus solar panel,us,1,60,0.6,,ring solar panel,2025-12-09 21:34:02,"Thumbnail,Sitelinks,Shopping,Discussions,People also ask",70,1100,1100,2022-11-25,"Informational,Commercial,Branded,Non-local",English
1397,nest cam indoor camera,us,,60,0.45,,,,,90,,,2015-12-23,"Informational,Commercial,Branded,Non-local",English
1398,floating cam ring,us,0,60,,,floating cam ring,2025-11-29 2:53:07,"People also ask,Shopping,Thumbnail",90,10,10,2015-10-17,"Informational,Commercial,Non-branded,Non-local",English
1399,what does a red light on a ring camera mean,us,0,60,,,what does the red light mean on a ring camera,2025-11-27 18:12:14,"Featured snippet,People also ask,Sitelinks",60,100,100,2021-07-17,"Informational,Branded,Non-local",English
1400,how to reset a nest camera,us,0,60,,,reset nest doorbell,2025-12-22 22:15:39,"AI Overview,Thumbnail,People also ask,Sitelinks,Video preview",70,5200,5200,2016-05-10,"Informational,Branded,Non-local",English
1401,how to fix ring camera offline,us,0,60,,,ring camera offline,2025-12-22 20:29:55,"AI Overview,Thumbnail,People also ask,Sitelinks",70,6400,8900,2021-10-18,"Informational,Branded,Non-local",English
1402,ring stick up cam pro battery,us,0,60,,,ring stick up cam pro,2025-12-25 15:53:27,"Thumbnail,Shopping,People also ask,Sitelinks",100,200,200,2023-09-23,"Informational,Commercial,Branded,Non-local",English
1403,arlo camera vs ring,us,0,60,0.5,,arlo vs ring,2025-12-08 10:54:23,"AI Overview,Thumbnail,People also ask,Sitelinks,Top stories,Video preview",60,1100,1200,2018-11-05,"Informational,Commercial,Branded,Non-local",English
1404,how to reboot a ring camera,us,0,60,,,how to reset ring camera,2025-11-28 22:30:17,"AI Overview,Thumbnail,Sitelinks,People also ask",70,1000,1500,2020-07-29,"Informational,Branded,Non-local",English
1405,compton ring camera alien,us,,60,,,,,,60,,,2025-07-24,,
1406,qvc ring camera,us,0,60,0.25,,qvc ring doorbell,2025-11-26 23:35:28,"Thumbnail,Sitelinks,Shopping,People also ask,Video preview",60,80,90,2018-01-16,"Informational,Commercial,Transactional,Branded,Non-local",English
1407,how to install ring camera doorbell,us,0,60,0.09,,how to install ring doorbell,2025-12-21 4:49:03,"Featured snippet,People also ask,Discussions,Video preview,Top stories,Thumbnail",70,3900,4000,2020-01-11,"Informational,Branded,Non-local",English
1408,ring camera doorbell mount,us,,60,0.6,,,,,60,,,2022-06-30,"Informational,Commercial,Branded,Non-local",English
1409,how to update ring camera firmware,us,,60,,,,,,70,,,2021-12-29,,
1410,ring outdoor cam plus vs spotlight cam plus,us,,60,,,,,,60,,,2025-05-07,,
1411,ring camera police,us,45,60,0.8,,ring doorbell camera police,2025-12-19 20:58:17,,60,900,900,2019-12-17,"Informational,Branded,Non-local",English
1412,ring security camera installation,us,0,60,0.8,,ring installation,2025-11-30 5:01:22,"AI Overview,Thumbnail,People also ask,Video preview,Top stories,Discussions",150,2100,2300,2018-02-01,"Informational,Branded,Non-local",English
1413,how long do ring outdoor camera batteries last,us,0,60,,,how long does ring camera battery last,2025-12-17 21:48:51,"AI Overview,Thumbnail,Sitelinks,People also ask,Video preview",70,900,1000,2021-06-14,"Informational,Branded,Non-local",English
1414,reset ring stick up cam,us,0,60,,,reset ring stick up cam,2025-11-25 18:09:33,"AI Overview,Thumbnail,Sitelinks,People also ask,Discussions",80,20,20,2016-12-02,"Informational,Branded,Non-local",English
1415,google nest cam battery life,us,16,60,0.35,,nest cam battery life,2025-12-21 17:34:18,"AI Overview,Thumbnail,Sitelinks,People also ask,Knowledge panel,Top stories,Video preview",100,300,350,2021-08-05,"Informational,Branded,Non-local",English
1416,how long does ring camera last,us,0,60,1.9,,how long does ring camera battery last,2025-12-23 16:54:41,"AI Overview,Thumbnail,Sitelinks,People also ask,Video preview",60,900,1000,2020-11-04,"Informational,Branded,Non-local",English
1417,how long does a ring camera battery charge last,us,,60,,,,,,60,,,2020-06-15,,
1418,how to know if ring camera is on,us,0,60,,,how to tell if a ring camera is on,2025-12-04 0:26:10,"AI Overview,Thumbnail,Sitelinks,People also ask,Video preview",60,150,150,2020-01-29,"Informational,Branded,Non-local",English
1419,ring camera doorbell battery,us,2,60,0.8,,ring camera battery,2025-12-26 22:57:18,"Shopping,Thumbnail,People also ask,Sitelinks,Discussions",60,500,500,2020-12-30,"Informational,Commercial,Transactional,Branded,Non-local",English
1420,google nest camera battery replacement,us,2,60,0.4,,google nest camera battery replacement,2025-11-25 5:13:48,"AI Overview,Thumbnail,People also ask,Sitelinks,Shopping,Discussions",80,20,20,2022-02-20,"Informational,Commercial,Transactional,Branded,Non-local",English
1421,can you turn a ring camera off,us,0,60,,,how to turn off ring camera,2025-12-15 17:27:53,"AI Overview,Thumbnail,People also ask,Sitelinks",70,1400,1400,2020-06-20,"Informational,Branded,Non-local",English
1422,how does nest camera work,us,3,60,0,1,how does nest camera work,2025-11-19 2:16:04,"AI Overview,Thumbnail,People also ask,Discussions,Sitelinks,Video preview",60,30,30,2016-10-08,"Informational,Branded,Non-local",English
1423,bald eagle nest live cam,us,46,60,0.09,,eagle cam,2025-12-18 18:33:36,"Top stories,Thumbnail,Video preview,Sitelinks,People also ask",60,108000,109000,2016-03-16,"Informational,Non-branded,Non-local",English
1424,remove ring camera from account,us,0,60,0.7,,how to turn off ring camera,2025-11-28 10:37:07,"AI Overview,Thumbnail,Sitelinks,People also ask",60,2900,3400,2020-06-16,"Informational,Branded,Non-local",English
1425,ring car cam price,us,14,60,0,,ring car cam,2025-11-29 15:58:28,"People also ask,Sitelinks,Video preview,Thumbnail",60,8100,8600,2021-06-20,"Informational,Commercial,Branded,Non-local",English
1426,how much does ring camera cost,us,9,60,0.35,,ring outdoor camera,2025-11-27 10:14:19,"People also ask,Thumbnail,Sitelinks,Discussions,Shopping",60,15000,15000,2020-02-01,"Informational,Commercial,Branded,Non-local",English
1427,ring always home cam drone,us,,60,,,,,,150,,,2020-09-24,"Informational,Commercial,Branded,Non-local",English
1428,ring camera resolution,us,2,60,0.3,,2k ring,2025-12-22 22:31:40,"AI Overview,Thumbnail,People also ask,Sitelinks,Discussions,Top stories,Video preview",70,60,70,2016-02-24,"Informational,Branded,Non-local",English
1429,how to know if a ring camera is off,us,0,60,,,ring doorbell offline,2025-12-13 20:10:06,"AI Overview,Thumbnail,People also ask,Sitelinks",60,6300,8400,2023-03-15,"Informational,Branded,Non-local",English
1430,cock ring with camera,us,10,60,,,cock ring camera,2025-11-17 20:41:35,Sitelinks,90,1100,1100,2017-01-20,"Informational,Commercial,Transactional,Non-branded,Non-local",English
1431,how to remove ring doorbell camera,us,,60,,,,,,70,,,2021-05-05,,
1432,how to reconnect a ring camera,us,0,60,,,ring camera offline,2025-12-26 19:58:34,"AI Overview,Thumbnail,People also ask,Sitelinks",80,6400,9000,2020-06-17,"Informational,Branded,Non-local",English
1433,ring camera prime day,us,2,60,0.7,,ring doorbell deals,2025-11-27 6:33:53,"Top ads,Paid sitelinks,Thumbnail,Sitelinks,People also ask,Top stories,Video preview,Bottom ads",60,1500,1500,2019-07-05,"Informational,Commercial,Transactional,Branded,Non-local",English
1434,does nest thermostat have a camera,us,23,60,1,0.77,do nest thermostats have cameras,2025-12-21 14:38:34,"AI Overview,Thumbnail,Sitelinks,People also ask",60,60,60,2017-04-19,"Informational,Branded,Non-local",English
1435,can you put a ring camera on an apartment,us,0,60,0.45,,ring camera on apartment door,2025-12-26 13:49:18,"AI Overview,Thumbnail,Sitelinks,People also ask",70,250,250,2020-05-27,"Informational,Branded,Non-local",English
1436,reconnect ring camera,us,0,60,,,ring doorbell offline,2025-12-20 6:23:55,"AI Overview,People also ask,Sitelinks,Video preview",70,6400,8800,2020-06-21,"Informational,Branded,Non-local",English
1437,google nest camera setup,us,0,60,0.5,,google camera,2025-12-04 15:11:18,"AI Overview,Thumbnail,People also ask,Top stories",80,900,1000,2020-03-19,"Informational,Branded,Non-local",English
1438,ring spotlight cam reset button,us,0,60,,,how to reset ring camera,2025-11-11 11:07:21,"Featured snippet,People also ask,Sitelinks,Video preview",80,700,700,2018-07-10,"Informational,Branded,Non-local",English
1439,ring camera breach may 28,us,,60,,,,,,60,,,2025-07-17,,
1440,google nest camera with floodlight reviews,us,,60,,,,,,60,,,2021-11-11,,
1441,ring camera live view not working,us,0,60,0.25,,ring live view not working,2025-11-17 2:42:15,"AI Overview,Thumbnail,Sitelinks,People also ask",70,90,100,2017-12-09,"Informational,Branded,Non-local",English
1442,ring stick up camera ethernet,us,0,60,,,ring poe camera,2025-11-19 10:06:56,"People also ask,Shopping,Thumbnail,Discussions,Sitelinks",60,600,600,2020-02-21,"Informational,Commercial,Branded,Non-local",English
1443,ring outdoor camera plus product info and reviews,us,,60,,,,,,70,,,2025-08-15,,
1444,ring camera generations,us,7,60,0.5,,ring camera generations,2025-11-29 23:25:28,"AI Overview,Thumbnail,People also ask,Sitelinks,Video preview",60,30,30,2020-01-31,"Informational,Branded,Non-local",English
1445,disable ring camera,us,0,60,,,turn off ring camera,2025-11-25 23:39:33,"AI Overview,Thumbnail,People also ask,Video preview,Sitelinks",80,1100,1200,2018-05-25,"Informational,Branded,Non-local",English
1446,ring camera code p1-65,us,0,60,,,ring code p1-65,2025-12-14 4:13:37,"AI Overview,Thumbnail,People also ask,Sitelinks,Video preview",60,500,500,2022-10-14,"Informational,Branded,Non-local",English
1447,how much is ring camera,us,30,60,0.9,,ring wireless camera,2025-11-24 3:29:56,"Thumbnail,Sitelinks,People also ask,Discussions,Shopping,Video preview",70,11000,11000,2017-09-09,"Informational,Commercial,Branded,Non-local",English
1448,wireless ring camera doorbell,us,2,60,0.8,,ring doorbell camera,2025-12-08 13:15:11,"Shopping,Thumbnail,People also ask,Video preview,Sitelinks,Discussions",60,48000,54000,2020-11-07,"Informational,Commercial,Transactional,Branded,Non-local",English
1449,ring drone camera price,us,33,60,0.1,,ring flying camera price,2025-12-25 11:11:49,"AI Overview,Thumbnail,People also ask,Video preview,Sitelinks",80,70,80,2020-09-25,"Informational,Commercial,Branded,Non-local",English
1450,how to turn off ring camera in app,us,,60,,,,,,60,,,2023-07-18,,
1451,what does solid blue light on ring camera mean,us,0,60,,,what does a blue light on ring camera mean,2025-11-06 22:29:25,"Featured snippet,People also ask,Sitelinks,Video preview,Thumbnail",70,60,60,2021-09-02,"Informational,Branded,Non-local",English
1452,drone ring camera,us,,60,,,,,,80,,,2020-09-24,"Informational,Commercial,Branded,Non-local",English
1453,ring wired floodlight camera,us,6,60,0.6,,ring floodlight,2025-12-16 6:55:51,"Sitelinks,Shopping,Thumbnail,Knowledge panel,People also ask,Discussions,Top stories,Video preview",60,15000,15000,2018-11-22,"Informational,Commercial,Transactional,Branded,Non-local",English
1454,blue light flashing on ring camera,us,0,60,,,ring camera blinking blue,2025-12-13 11:35:03,"AI Overview,Thumbnail,People also ask,Sitelinks",70,600,600,2021-12-09,"Informational,Branded,Non-local",English
1455,which ring camera says you are being recorded,us,,60,,,,,,70,,,2022-12-19,,
1456,ring camera differences,us,2,60,0.4,,ring doorbell comparison,2025-12-22 1:02:55,"AI Overview,People also ask,Sitelinks,Video preview,Top stories,Thumbnail,Discussions",70,3000,3300,2018-01-10,"Informational,Branded,Non-local",English
1457,ring camera pictures,us,0,60,,,ring doorbell images,2025-11-28 7:44:03,"People also ask,Thumbnail,Discussions,Shopping",60,40,50,2018-01-30,"Informational,Commercial,Branded,Non-local",English
1458,ring camera for inside house,us,24,60,0.4,,indoor camera,2025-11-25 13:28:24,"Shopping,Thumbnail,Sitelinks,People also ask,Discussions,Top stories,Video preview",60,4500,4700,2020-07-20,"Informational,Commercial,Transactional,Branded,Non-local",English
1459,google nest cam indoor product info and reviews,us,,60,,,,,,70,,,2025-05-30,,
1460,nest camera bundle,us,0,60,0.8,,google nest security system,2025-12-22 23:15:52,"Thumbnail,Sitelinks,People also ask,Shopping,Discussions,Bottom ads,Paid sitelinks",70,900,900,2017-08-31,"Informational,Commercial,Branded,Non-local",English
1461,google nest camera bundle,us,0,60,0.6,,google nest security system,2025-12-26 17:32:02,"Thumbnail,Sitelinks,People also ask,Shopping,Discussions",70,700,800,2020-01-30,"Informational,Commercial,Branded,Non-local",English
1462,what does it mean when the ring camera is red,us,0,60,,,ring camera red light,2025-12-16 0:12:38,"AI Overview,Thumbnail,Sitelinks,People also ask",60,600,600,2020-04-12,"Informational,Branded,Non-local",English
1463,how long does a ring camera store footage,us,,60,,,,,,70,,,2024-03-07,,
1464,ring peephole camera installation,us,0,60,0.6,,ring peephole camera installation,2025-12-09 14:38:17,"People also ask,Knowledge panel,Discussions,Video preview,Sitelinks",70,20,40,2019-10-26,"Informational,Branded,Non-local",English
1465,ring doorbell camera view,us,6,60,0.25,,ring live view,2025-12-19 18:45:34,"AI Overview,Thumbnail,People also ask,Top stories,Video preview,Discussions,Shopping",90,700,700,2019-10-05,"Informational,Branded,Non-local",English
1466,ring camera code p1-99,us,,60,,,,,,70,,,2023-09-08,,
1467,ring stickup security camera wired,us,2,60,,,ring stick up cam,2025-11-14 3:03:54,"Thumbnail,Shopping,Knowledge panel,Discussions,People also ask,Sitelinks",60,6300,6300,2020-01-12,"Informational,Commercial,Branded,Non-local",English
1468,ring camera competitor,us,26,60,,,ring competitor,2025-12-14 22:50:20,"AI Overview,Thumbnail,People also ask,Top stories,Video preview,Sitelinks",60,450,500,2017-06-13,"Informational,Commercial,Branded,Non-local",English
1469,halle bailey ring camera footage,us,,60,,,,,,60,,,2025-05-13,,
1470,google nest camera charger cable,us,,60,,,,,,70,,,2023-04-17,,
1471,google nest vs ring camera,us,0,50,0.35,,ring vs nest camera,2025-12-20 13:27:48,"Sitelinks,People also ask,Top stories,Thumbnail",60,300,350,2020-02-09,"Informational,Commercial,Branded,Non-local",English
1472,google nest cam news,us,,50,,,,,,50,,,2025-09-12,,
1473,easter bunny on ring camera,us,,50,,,,,,80,,,2020-04-12,,
1474,google nest camera wired,us,2,50,0.45,,nest camera outdoor,2025-12-18 18:57:15,"Thumbnail,Sitelinks,Shopping,People also ask,Video preview",150,4900,4900,2021-08-12,"Informational,Commercial,Transactional,Branded,Non-local",English
1475,code p1-99 on ring camera,us,,50,,,,,,60,,,2024-01-13,,
1476,ring solar security camera,us,0,50,0.6,,ring solar camera,2025-12-15 0:11:43,"Thumbnail,Sitelinks,Shopping,People also ask,Top stories,Video preview,Discussions",60,2500,2600,2017-10-30,"Informational,Commercial,Branded,Non-local",English
1477,nest camera customer service,us,41,50,,,nest support,2025-12-19 23:08:21,"AI Overview,Thumbnail,Sitelinks",50,8700,9600,2016-07-21,"Informational,Branded,Non-local",English
1478,what does it mean when the ring camera turns blue,us,,50,,,,,,50,,,2023-01-27,,
1479,wireless ring camera outdoor,us,5,50,0.5,,ring stick up cam,2025-12-15 6:16:44,"Shopping,Thumbnail,People also ask,Top stories,Video preview,Sitelinks",50,3900,4000,2019-12-30,"Informational,Commercial,Branded,Non-local",English
1480,outdoor google nest camera,us,12,50,0.5,,nest cam outdoor,2025-11-27 5:09:44,"Thumbnail,Sitelinks,Shopping,People also ask,Discussions,Video preview,Top stories",50,4200,4200,2020-05-16,"Informational,Commercial,Branded,Non-local",English
1481,ring stick up security camera,us,7,50,0.9,,ring stick up cam,2025-11-25 15:15:03,"Thumbnail,Shopping,People also ask,Discussions",60,4800,4900,2016-04-11,"Informational,Commercial,Branded,Non-local",English
1482,is ring camera always recording,us,0,50,,,do ring cameras record 24/7,2025-12-21 11:39:37,"AI Overview,Thumbnail,People also ask,Sitelinks",60,2700,3500,2021-02-12,"Informational,Branded,Non-local",English
1483,does ring camera require wifi,us,0,50,,,do ring cameras need wifi,2025-12-27 11:02:28,"AI Overview,Thumbnail,People also ask,Sitelinks",50,1000,1200,2020-10-03,"Informational,Branded,Non-local",English
1484,ring camera news today 2025,us,,50,,,,,,50,,,2025-09-10,,
1485,ring camera security,us,28,50,0.6,,ring camera,2025-12-17 14:36:37,"Thumbnail,Sitelinks,People also ask,Discussions,Top stories,Video preview,Shopping",80,229000,234000,2017-07-27,"Informational,Commercial,Branded,Non-local",English
1486,will a ring camera work without wifi,us,0,50,,,does ring camera need wifi,2025-12-04 15:08:03,"AI Overview,Thumbnail,Sitelinks,People also ask,Top stories",50,1100,1100,2021-07-08,"Informational,Branded,Non-local",English
1487,blink vs ring doorbell camera,us,0,50,0.06,,ring vs blink,2025-12-14 12:41:02,"AI Overview,Thumbnail,People also ask,Sitelinks,Top stories,Video preview",60,2300,2600,2021-11-14,"Informational,Commercial,Transactional,Branded,Non-local",English
1488,ring camera spinning blue,us,0,50,,,ring doorbell spinning blue,2025-12-13 11:47:27,"AI Overview,Thumbnail,Sitelinks,People also ask",60,300,350,2022-01-18,"Informational,Branded,Non-local",English
1489,indoor ring camera blue light,us,0,50,,,ring camera light meaning,2025-11-27 16:56:37,"AI Overview,Thumbnail,People also ask,Sitelinks",70,800,900,2021-07-07,"Informational,Branded,Non-local",English
1490,ring camera setup button,us,0,50,,,how to set up ring camera,2025-12-17 19:38:54,"AI Overview,Thumbnail,People also ask,Sitelinks,Video preview",50,1700,1800,2020-01-18,"Informational,Branded,Non-local",English
1491,ring camera plane crash,us,,50,,,,,,50,,,2021-03-15,"Informational,Branded,Non-local",English
1492,ring camera santa claus,us,0,50,,,ring camera santa,2025-11-29 11:14:41,"Thumbnail,Sitelinks,People also ask,Video preview",70,200,450,2020-01-11,"Informational,Branded,Non-local",English
1493,how to install nest outdoor camera,us,0,50,0.35,0.66,nest outdoor camera installation,2025-11-17 23:12:03,"People also ask,Video preview",50,150,150,2016-10-01,"Informational,Branded,Non-local",English
1494,ring camera night vision not working,us,0,50,,,ring camera night vision not working,2025-11-26 14:00:36,"AI Overview,Thumbnail,Sitelinks,People also ask,Video preview",60,30,30,2018-07-17,"Informational,Branded,Non-local",English
1495,ring camera going offline for no reason,us,0,50,,,ring camera keeps going offline,2025-11-24 3:06:20,"AI Overview,Thumbnail,Sitelinks,People also ask,Video preview",70,400,400,2021-09-04,"Informational,Branded,Non-local",English
1496,nest cam mount,us,0,50,0.4,,google nest camera mount,2025-11-25 22:43:26,"Shopping,Thumbnail,Sitelinks,Discussions,Video preview",60,70,70,2016-02-09,"Informational,Commercial,Transactional,Branded,Non-local",English
1497,ring camera blue light stays on,us,0,50,,,ring camera blue light stays on,2025-12-19 0:47:00,"AI Overview,Thumbnail,People also ask,Sitelinks",50,10,20,2020-04-29,"Informational,Branded,Non-local",English
1498,ring outdoor camera comparison,us,0,50,0.5,,ring camera comparison chart,2025-11-30 9:22:33,"Sitelinks,Video preview,Discussions,People also ask",70,250,250,2020-06-07,"Informational,Commercial,Branded,Non-local",English
1499,does a ring camera still record without wifi,us,0,50,,,does ring camera need wifi,2025-11-20 0:36:43,"Featured snippet,People also ask,Sitelinks",60,1000,1100,2022-07-16,"Informational,Branded,Non-local",English
1500,why is my ring camera flashing white,us,0,50,,,ring doorbell flashing blue,2025-11-24 15:06:10,"AI Overview,Thumbnail,People also ask,Sitelinks",50,3200,4500,2020-10-14,"Informational,Branded,Non-local",English
1501,ring camera 4k,us,5,50,0.4,,4k ring,2025-12-24 18:51:36,"Thumbnail,Sitelinks,People also ask,Top stories,Shopping,Video preview",60,250,250,2019-06-10,"Informational,Commercial,Branded,Non-local",English
1502,nest camera charging cable,us,0,50,0.45,,nest camera charging cable,2025-11-22 14:25:54,"Shopping,Thumbnail,People also ask,Sitelinks",70,200,200,2021-09-12,"Commercial,Transactional,Branded,Non-local",English
1503,best monitor for ring camera,us,,50,,,,,,50,,,2021-01-08,,
1504,how to turn off ring camera while charging,us,0,50,,,how to turn off ring camera while charging,2025-12-26 1:44:34,"AI Overview,Thumbnail,Sitelinks,People also ask",50,40,40,2021-12-27,"Informational,Branded,Non-local",English
1505,ring camera png,us,0,50,,,ring doorbell icon,2025-10-24 9:03:08,"Thumbnail,People also ask",70,40,40,2017-08-20,"Informational,Branded,Non-local",English
1506,ring camera without doorbell,us,0,50,0.4,,ring camera without doorbell,2025-11-23 1:01:12,"AI Overview,Thumbnail,Sitelinks,People also ask,Shopping,Top stories",60,60,70,2017-07-10,"Informational,Branded,Non-local",English
1507,can someone hack my ring camera,us,0,50,,,can ring cameras be hacked,2025-11-30 18:37:24,"AI Overview,Thumbnail,Sitelinks,People also ask,Top stories,Video preview",60,300,300,2019-11-06,"Informational,Branded,Non-local",English
1508,nest cam a00005,us,11,50,0.7,0.91,nest cam indoor,2025-10-24 14:41:29,"Sitelinks,People also ask,Knowledge panel,Video preview",50,600,600,2015-10-12,"Informational,Branded,Non-local",English
1509,can i turn off my ring camera,us,0,50,,,how to turn off ring camera,2025-12-22 3:34:47,"AI Overview,Thumbnail,People also ask,Sitelinks",60,1400,1500,2019-12-24,"Informational,Branded,Non-local",English
1510,is blink or ring camera better,us,,50,,,,,,50,,,2023-08-11,,
1511,how to know if a ring camera is recording,us,0,50,,,how to tell if a ring camera is recording,2025-11-20 3:33:37,"AI Overview,Thumbnail,Sitelinks,People also ask",60,50,50,2022-04-14,"Informational,Branded,Non-local",English
1512,nest camera blinking blue light,us,0,50,,,nest camera blinking blue light,2025-11-22 18:11:37,"AI Overview,Thumbnail,Sitelinks,People also ask",60,30,30,2018-02-16,"Informational,Branded,Non-local",English
1513,why does my ring camera skip time,us,0,50,,,why does my ring camera skip time,2025-11-10 10:22:28,"AI Overview,Thumbnail,Sitelinks,People also ask,Video preview",50,30,30,2022-07-13,"Informational,Branded,Non-local",English
1514,what does solid red light on ring camera mean,us,0,50,,,what does the red light mean on a ring camera,2025-12-27 12:54:19,"AI Overview,Thumbnail,Sitelinks,People also ask",60,600,600,2022-07-21,"Informational,Branded,Non-local",English
1515,transfer nest camera to google home,us,1,50,,,migrate nest to google,2025-11-26 0:21:58,"AI Overview,Thumbnail,Sitelinks,People also ask",60,250,250,2023-09-22,"Informational,Branded,Non-local",English
1516,ring door camera for apartment,us,0,50,0.5,,ring for apartments,2025-11-24 23:20:27,"Top ads,Paid sitelinks,Sitelinks,People also ask,Discussions,Shopping,Thumbnail,Video preview,Bottom ads",60,1300,1300,2020-10-27,"Informational,Commercial,Transactional,Branded,Non-local",English
1517,how to hook up a ring camera,us,0,50,0.35,,how to install ring camera,2025-11-26 1:12:32,"Featured snippet,People also ask,Video preview,Top stories,Thumbnail,Discussions",50,450,600,2020-02-15,"Informational,Branded,Non-local",English
1518,can you use ring camera without wifi,us,0,50,,,does ring camera need wifi,2025-12-13 8:49:57,"AI Overview,Thumbnail,Sitelinks,People also ask,Video preview",70,1000,1000,2020-08-18,"Informational,Branded,Non-local",English
1519,google nest outdoor camera battery,us,16,50,0.5,,google nest camera,2025-11-13 20:10:45,"Sitelinks,People also ask,Knowledge panel,Discussions,Top stories,Thumbnail",60,5600,6500,2020-01-18,"Informational,Commercial,Branded,Non-local",English
1520,nest camera outdoor wired,us,12,50,0.35,,nest camera outdoor,2025-11-24 18:17:00,"Top ads,Paid sitelinks,Thumbnail,Sitelinks,Shopping,People also ask,Top stories,Bottom ads",100,4300,4400,2021-08-24,"Informational,Commercial,Transactional,Branded,Non-local",English
1521,what does it mean when a ring camera is red,us,0,50,,,ring camera red light,2025-11-17 10:32:12,"AI Overview,Thumbnail,Sitelinks,People also ask",50,500,500,2021-06-16,"Informational,Branded,Non-local",English
1522,how to install ring floodlight camera,us,0,50,0.6,,ring floodlight camera installation,2025-12-05 20:01:18,"People also ask,Sitelinks,Video preview",60,600,600,2017-04-17,"Informational,Branded,Non-local",English
1523,hard wire ring camera,us,,50,0.4,,,,,50,,,2020-08-14,"Informational,Commercial,Branded,Non-local",English
1524,ring camera hard reset,us,0,50,,,how to reset ring doorbell,2025-11-18 18:12:12,"AI Overview,Thumbnail,People also ask,Sitelinks",60,8200,8500,2020-01-19,"Informational,Branded,Non-local",English
1525,ring dash camera,us,14,50,0.7,,ring car cam,2025-12-01 2:58:22,"People also ask,Thumbnail,Sitelinks,Shopping,Video preview",80,8300,8800,2020-01-14,"Informational,Commercial,Branded,Non-local",English
1526,how to turn off a ring camera without the app,us,0,50,,,how to turn off ring doorbell without app,2025-12-26 7:31:18,"AI Overview,Thumbnail,People also ask,Sitelinks",50,300,300,2022-09-08,"Informational,Branded,Non-local",English
1527,is a ring camera waterproof,us,0,50,,,are ring cameras waterproof,2025-12-09 8:55:27,"Featured snippet,People also ask,Sitelinks,Discussions,Video preview",60,1200,1400,2021-07-25,"Informational,Branded,Non-local",English
1528,nest camera sale,us,8,50,0.4,1.3,nest camera,2025-12-27 16:27:39,"Thumbnail,Sitelinks,People also ask,Shopping",60,48000,54000,2016-01-30,"Commercial,Transactional,Branded,Non-local",English
1529,ring camera vs wyze,us,0,50,0.4,,ring camera vs wyze,2025-11-25 0:08:12,"AI Overview,Thumbnail,Sitelinks,People also ask",50,50,60,2019-10-01,"Informational,Commercial,Branded,Non-local",English
1530,ring camera with lights,us,2,50,0.45,,ring floodlight,2025-11-29 2:23:35,"Thumbnail,Shopping,People also ask,Discussions,Video preview",60,15000,16000,2020-01-20,"Informational,Commercial,Branded,Non-local",English
1531,outside ring camera,us,2,50,0,,ring stick up cam,2025-12-17 21:00:36,"Shopping,Thumbnail,People also ask,Sitelinks,Top stories,Video preview",60,4600,4700,2018-03-16,"Informational,Commercial,Branded,Non-local",English
1532,ring solar powered outdoor camera,us,,50,0.5,,,,,50,,,2019-03-01,"Informational,Commercial,Transactional,Branded,Non-local",English
1533,nest camera with floodlight,us,2,50,0.45,,nest floodlight camera,2025-11-24 1:07:36,"People also ask,Sitelinks,Knowledge panel,Shopping,Thumbnail,Discussions",60,2700,2900,2020-02-04,"Informational,Commercial,Branded,Non-local",English
1534,call ring camera,us,,50,,,,,,50,,,2020-08-18,,
1535,do ring camera record all the time,us,0,50,,,do ring cameras record 24/7,2025-11-26 19:42:32,"AI Overview,Thumbnail,People also ask,Sitelinks,Video preview",60,2700,3600,2022-11-16,"Informational,Branded,Non-local",English
1536,ring camera apartment door,us,0,50,0.4,,ring doorbell for apartments,2025-11-27 23:30:18,"Sitelinks,People also ask,Discussions,Shopping,Thumbnail",60,800,800,2021-11-28,"Informational,Commercial,Branded,Non-local",English
1537,google nest cam outdoor camera reviews,us,,50,,,,,,50,,,2025-07-14,,
1538,ring camera wont connect to wifi,us,0,50,,,ring doorbell not connecting to wifi,2025-12-02 21:33:48,"AI Overview,Thumbnail,Sitelinks,People also ask",70,1200,1400,2018-11-20,"Informational,Branded,Non-local",English
1539,ring camera with solar,us,0,50,0.7,,ring solar camera,2025-11-30 11:37:54,"Thumbnail,Sitelinks,Shopping,Discussions,People also ask,Video preview",50,2200,2200,2017-09-02,"Informational,Commercial,Transactional,Branded,Non-local",English
1540,nest cam solar,us,0,50,0.6,,google nest solar panel,2025-11-18 23:06:55,"People also ask,Knowledge panel,Discussions,Sitelinks",70,800,800,2017-03-22,"Informational,Commercial,Branded,Non-local",English
1541,charger for ring camera,us,0,50,0.3,,ring battery charger,2025-12-26 6:54:02,"Shopping,Thumbnail,People also ask,Sitelinks,Discussions",50,350,350,2020-06-22,"Informational,Commercial,Transactional,Branded,Non-local",English
1542,ring camera news november 2025,us,,50,,,,,,50,,,2025-11-02,,
1543,nest flood light camera,us,5,50,0.5,,nest floodlight camera,2025-11-13 15:26:18,"Thumbnail,Sitelinks,Shopping,Discussions,People also ask,Top stories",50,2700,2900,2016-11-28,"Informational,Commercial,Branded,Non-local",English
1544,google nest wireless camera,us,38,50,0.5,,google nest cam battery,2025-10-30 21:46:18,"Thumbnail,People also ask,Shopping,Discussions,Top stories",100,4800,5800,2019-07-04,"Informational,Commercial,Branded,Non-local",English
1545,how to reset a ring camera for new owner,us,0,50,0.2,,how to reset a ring camera for new owner,2025-11-25 14:30:50,"AI Overview,Thumbnail,Sitelinks,People also ask,Discussions",60,30,30,2021-08-25,"Informational,Branded,Non-local",English
1546,ring camera subscription cost 2025,us,,50,,,,,,60,,,2025-05-25,,
1547,how do i turn off ring camera,us,0,50,,,turn off ring camera,2025-11-29 2:43:29,"AI Overview,Thumbnail,People also ask,Sitelinks",60,1100,1200,2017-05-26,"Informational,Branded,Non-local",English
1548,ring camera no wifi needed,us,,50,,,,,,60,,,2023-08-19,,
1549,nest camera poe,us,0,50,0.45,,nest camera poe,2025-12-19 7:35:43,"Sitelinks,Knowledge panel,People also ask,Video preview",70,150,150,2016-06-24,"Informational,Commercial,Branded,Non-local",English
1550,ring wired outdoor camera,us,3,50,0.45,,ring camera system,2025-11-06 4:31:48,"Sitelinks,Thumbnail,Shopping,People also ask,Video preview",100,32000,33000,2018-12-07,"Informational,Commercial,Branded,Non-local",English
1551,blue dot on ring camera meaning,us,,50,,,,,,70,,,2024-12-19,,
1552,belichick spotted on ring camera!,us,,50,,,,,,50,,,2025-05-23,,
1553,nest thermostat camera,us,24,50,0.45,0.85,do nest thermostats have cameras,2025-12-15 20:08:57,"AI Overview,Thumbnail,Sitelinks,People also ask",50,50,50,2015-10-06,"Informational,Commercial,Branded,Non-local",English
1554,ring stick up cam not detecting motion,us,0,50,0.03,,ring stick up cam not detecting motion,2025-11-11 13:43:41,"AI Overview,Thumbnail,Sitelinks,People also ask,Discussions,Video preview",60,30,30,2016-12-18,"Informational,Branded,Non-local",English
1555,ring outdoor camera solar panel,us,0,50,0.7,,ring solar panel,2025-11-24 5:09:48,"Thumbnail,Sitelinks,People also ask,Shopping,Discussions,Top stories,Video preview",60,1200,1200,2019-06-19,"Informational,Commercial,Transactional,Branded,Non-local",English
1556,how to activate ring camera,us,0,50,0.25,,how to set up ring camera,2025-12-27 13:37:03,"AI Overview,Thumbnail,People also ask,Discussions,Video preview",50,1800,1800,2018-04-29,"Informational,Branded,Non-local",English
1557,solar panel for ring spotlight cam plus,us,0,50,,,ring solar panel,2025-11-23 16:04:10,"Thumbnail,Sitelinks,People also ask,Discussions,Shopping,Video preview",60,1200,1200,2023-03-23,"Informational,Commercial,Branded,Non-local",English
1558,how far does ring camera go back,us,0,50,,,how far back does ring doorbell history go,2025-11-14 11:20:54,"AI Overview,Thumbnail,Sitelinks,People also ask,Video preview",80,150,150,2022-01-15,"Informational,Branded,Non-local",English
1559,google nest camera with floodlight,us,4,50,0.8,,nest floodlight camera,2025-11-16 20:16:52,"Thumbnail,Sitelinks,Shopping,People also ask",60,2600,2800,2021-08-17,"Informational,Commercial,Branded,Non-local",English
1560,google nest camera outdoor battery,us,,50,0.45,,,,,70,,,2021-08-11,"Informational,Commercial,Transactional,Branded,Non-local",English
1561,do any ring camera record without wifi,us,,50,,,,,,50,,,2025-06-29,,
1562,google nest cam with floodlight review,us,2,50,0.45,,google nest cam security camera with floodlight reviews,2025-12-18 5:45:23,"AI Overview,Thumbnail,Sitelinks,Knowledge panel,People also ask,Discussions,Top stories",60,150,150,2021-10-10,"Informational,Commercial,Branded,Non-local",English
1563,ring indoor cam price,us,,50,0.45,,,,,60,,,2019-11-29,,
1564,ring plug in camera,us,1,50,0.45,,ring stick up cam,2025-11-17 21:04:06,"Top ads,People also ask,Shopping,Thumbnail,Discussions,Sitelinks,Bottom ads,Paid sitelinks",150,5100,5100,2019-03-23,"Informational,Commercial,Transactional,Branded,Non-local",English
1565,ring camera and light,us,6,50,0.45,,ring floodlight,2025-11-15 10:22:49,"Thumbnail,Shopping,People also ask,Sitelinks,Top stories,Video preview,Discussions",100,15000,15000,2017-01-10,"Informational,Commercial,Branded,Non-local",English
1566,does ring camera record without wifi,us,0,50,,,does ring record without wifi,2025-11-23 2:58:41,"AI Overview,Thumbnail,Sitelinks,People also ask,Video preview",70,150,200,2020-02-12,"Informational,Branded,Non-local",English
1567,ring camera telephone number,us,22,50,,,ring customer service,2025-11-22 22:59:23,"AI Overview,Thumbnail",50,24000,27000,2020-04-09,"Informational,Branded,Non-local",English
1568,when ring camera turns blue,us,0,50,,,why does my ring camera blue light go on and off,2025-11-12 9:44:32,"AI Overview,Thumbnail,People also ask,Sitelinks,Video preview",50,350,350,2021-08-27,"Informational,Branded,Non-local",English
1569,ring stick up cam battery solar panel,us,0,50,0.8,,ring solar panel,2025-11-21 6:19:53,"Shopping,Thumbnail,People also ask,Sitelinks,Discussions,Video preview",70,1200,1300,2019-09-03,"Informational,Commercial,Transactional,Branded,Non-local",English
1570,why my ring camera keeps going offline,us,0,50,,,ring doorbell offline,2025-12-19 2:34:57,"AI Overview,Thumbnail,People also ask,Video preview,Sitelinks",60,6400,8800,2023-04-22,"Informational,Branded,Non-local",English
1571,ring spotlight cam wired cord length,us,,50,,,,,,50,,,2018-08-18,"Informational,Branded,Non-local",English
1572,how wide can a ring camera see,us,0,50,,,how far do ring cameras reach,2025-11-25 4:39:11,"AI Overview,Thumbnail,Sitelinks,People also ask,Video preview",60,300,300,2021-08-01,"Informational,Branded,Non-local",English
1573,ring outdoor camera sale,us,9,50,0.8,,ring camera sale,2025-10-30 7:31:48,"Sitelinks,Thumbnail,People also ask,Shopping,Video preview",70,3800,4100,2017-11-13,"Commercial,Transactional,Branded,Non-local",English
1574,ring stick up cam battery security camera,us,,50,,,,,,60,,,2020-04-13,,
1575,ring camera contact,us,18,50,,,ring customer service,2025-12-03 14:34:27,Sitelinks,70,20000,22000,2020-01-11,"Informational,Navigational,Branded,Non-local",English
1576,philly plane crash ring camera,us,,50,,,,,,50,,,2025-01-31,,
1577,nest outdoor camera installation,us,1,50,0.7,0.74,nest outdoor camera installation,2025-11-21 19:43:45,"People also ask,AI Overview,Sitelinks,Video preview",60,150,150,2016-09-10,"Informational,Branded,Non-local",English
1578,ring camera lights meaning,us,0,50,,,ring camera blue light,2025-12-18 3:47:45,"AI Overview,Thumbnail,People also ask,Sitelinks",60,800,800,2020-09-20,"Informational,Branded,Non-local",English
1579,nest camera outdoor battery,us,10,50,0.45,,google nest camera,2025-12-13 6:37:49,"Thumbnail,Sitelinks,People also ask,Shopping,Video preview,Discussions",60,3400,4100,2020-02-18,"Informational,Commercial,Branded,Non-local",English
1580,how long does a ring stick up cam battery last,us,0,50,,,ring stick up cam battery life,2025-11-28 13:37:29,"Sitelinks,People also ask",60,900,1000,2020-01-22,"Informational,Branded,Non-local",English
1581,ring camera wireless doorbell,us,4,50,0.7,,ring video doorbell,2025-11-09 6:40:44,"Shopping,Thumbnail,People also ask,Sitelinks,Discussions,Video preview",50,21000,26000,2021-08-20,"Informational,Commercial,Transactional,Branded,Non-local",English
1582,nest cam vs ring,us,0,50,0.5,,ring vs nest camera,2025-12-27 8:10:31,"AI Overview,Thumbnail,Sitelinks,People also ask,Video preview,Discussions",60,350,400,2016-10-14,"Informational,Commercial,Branded,Non-local",English
1583,how long for ring camera to charge,us,0,50,,,how long does it take to charge ring camera battery,2025-11-29 16:40:17,"People also ask,Sitelinks",60,1800,2100,2022-09-14,"Informational,Branded,Non-local",English
1584,ring camera amazon prime day,us,1,50,0.7,,ring doorbell deals,2025-11-24 11:29:42,"Thumbnail,Sitelinks,People also ask,Top stories,Video preview",50,1500,1600,2018-07-17,"Informational,Commercial,Transactional,Branded,Non-local",English
1585,ring spotlight cam light not turning on with motion,us,0,50,,,ring spotlight cam light not turning on with motion,2025-11-23 5:07:03,"AI Overview,Thumbnail,People also ask,Sitelinks",80,20,20,2019-09-30,"Informational,Branded,Non-local",English
1586,how to disarm ring camera,us,,50,,,,,,60,,,2020-05-03,"Informational,Branded,Non-local",English
1587,google nest cam (battery) + solar panel,us,,50,,,,,,50,,,2025-05-30,,
1588,why does my ring camera not record everything,us,0,50,,,why is my ring not recording everything,2025-10-24 13:41:54,"AI Overview,Thumbnail,Sitelinks,People also ask,Video preview",50,150,150,2021-09-29,"Informational,Branded,Non-local",English
1589,bill belichick ring cam,us,3,50,,,bill belichick ring camera video,2025-11-23 12:09:54,"Video preview,Thumbnail,People also ask",50,700,700,2023-11-09,"Informational,Branded,Non-local",English
1590,google nest camera not working,us,0,50,,,nest doorbell offline,2025-11-10 6:55:55,"AI Overview,Thumbnail,People also ask,Sitelinks,Top stories,Video preview",50,1300,1300,2020-07-04,"Informational,Branded,Non-local",English
1591,solar powered nest camera,us,0,50,0.5,,nest solar camera,2025-12-18 23:15:06,"Thumbnail,People also ask,Shopping,Discussions,Sitelinks,Video preview",50,600,600,2018-05-10,"Informational,Commercial,Transactional,Branded,Non-local",English
1592,doordash guy ring camera,us,,50,,,,,,50,,,2025-10-20,,
1593,ring camera reset button location,us,,50,,,,,,60,,,2020-11-09,,
1594,blink doorbell camera vs ring,us,0,50,0.45,,blink vs ring,2025-12-13 8:57:26,"AI Overview,Thumbnail,Sitelinks,People also ask,Top stories,Video preview",70,8700,9300,2021-11-06,"Informational,Commercial,Branded,Non-local",English
1595,how long does a ring battery camera last,us,,50,,,,,,60,,,2021-10-06,,
1596,solar panel for ring floodlight camera,us,0,50,0.7,,ring solar panel,2025-11-26 8:28:33,"Sitelinks,People also ask,Shopping,Thumbnail,Discussions,Video preview",50,1200,1200,2020-01-25,"Informational,Commercial,Transactional,Branded,Non-local",English
1597,ring home camera system,us,30,50,1,,ring camera,2025-11-26 19:07:03,"Thumbnail,Shopping,People also ask,Discussions,Sitelinks,Top stories",80,207000,212000,2018-11-23,"Informational,Commercial,Transactional,Branded,Non-local",English
1598,google nest vs ring camera system,us,,50,,,,,,50,,,2025-04-27,,
1599,how to charge ring outdoor camera battery,us,,50,,,,,,70,,,2022-10-07,,
1600,ring camera vehicle detection,us,,50,,,,,,60,,,2024-02-05,,
1601,ring camera shark tank episode,us,3,50,,,ring shark tank,2025-11-25 4:20:20,"Video preview,People also ask,Thumbnail",50,600,600,2021-04-22,"Informational,Branded,Non-local",English
1602,ghost caught on ring camera,us,,50,,,,,,60,,,2018-04-29,"Informational,Branded,Non-local",English
1603,ring vs nest outdoor camera,us,0,50,0.25,,ring vs nest camera,2025-12-19 3:53:46,"AI Overview,Thumbnail,Sitelinks,People also ask",50,300,350,2016-12-20,"Informational,Commercial,Branded,Non-local",English
1604,ring floodlight cam wired pro (white),us,,50,,,,,,50,,,2023-02-05,,
1605,camera ring doorbell,us,12,50,0.7,,ring video doorbell,2025-11-27 19:50:13,"Thumbnail,Sitelinks,People also ask,Shopping,Top stories,Video preview",150,13000,17000,2017-05-01,"Informational,Commercial,Branded,Non-local",English
1606,why would my ring camera go offline,us,,50,,,,,,50,,,2023-07-01,,
1607,does nest camera work without wifi,us,1,50,,,does nest camera work without wifi,2025-12-04 17:48:02,"AI Overview,Sitelinks,People also ask",50,30,30,2017-03-07,"Informational,Branded,Non-local",English
1608,can ring camera get wet,us,0,50,,,are ring cameras waterproof,2025-11-16 0:24:18,"AI Overview,Thumbnail,People also ask,Sitelinks",60,1100,1300,2021-04-21,"Informational,Branded,Non-local",English
1609,ring bird camera,us,4,50,,,doorbell camera,2025-11-24 21:57:33,"People also ask,Video preview,Thumbnail,Sitelinks",60,19000,25000,2021-05-03,"Informational,Branded,Non-local",English
1610,ring floodlight camera motion-activated hd security cam,us,,50,,1.11,,,,50,,,2017-07-11,"Informational,Commercial,Transactional,Branded,Non-local",English
1611,ring camera motion detection notification,us,,50,,,,,,60,,,2024-10-19,,
1612,how much can a ring camera see,us,13,50,,,how far does a ring camera reach,2025-10-30 4:23:35,"AI Overview,Thumbnail,People also ask,Sitelinks,Video preview",50,350,400,2020-10-15,"Informational,Branded,Non-local",English
1613,how to disconnect ring camera from wifi,us,0,50,,,how to remove ring doorbell,2025-11-19 12:42:05,"AI Overview,Thumbnail,People also ask,Sitelinks,Video preview",60,2900,3400,2020-02-26,"Informational,Branded,Non-local",English
1614,best ring camera for front door,us,17,50,,,best ring doorbell camera,2025-12-24 22:48:21,"AI Overview,Thumbnail,People also ask,Sitelinks,Shopping,Top stories,Video preview",50,1600,1900,2020-06-15,"Informational,Commercial,Branded,Non-local",English
1615,big bear eagle live nest cam 1,us,,50,,,,,,60,,,2024-03-07,,
1616,how to restart a ring camera,us,0,50,,,how to reset ring camera,2025-12-14 10:12:35,"AI Overview,Thumbnail,Sitelinks,People also ask,Video preview",60,1000,1500,2021-01-18,"Informational,Branded,Non-local",English
1617,can a ring camera record all the time,us,,50,,,,,,60,,,2022-10-13,,
1618,how to reset google nest outdoor camera,us,0,50,,,reset nest doorbell,2025-12-24 16:57:07,"AI Overview,Thumbnail,People also ask,Sitelinks",50,5200,5200,2021-09-22,"Informational,Branded,Non-local",English
1619,nest outdoor camera install,us,7,50,0.7,0.64,nest outdoor camera installation,2025-12-22 9:56:26,"People also ask,Video preview,Top stories,Thumbnail,Sitelinks",50,150,150,2017-01-08,"Informational,Branded,Non-local",English
1620,replacement battery for ring camera,us,0,50,,,ring cam battery,2025-11-24 10:34:40,"Thumbnail,Sitelinks,People also ask,Shopping,Discussions",50,80,80,2020-07-04,"Commercial,Transactional,Branded,Non-local",English
1621,waterproof ring camera,us,0,50,0.4,,ring outdoor camera,2025-12-26 19:04:48,"Thumbnail,People also ask,Video preview,Shopping,Discussions,Sitelinks",60,8300,8400,2020-01-11,"Informational,Commercial,Branded,Non-local",English
1622,ring camera packages,us,0,50,0.7,,ring camera set,2025-12-16 3:31:08,"Sitelinks,People also ask,Top stories,Thumbnail,Shopping,Video preview",50,1100,1200,2019-02-22,"Informational,Commercial,Branded,Non-local",English
1623,wyze vs ring camera,us,0,50,,,wyze vs ring doorbell,2025-12-04 17:03:29,"AI Overview,Thumbnail,People also ask,Sitelinks",50,40,60,2019-11-13,"Informational,Commercial,Branded,Non-local",English
1624,remove ring camera from mount,us,,50,,,,,,70,,,2023-02-07,,
1625,ring camera on door,us,8,50,0.45,,ring doorbell camera,2025-12-13 6:48:30,"AI Overview,Thumbnail,Video preview,Sitelinks,People also ask,Top stories,Shopping",60,42000,47000,2020-01-18,"Informational,Commercial,Branded,Non-local",English
1626,ring camera police access,us,36,50,,,ring camera news,2025-12-27 8:47:48,"AI Overview,Thumbnail,Sitelinks,People also ask,Video preview",60,800,800,2019-08-29,"Informational,Branded,Non-local",English
1627,ring outdoor cam pro,us,,50,,,,,,90,,,2023-11-30,,
1628,google nest camera reset button,us,0,50,,,reset nest doorbell,2025-12-21 4:47:52,"AI Overview,Thumbnail,People also ask,Sitelinks,Video preview",60,5200,5200,2021-11-07,"Informational,Branded,Non-local",English
1629,how to turn off chime on ring camera,us,0,50,,,how to turn off chime on ring camera,2025-11-28 20:43:52,"AI Overview,Thumbnail,Sitelinks,People also ask",60,50,50,2020-09-17,"Informational,Branded,Non-local",English
1630,nest outdoor battery camera,us,7,50,0.5,,google nest cam,2025-11-27 3:40:38,"People also ask,Sitelinks,Shopping,Thumbnail,Knowledge panel,Discussions,Top stories",60,3600,4400,2019-09-05,"Informational,Commercial,Transactional,Branded,Non-local",English
1631,can you turn the blue light off on ring camera,us,0,50,,,turn off blue light on ring camera,2025-11-19 11:49:08,"AI Overview,Thumbnail,People also ask,Sitelinks",80,450,450,2021-01-11,"Informational,Branded,Non-local",English
1632,ring floodlight cam black friday,us,0,50,0.8,0.9,ring doorbell black friday,2025-12-20 17:39:05,"Sitelinks,Thumbnail,People also ask",50,500,600,2017-11-23,"Informational,Commercial,Transactional,Branded,Non-local",English
1633,ring camera outside,us,0,50,0.5,,ring camera outdoor,2025-11-19 13:28:37,"Shopping,Thumbnail,Sitelinks,People also ask,Discussions,Top stories,Video preview",60,3200,3300,2020-01-23,"Informational,Commercial,Transactional,Branded,Non-local",English
1634,nest camera cable,us,0,50,0.35,,nest camera power cord,2025-11-01 14:19:05,"Shopping,Thumbnail,Sitelinks,People also ask,Discussions,Bottom ads,Paid sitelinks",70,500,600,2015-11-19,"Commercial,Transactional,Branded,Non-local",English
1635,ring camera replacement battery,us,,50,,,,,,60,,,2019-02-13,,
1636,ring camera news october 2025,us,,50,,,,,,50,,,2025-10-01,,
1637,turn off blue light on ring stick up camera,us,0,50,,,turn off blue light on ring camera,2025-11-24 21:14:48,"AI Overview,Thumbnail,Sitelinks,People also ask",60,450,500,2019-05-15,"Informational,Branded,Non-local",English
1638,can you turn ring camera off,us,0,50,,,how to turn off your ring camera,2025-12-26 0:09:43,"Featured snippet,People also ask,Sitelinks",80,30,30,2020-09-21,"Informational,Branded,Non-local",English
1639,is the ring camera always recording,us,0,50,,,do ring cameras record 24/7,2025-12-15 12:57:10,"AI Overview,Thumbnail,People also ask,Sitelinks",50,2700,3400,2020-02-10,"Informational,Branded,Non-local",English
1640,how to install ring spotlight cam,us,0,50,0.15,,ring spotlight cam installation,2025-12-20 7:31:02,"People also ask,Thumbnail,Discussions,Video preview",50,10,10,2017-12-04,"Informational,Branded,Non-local",English
1641,ring camera vs arlo,us,0,50,0.6,,arlo vs ring,2025-12-21 3:54:29,"AI Overview,Thumbnail,People also ask,Sitelinks,Top stories",60,1100,1200,2016-08-24,"Informational,Commercial,Branded,Non-local",English
1642,nest cam installation,us,1,50,1.3,0.81,google camera,2025-11-24 3:09:02,"People also ask,Top stories,Thumbnail",70,800,900,2015-11-19,"Informational,Branded,Non-local",English
1643,how long does it take for ring camera to charge,us,0,50,,,how long does a ring camera take to charge,2025-12-19 4:20:00,"AI Overview,Thumbnail,People also ask,Sitelinks",60,1700,2100,2022-01-01,"Informational,Branded,Non-local",English
1644,nest camera cost,us,10,50,0.3,0.49,nest camera,2025-12-21 1:56:42,"AI Overview,Thumbnail,People also ask,Top stories,Sitelinks,Discussions,Shopping",60,35000,42000,2015-10-04,"Informational,Commercial,Branded,Non-local",English
1645,ring camera pros and cons,us,2,50,0.7,,ring cam,2025-12-15 13:40:20,"AI Overview,Thumbnail,Sitelinks,People also ask",50,300,400,2018-12-08,"Informational,Commercial,Branded,Non-local",English
1646,ring camera for driveway,us,3,50,0.35,,ring outdoor camera,2025-11-28 13:29:32,"Thumbnail,Sitelinks,People also ask,Discussions,Shopping",50,15000,16000,2019-10-11,"Informational,Commercial,Branded,Non-local",English
1647,ring camera flashing blue and white,us,0,50,,,ring camera flashing blue and white,2025-11-22 0:27:04,"Sitelinks,People also ask",60,30,30,2019-02-24,"Informational,Branded,Non-local",English
1648,how to connect a ring camera to wifi,us,0,50,,,how to set up ring camera,2025-12-07 16:45:38,"Featured snippet,People also ask,Sitelinks",70,1700,1700,2020-06-20,"Informational,Branded,Non-local",English
1649,ring camera garage door,us,0,50,0.35,,ring garage door opener,2025-12-27 3:32:33,"Thumbnail,Sitelinks,People also ask,Top stories,Discussions,Video preview",50,450,450,2021-06-19,"Informational,Commercial,Branded,Non-local",English
1650,how far does ring camera history go back,us,,50,,,,,,60,,,2024-03-25,,
1651,how to reset ring outdoor camera,us,0,50,,,how to reset ring doorbell,2025-11-25 2:11:38,"Featured snippet,People also ask,Sitelinks",60,8300,8600,2020-03-06,"Informational,Branded,Non-local",English
1652,when the ring camera is blue what does that mean,us,,50,,,,,,50,,,2025-01-04,,
1653,ring camera nearby,us,0,50,0.35,,ring camera near me,2025-12-21 0:35:17,"Local teaser pack,Shopping,Thumbnail,People also ask,Sitelinks",50,200,200,2022-11-25,"Informational,Commercial,Branded,Local",English
1654,ring spotlight cam review,us,5,50,0.4,1.14,ring spotlight camera review,2025-12-21 15:54:55,"Knowledge panel,Sitelinks,Discussions,People also ask",100,50,50,2017-08-07,"Informational,Commercial,Branded,Non-local",English
1655,how to share your ring camera with someone,us,,50,,,,,,60,,,2025-01-12,,
1656,ring doorbell camera subscription,us,0,50,0.4,,ring protect plan,2025-12-14 16:32:38,"AI Overview,Thumbnail,Sitelinks,People also ask,Discussions",90,96000,101000,2019-11-29,"Informational,Commercial,Branded,Non-local",English
1657,ring camera modes,us,0,50,,,ring away mode,2025-12-24 5:02:47,"Sitelinks,AI Overview,People also ask,Discussions,Video preview",70,700,1000,2019-10-28,"Informational,Branded,Non-local",English
1658,code p1-78 ring camera,us,,50,,,,,,50,,,2023-04-12,,
1659,nest cam outdoor installation,us,6,50,0.9,0.85,nest thermostat installation,2025-11-11 15:17:33,People also ask,50,2200,2300,2016-07-14,"Informational,Branded,Non-local",English
1660,how does a ring doorbell camera work,us,6,50,0.3,,how does ring doorbell work,2025-11-13 22:29:31,"AI Overview,Thumbnail,People also ask,Sitelinks,Discussions,Top stories,Video preview",60,2100,2300,2020-06-12,"Informational,Branded,Non-local",English
1661,why won't my ring camera charge,us,0,50,,,ring doorbell not charging,2025-11-23 0:36:50,"AI Overview,Thumbnail,People also ask,Sitelinks,Video preview",50,800,1500,2022-04-26,"Informational,Branded,Non-local",English
1662,ring stick up cam camera reviews,us,,50,,,,,,50,,,2025-05-23,,
1663,does ring camera show when someone is watching,us,0,50,,,does ring camera show when someone is watching,2025-12-19 6:10:26,"AI Overview,People also ask,Sitelinks,Video preview",60,60,60,2023-01-13,"Informational,Branded,Non-local",English
1664,wired ring doorbell camera,us,6,50,0.5,,wired ring doorbell,2025-11-28 22:04:05,"People also ask,Sitelinks,Discussions,Video preview,Top stories,Thumbnail",60,1400,1500,2019-12-14,"Informational,Commercial,Transactional,Branded,Non-local",English
1665,best ring camera for garage,us,2,50,0.45,,ring cam,2025-11-08 23:04:42,"Top ads,Paid sitelinks,Sitelinks,People also ask,Thumbnail,Shopping,Bottom ads",50,150,150,2020-03-22,"Informational,Commercial,Branded,Non-local",English
1666,google nest camera subscription cost,us,,50,,,,,,50,,,2020-01-26,,
1667,ring camera vs,us,0,50,0.8,,ring vs nest,2025-12-18 12:16:05,"Sitelinks,Discussions,People also ask,Top stories,Thumbnail,Video preview",60,2600,2800,2017-08-12,"Informational,Commercial,Branded,Non-local",English
1668,garage camera ring,us,7,50,0.4,,ring security camera,2025-12-18 21:18:55,"Sitelinks,People also ask,Shopping,Thumbnail,Discussions,Top stories",50,17000,17000,2020-04-26,"Informational,Commercial,Transactional,Branded,Non-local",English
1669,how long does it take ring camera battery to charge,us,0,50,,,how long does it take to charge ring camera battery,2025-11-24 11:59:49,"AI Overview,Thumbnail,People also ask,Sitelinks",50,1900,2200,2019-10-26,"Informational,Branded,Non-local",English
1670,ring camera keeps disconnecting from wifi,us,0,50,,,ring camera keeps disconnecting from wifi,2025-12-20 10:11:56,"AI Overview,Thumbnail,Sitelinks,People also ask",80,40,40,2018-01-26,"Informational,Branded,Non-local",English
1671,google nest camera reset,us,0,50,,,reset nest doorbell,2025-12-24 21:20:18,"AI Overview,Thumbnail,People also ask,Sitelinks,Video preview",70,5200,5200,2020-08-16,"Informational,Branded,Non-local",English
1672,nest cam wireless outdoor,us,,50,0,,,,,50,,,2019-01-13,"Informational,Commercial,Branded,Non-local",English
1673,ring camera preview unavailable,us,,50,,,,,,60,,,2024-12-04,,
1674,ring camera without internet,us,0,50,0.4,,does a ring camera need wifi,2025-11-28 23:36:55,"Sitelinks,People also ask,Top stories",60,700,800,2017-11-24,"Informational,Branded,Non-local",English
1675,ring doorbell camera amazon,us,2,50,0.8,,amazon ring doorbell,2025-11-30 22:15:18,"Thumbnail,Shopping,People also ask,Video preview",60,1300,1400,2016-11-21,"Informational,Commercial,Transactional,Branded,Non-local",English
1676,google nest camera accessories,us,6,50,0.35,,nest cam battery,2025-11-18 3:39:29,"Top ads,Thumbnail,Sitelinks,Shopping,People also ask,Video preview,Bottom ads,Paid sitelinks",70,3900,4700,2020-07-08,"Informational,Commercial,Branded,Non-local",English
1677,eagles nest cam big bear,us,,50,,,,,,50,,,2021-03-12,,
1678,jordon hudson ring camera,us,,50,,,,,,50,,,2024-06-24,,
1679,ring santa cam,us,,50,,,,,,60,,,2023-12-24,,
1680,ring camera jammer app,us,0,50,,,ring camera jammer,2025-11-22 19:04:09,"AI Overview,Thumbnail,People also ask,Sitelinks",80,60,80,2022-12-01,"Informational,Branded,Non-local",English
1681,ring dome camera,us,0,50,0.3,,ring camera,2025-12-21 14:04:32,"Shopping,Thumbnail,Sitelinks,People also ask",90,239000,244000,2019-12-17,"Informational,Commercial,Transactional,Branded,Non-local",English
1682,ring drone security camera,us,,50,0.15,,,,,70,,,2020-09-24,"Informational,Commercial,Branded,Non-local",English
1683,how long for ring camera battery to charge,us,0,50,,,how long does ring battery take to charge,2025-12-01 2:13:25,"AI Overview,Thumbnail,Sitelinks,People also ask,Video preview",60,1800,2300,2019-05-30,"Informational,Branded,Non-local",English
1684,nest camera 1st generation,us,0,50,0.35,,nest cam outdoor wired,2025-12-01 13:24:29,"People also ask,Knowledge panel,Sitelinks",60,100,100,2018-11-12,"Informational,Commercial,Branded,Non-local",English
1685,ring camera light bulb replacement,us,,50,,,,,,60,,,2021-12-09,,
1686,what does a red light mean on a ring camera,us,0,50,,,ring camera red light,2025-12-14 18:38:45,"AI Overview,Thumbnail,Sitelinks,People also ask",50,600,600,2021-04-22,"Informational,Branded,Non-local",English
1687,can someone disable my ring camera,us,0,50,,,can someone disable my ring camera,2025-11-05 5:07:41,"AI Overview,Thumbnail,Sitelinks,People also ask,Video preview",80,20,20,2020-06-15,"Informational,Branded,Non-local",English
1688,ring camera disconnected from wifi,us,0,50,,,ring camera offline,2025-12-26 5:09:17,"AI Overview,Thumbnail,Sitelinks,People also ask",70,6400,9000,2019-01-18,"Informational,Branded,Non-local",English
1689,how do you know if a ring camera is on,us,0,50,,,how to tell if a ring camera is on,2025-12-20 7:25:18,"AI Overview,Thumbnail,Sitelinks,People also ask,Video preview",60,150,150,2020-07-03,"Informational,Branded,Non-local",English
1690,nest camera update news,us,,50,,,,,,50,,,2025-09-15,,
1691,nest outdoor camera solar panel,us,0,50,0.5,,google nest solar panel,2025-11-06 11:40:22,"Sitelinks,People also ask,Knowledge panel,Discussions",60,800,800,2019-08-12,"Informational,Commercial,Branded,Non-local",English
1692,ring camera screen,us,,50,0.4,,,,,60,,,2020-02-24,"Informational,Commercial,Branded,Non-local",English
1693,ring solar panel for spotlight cam battery,us,0,50,0.5,,ring solar panel,2025-10-28 18:38:03,"Shopping,Thumbnail,People also ask,Sitelinks,Discussions",50,2100,2200,2018-10-06,"Informational,Commercial,Branded,Non-local",English
1694,nest cam reset button,us,0,50,,,reset nest doorbell,2025-11-19 0:38:04,"AI Overview,Thumbnail,People also ask,Video preview,Sitelinks",80,5300,5400,2017-01-07,"Informational,Branded,Non-local",English
1695,google nest camera outdoor wired,us,0,50,0.45,,nest cam outdoor,2025-11-13 9:53:11,"Thumbnail,Sitelinks,Shopping,People also ask,Video preview,Top stories",80,1600,1600,2021-09-13,"Informational,Commercial,Transactional,Branded,Non-local",English
1696,ring floodlight cam wired pro reviews,us,,50,0.5,,,,,60,,,2021-06-30,"Informational,Commercial,Branded,Non-local",English
1697,google nest cam indoor/outdoor security reviews,us,,50,,,,,,50,,,2025-08-28,,
1698,how long does a ring camera battery last before recharge,us,0,50,,,how long does ring camera battery last,2025-11-15 8:16:44,"AI Overview,Thumbnail,Sitelinks,People also ask,Video preview",60,900,1000,2021-10-16,"Informational,Branded,Non-local",English
1699,how far does ring camera detect motion,us,0,50,,,how far can a ring camera see,2025-11-09 4:55:32,"AI Overview,Thumbnail,Sitelinks,People also ask,Video preview",60,200,200,2020-02-14,"Informational,Branded,Non-local",English
1700,funny ring camera names,us,0,50,,,funny camera names,2025-11-26 19:10:16,"Sitelinks,People also ask",50,100,100,2020-07-28,"Informational,Branded,Non-local",English
1701,cow ring camera,us,0,50,,,cow ring doorbell,2025-12-19 21:37:20,"People also ask,Video preview,Sitelinks,Thumbnail",80,30,30,2020-08-05,"Informational,Branded,Non-local",English
1702,ring camera light flashing blue,us,0,50,,,ring camera blinking blue,2025-11-18 19:14:02,"AI Overview,Thumbnail,Sitelinks,People also ask",60,600,700,2020-06-27,"Informational,Branded,Non-local",English
1703,setting up a ring camera,us,0,50,0.2,,how to set up ring camera,2025-11-30 19:13:57,"AI Overview,Thumbnail,People also ask,Top stories,Video preview",60,1700,1800,2018-04-25,"Informational,Branded,Non-local",English
1704,can ring camera work without internet,us,0,50,,,does ring camera need wifi,2025-11-30 22:55:29,"AI Overview,Thumbnail,Sitelinks,People also ask,Top stories",60,1100,1100,2022-05-12,"Informational,Branded,Non-local",English
1705,olive hummingbird nest cam,us,,50,,,,,,70,,,2025-02-15,,
1706,google nest camera cable,us,0,50,0.4,,google nest camera power cord,2025-12-17 15:23:21,"Thumbnail,Shopping,People also ask,Sitelinks",80,400,400,2020-07-01,"Informational,Commercial,Transactional,Branded,Non-local",English
1707,ring floodlight wired camera plus – white,us,,50,,,,,,50,,,2025-06-20,,
1708,ring camera system package,us,0,50,0.7,,ring camera set,2025-12-21 20:38:18,"Sitelinks,Thumbnail,People also ask,Shopping",50,1100,1200,2020-11-23,"Informational,Commercial,Transactional,Branded,Non-local",English
1709,installing a ring doorbell camera,us,0,50,0.6,,ring doorbell installation,2025-12-06 4:06:40,"People also ask,Video preview,Sitelinks",70,12000,15000,2019-07-04,"Informational,Branded,Non-local",English
1710,ring stick up camera review,us,8,50,0.25,,ring stick up cam battery life,2025-12-01 5:17:35,"AI Overview,Thumbnail,People also ask,Knowledge panel,Discussions,Sitelinks,Top stories",90,250,300,2016-07-09,"Informational,Commercial,Branded,Non-local",English
1711,ddg ring camera,us,,50,,,,,,60,,,2025-05-13,,
1712,ring camera 2k upgrade,us,,50,,,,,,50,,,2025-01-08,,
1713,ring solar camera 2 pack,us,,50,0,,,,,50,,,2019-08-16,,
1714,ring wifi extender for outdoor camera,us,,50,,,,,,50,,,2023-08-07,,
1715,ring camera light not turning on,us,,50,,,,,,60,,,2020-05-14,,
1716,ring fog light camera,us,7,50,0.25,,ring floodlight,2025-12-13 21:58:55,"Thumbnail,Shopping,Top stories,People also ask,Sitelinks,Discussions",50,15000,15000,2017-07-27,"Informational,Commercial,Branded,Non-local",English
1717,how long does a ring camera record for,us,,50,,,,,,50,,,2023-05-09,,
1718,what does a ring camera look like,us,10,50,0.8,,ring camera,2025-12-15 3:17:17,"AI Overview,Thumbnail,People also ask,Sitelinks,Shopping,Top stories,Video preview",60,239000,244000,2020-01-11,"Informational,Branded,Non-local",English
1719,ring spotlight cam plus battery life,us,0,50,0.9,,ring spotlight cam battery life,2025-11-24 14:11:13,"AI Overview,Thumbnail,Sitelinks,People also ask,Video preview",70,100,150,2022-11-11,"Informational,Branded,Non-local",English
1720,ring camera subscription discount,us,0,50,0.5,,ring discount code,2025-12-20 7:51:03,"AI Overview,Thumbnail,People also ask,Sitelinks",60,3300,3500,2021-11-03,"Informational,Commercial,Transactional,Branded,Non-local",English
1721,how to get nest camera back online,us,0,50,,,nest doorbell offline,2025-12-21 19:15:07,"People also ask,Sitelinks",60,1200,1200,2018-11-22,"Informational,Branded,Non-local",English
1722,google nest cam indoor wired,us,1,50,0.45,,nest indoor camera,2025-12-26 15:30:47,"Knowledge panel,Top stories,Video preview,Thumbnail,People also ask,Sitelinks,Discussions",150,2900,3000,2021-08-26,"Informational,Commercial,Transactional,Branded,Non-local",English
1723,blink vs ring indoor camera,us,0,50,0.35,,blink vs ring,2025-11-24 18:22:02,"AI Overview,Thumbnail,Sitelinks,People also ask,Top stories,Discussions,Video preview",50,8900,9800,2020-07-05,"Informational,Commercial,Branded,Non-local",English
1724,ring blink outdoor 4 4-cam reviews,us,,50,,,,,,70,,,2025-08-30,,
1725,how to get a ring camera off the wall,us,,50,,,,,,50,,,2024-01-16,,
1726,can you turn off ring camera temporarily,us,0,50,,,turn off ring camera,2025-12-01 5:45:02,"AI Overview,Thumbnail,Sitelinks,People also ask",60,1100,1200,2020-09-02,"Informational,Branded,Non-local",English
1727,newest ring doorbell camera,us,31,50,0.35,,ring video doorbell,2025-12-25 10:02:22,"AI Overview,Thumbnail,Sitelinks,People also ask,Shopping,Discussions,Top stories",60,12000,60000,2020-02-04,"Informational,Commercial,Transactional,Branded,Non-local",English
1728,ring camera products,us,36,50,0.45,,ring products,2025-12-15 14:19:09,"Sitelinks,Shopping,Thumbnail,People also ask,Discussions",60,5200,5400,2018-02-27,"Informational,Commercial,Branded,Non-local",English
1729,how to reactivate a deactivated ring camera,us,,50,,,,,,50,,,2023-02-11,,
1730,google nest camera solar,us,0,50,0.5,,google nest solar panel,2025-12-21 7:50:33,"People also ask,Sitelinks,Knowledge panel,Discussions",60,800,800,2019-11-28,"Informational,Commercial,Branded,Non-local",English
1731,big bear eagle live nest cam,us,27,50,,,big bear eagle cam,2025-12-13 14:38:07,"Sitelinks,Thumbnail,Top stories,Video preview,People also ask",50,155000,158000,2022-03-03,"Informational,Non-branded,Local",English
1732,nest outdoor camera mount,us,0,50,0.5,,google nest camera outdoor mount,2025-12-25 3:45:53,"Shopping,Thumbnail,Sitelinks,People also ask",60,10,10,2016-09-08,"Informational,Commercial,Transactional,Branded,Non-local",English
1733,ring doorbell camera flashing blue,us,0,50,,,ring doorbell blinking blue,2025-10-25 17:18:52,"AI Overview,Thumbnail,People also ask,Sitelinks,Video preview",70,3100,5200,2021-12-12,"Informational,Branded,Non-local",English
1734,jax ring camera video reddit,us,,50,,,,,,50,,,2025-05-27,,
1735,ring solar camera 2-pack,us,0,50,0.7,,ring solar camera,2025-11-30 23:10:09,"Thumbnail,Shopping,Knowledge panel,Sitelinks",50,900,900,2021-07-29,"Informational,Commercial,Transactional,Branded,Non-local",English
1736,how to turn off light on ring camera,us,0,50,,,turn off blue light on ring camera,2025-11-24 13:59:42,"AI Overview,Thumbnail,Sitelinks,People also ask",50,250,250,2019-02-07,"Informational,Branded,Non-local",English
1737,what does a blue light on ring camera mean,us,0,50,,,ring camera blue light,2025-11-13 15:39:52,"AI Overview,Thumbnail,People also ask,Sitelinks,Discussions",50,800,800,2022-06-11,"Informational,Branded,Non-local",English
1738,new nest camera,us,33,50,0.6,,nest camera,2025-11-17 10:28:30,"Sitelinks,Top stories,Thumbnail,Video preview,People also ask,Discussions",60,44000,52000,2015-09-10,"Informational,Commercial,Branded,Non-local",English
1739,google nest cam charger,us,0,50,0.45,,google camera charger,2025-11-19 16:52:22,"Shopping,Thumbnail,People also ask,Discussions,Sitelinks",70,150,150,2021-10-09,"Informational,Commercial,Transactional,Branded,Non-local",English
1740,why ring camera is offline,us,,50,,,,,,50,,,2024-07-09,,
1741,how long does the ring battery camera last,us,,50,,,,,,50,,,2020-06-14,,
1742,nest indoor camera 3 pack,us,0,50,0.3,,nc1104us,2025-11-23 21:59:04,"Top ads,Thumbnail,Knowledge panel,Shopping,People also ask,Discussions,Sitelinks",50,90,90,2016-11-11,"Informational,Commercial,Transactional,Branded,Non-local",English
1743,cheapest ring camera,us,8,50,0.6,,ring doorbell deals,2025-11-22 4:41:06,"Shopping,Thumbnail,Sitelinks,People also ask,Discussions,Bottom ads",60,2900,3100,2019-07-25,"Informational,Commercial,Transactional,Branded,Non-local",English
1744,ring battery camera outdoor,us,1,50,0.6,,ring stick up cam,2025-12-14 19:46:11,"Thumbnail,People also ask,Shopping,Discussions,Video preview,Top stories",50,3900,4000,2018-07-18,"Informational,Commercial,Transactional,Branded,Non-local",English
1745,ring camera flood lights,us,2,50,0.4,,ring floodlight,2025-12-15 3:43:49,"Thumbnail,Sitelinks,People also ask,Top stories,Video preview,Discussions",50,15000,15000,2017-07-31,"Informational,Commercial,Branded,Non-local",English
1746,ring floodlight cam wired pro vs plus,us,0,50,0.02,,ring floodlight pro vs plus,2025-12-27 16:58:08,"AI Overview,Thumbnail,Sitelinks,People also ask,Video preview,Discussions",90,600,700,2021-06-07,"Informational,Commercial,Branded,Non-local",English
1747,do i need wifi for ring camera,us,0,50,0.4,,do ring cameras need wifi,2025-12-14 16:32:20,"AI Overview,Thumbnail,Sitelinks,People also ask,Top stories",60,900,1100,2020-02-03,"Informational,Branded,Non-local",English
1748,how long does a ring camera charge last,us,,50,,,,,,50,,,2023-07-09,,
1749,does the ring camera record 24/7,us,0,50,0.6,,do ring cameras record 24/7,2025-12-18 22:05:12,"AI Overview,Thumbnail,Sitelinks,People also ask",70,2700,3500,2019-11-27,"Informational,Branded,Non-local",English
1750,share ring camera,us,0,50,,,shared user,2025-11-27 19:08:16,"AI Overview,Thumbnail,Sitelinks,People also ask,Video preview",50,300,350,2020-06-20,"Informational,Branded,Non-local",English
1751,ring camera flashing blue while charging,us,,50,,,,,,50,,,2023-11-29,,
1752,how to add wifi to ring camera,us,,50,,,,,,60,,,2023-09-06,,
1753,green light on nest camera,us,0,50,,,google nest camera light meaning,2025-12-26 5:06:48,"AI Overview,Thumbnail,People also ask,Sitelinks,Video preview",50,200,200,2016-05-15,"Informational,Branded,Non-local",English
1754,nest bird feeder camera,us,18,50,,,best bird feeder camera,2025-12-27 14:05:03,"Sitelinks,People also ask,Top stories,Thumbnail",50,2100,2600,2021-05-06,"Informational,Commercial,Non-branded,Non-local",English
1755,does ring camera record,us,0,50,0.7,,do ring cameras record 24/7,2025-12-27 17:13:40,"AI Overview,Thumbnail,Sitelinks,People also ask,Video preview,Top stories",60,2800,3600,2016-07-06,"Informational,Branded,Non-local",English
1756,ring floodlight with camera,us,8,50,0.6,,ring floodlight,2025-11-19 16:29:18,"Thumbnail,Shopping,People also ask,Top stories,Video preview,Discussions",60,15000,15000,2018-09-08,"Informational,Commercial,Branded,Non-local",English
1757,big bear live nest cam,us,,50,,,,,,70,,,2022-03-08,,
1758,ring outdoor cam plus solar,us,,50,,,,,,60,,,2025-04-12,,
1759,factory reset nest cam 1st generation,us,0,50,,,how to reset nest doorbell,2025-11-25 17:05:34,"AI Overview,Thumbnail,People also ask,Sitelinks,Video preview",60,5600,5700,2023-01-02,"Informational,Branded,Non-local",English
1760,how to reset a ring spotlight camera,us,,50,,,,,,60,,,2018-08-26,"Informational,Branded,Non-local",English
1761,ring camera battery fully charged,us,0,50,,,how long does it take to charge ring camera battery,2025-11-28 13:46:52,"People also ask,Sitelinks,Shopping,Thumbnail,Video preview",60,1800,2100,2022-05-22,"Informational,Branded,Non-local",English
1762,nest outdoor camera power cord,us,0,50,0.5,,nest cam power cord,2025-11-17 2:48:31,"Shopping,Thumbnail,People also ask,Sitelinks,Discussions",50,150,150,2017-02-10,"Informational,Commercial,Transactional,Branded,Non-local",English
1763,connect ring camera,us,0,40,0.2,,how to set up ring camera,2025-11-22 21:38:16,"AI Overview,Thumbnail,Sitelinks,People also ask,Video preview",40,1700,1700,2018-07-31,"Informational,Branded,Non-local",English
1764,eagles nest big bear camera,us,,40,,,,,,40,,,2025-03-21,,
1765,ring spot light cam,us,3,40,0.5,,ring spotlight cam,2025-12-12 6:28:03,"People also ask,Sitelinks,Knowledge panel,Top stories,Thumbnail,Video preview,Shopping",40,5400,5400,2017-11-22,"Informational,Commercial,Branded,Non-local",English
1766,camera nest,us,12,40,0.45,0.63,nest camera,2025-12-26 5:19:48,"Thumbnail,Shopping,People also ask,Top stories,Video preview,Sitelinks",350,40000,46000,2015-10-08,"Informational,Commercial,Transactional,Branded,Non-local",English
1767,ring spotlight cam battery price,us,,40,,,,,,40,,,2019-12-27,,
1768,solar panel for ring spotlight cam,us,0,40,0.5,,ring solar panel,2025-11-04 22:52:03,"Shopping,Thumbnail,Discussions,People also ask,Sitelinks",40,2400,2400,2018-04-05,"Informational,Commercial,Transactional,Branded,Non-local",English
1769,solar ring outdoor camera,us,,40,0.7,,,,,40,,,2021-08-12,"Informational,Commercial,Transactional,Branded,Non-local",English
1770,how to restart ring floodlight camera,us,,40,,,,,,40,,,2022-09-29,,
1771,ring camera charging time,us,,40,,,,,,40,,,2021-02-01,,
1772,how to turn my ring camera off,us,0,40,,,how to turn ring camera off,2025-11-07 6:28:48,"AI Overview,Thumbnail,Sitelinks,People also ask,Video preview",50,500,500,2020-11-09,"Informational,Branded,Non-local",English
1773,ring camera alternative without subscription,us,,40,,,,,,50,,,2024-03-05,,
1774,ring stick up cam battery + solar panel,us,,40,,,,,,40,,,2025-06-29,,
1775,ring camera solar panels,us,0,40,,,ring solar panel,2025-11-08 14:37:49,"Thumbnail,People also ask,Shopping,Sitelinks",40,1800,1800,2019-05-01,"Informational,Commercial,Transactional,Branded,Non-local",English
1776,used nest camera,us,,40,0.15,,,,,40,,,2016-08-28,"Commercial,Transactional,Branded,Non-local",English
1777,ring floodlight camera light stays on,us,,40,,,,,,50,,,2019-06-22,"Informational,Branded,Non-local",English
1778,wireless nest cam,us,25,40,0.45,0.48,google nest camera,2025-11-24 11:59:18,"Thumbnail,Shopping,People also ask,Discussions,Sitelinks",50,4200,4900,2015-09-30,"Informational,Commercial,Branded,Non-local",English
1779,troubleshooting ring camera,us,0,40,0.4,,ring camera not working,2025-11-24 6:32:02,"AI Overview,Thumbnail,People also ask,Discussions,Video preview",40,600,700,2019-12-31,"Informational,Branded,Non-local",English
1780,google nest camera news today,us,,40,,,,,,40,,,2025-09-21,,
1781,nest doorbell camera keeps going offline,us,0,40,,,nest doorbell offline,2025-11-18 11:34:36,"AI Overview,Thumbnail,People also ask,Sitelinks",40,1200,1300,2019-05-30,"Informational,Branded,Non-local",English
1782,easy ring camera doorbells,us,,40,,,,,,40,,,2025-06-09,,
1783,ring spotlight cam battery hd security camera,us,4,40,0.7,0.93,ring spotlight cam,2025-11-19 20:01:47,"Thumbnail,People also ask,Knowledge panel,Sitelinks,Video preview",40,7600,7700,2018-01-22,"Informational,Commercial,Transactional,Branded,Non-local",English
1784,what is away mode on ring camera,us,,40,,,,,,50,,,2020-07-11,"Informational,Branded,Non-local",English
1785,ring floodlight cam wired plus features,us,,40,,,,,,40,,,2025-04-05,,
1786,how to reconnect nest camera to wifi,us,0,40,,,how to connect nest doorbell to wifi,2025-11-20 1:27:18,"AI Overview,Thumbnail,People also ask,Sitelinks,Video preview",40,250,300,2016-06-09,"Informational,Branded,Non-local",English
1787,nest camera reviews,us,16,40,0.35,1.13,nest outdoor camera review,2025-11-17 23:24:55,"AI Overview,Thumbnail,Sitelinks,People also ask,Knowledge panel,Discussions,Top stories,Video preview,Bottom ads,Paid sitelinks",50,500,600,2015-10-04,"Informational,Commercial,Branded,Non-local",English
1788,how to turn off the blue light on ring camera,us,0,40,,,turn off blue light on ring camera,2025-12-23 4:02:31,"AI Overview,Thumbnail,Sitelinks,People also ask",60,450,450,2021-02-22,"Informational,Branded,Non-local",English
1789,jackie and shadow eagle nest live cam,us,,40,,,,,,40,,,2025-03-07,,
1790,why is my ring camera not notifying me of motion,us,,40,,,,,,50,,,2022-09-20,,
1791,how to disable ring camera without app?,us,,40,,,,,,40,,,2021-08-28,,
1792,ring spotlight cam plus security camera reviews,us,,40,,,,,,50,,,2025-08-22,,
1793,nest camera subscription cost,us,10,40,,1.09,nest aware,2025-12-04 14:14:29,"AI Overview,Thumbnail,People also ask,Discussions,Sitelinks,Top stories",40,17000,18000,2016-12-20,"Informational,Branded,Non-local",English
1794,how to install a ring camera doorbell,us,0,40,0.07,,ring doorbell installation,2025-11-29 21:13:39,"People also ask,Video preview,Sitelinks,Top stories,Thumbnail,Discussions",40,12000,14000,2019-05-28,"Informational,Branded,Non-local",English
1795,ring camera tech support,us,27,40,,,ring customer service,2025-11-21 7:23:25,"AI Overview,Sitelinks",40,23000,26000,2018-01-08,"Informational,Branded,Non-local",English
1796,solar panel for ring outdoor camera,us,0,40,0.6,,ring solar panel,2025-10-29 0:05:02,"Shopping,Thumbnail,People also ask,Sitelinks,Discussions",40,1100,1100,2020-10-10,"Informational,Commercial,Transactional,Branded,Non-local",English
1797,contact ring camera,us,21,40,,,ring customer service,2025-11-29 20:48:40,"People also ask,Sitelinks,Video preview",50,20000,22000,2020-06-22,"Informational,Navigational,Branded,Non-local",English
1798,ring vs nest cam,us,1,40,0.4,,ring vs nest camera,2025-12-17 16:07:17,"Sitelinks,Discussions,People also ask,Top stories,Thumbnail",40,300,300,2016-06-15,"Informational,Commercial,Branded,Non-local",English
1799,how to reset nest cam,us,0,40,,,how to reset nest doorbell,2025-11-23 14:14:28,"AI Overview,Thumbnail,People also ask,Sitelinks,Video preview",60,5600,5700,2016-02-09,"Informational,Branded,Non-local",English
1800,live hummingbird nest cam,us,0,40,0.9,,hummingbird live cam,2025-12-21 16:39:04,"Thumbnail,Bottom ads,Paid sitelinks",40,350,350,2017-01-26,"Informational,Non-branded,Non-local",English
1801,ring camera bundles,us,0,40,0.7,,ring camera bundle,2025-11-26 15:41:28,"Sitelinks,Thumbnail,Video preview,People also ask,Shopping",60,1500,1500,2018-08-10,"Informational,Commercial,Branded,Non-local",English
1802,blinking blue light on ring camera,us,0,40,,,ring camera blinking blue,2025-12-24 19:37:49,"AI Overview,Thumbnail,Sitelinks,People also ask",40,600,600,2020-09-13,"Informational,Branded,Non-local",English
1803,reset ring outdoor camera,us,,40,,,,,,50,,,2020-09-20,,
1804,ring camera blinking blue while charging,us,0,40,,,ring doorbell flashing blue while charging,2025-11-28 0:47:59,"AI Overview,Thumbnail,People also ask,Sitelinks",50,400,1400,2021-02-12,"Informational,Branded,Non-local",English
1805,how do you turn off your ring camera,us,0,40,,,turn off ring camera,2025-11-28 10:24:23,"AI Overview,Thumbnail,People also ask,Sitelinks",40,1100,1200,2021-08-16,"Informational,Branded,Non-local",English
1806,blue light blinking on ring camera,us,0,40,,,ring camera flashing blue,2025-11-25 9:08:43,"AI Overview,Thumbnail,Sitelinks,People also ask",40,600,600,2020-05-02,"Informational,Branded,Non-local",English
1807,friends of big bear eagle nest cam,us,37,40,,,jackie and shadow,2025-11-18 16:27:39,"Sitelinks,People also ask,Thumbnail,Top stories,Video preview",40,124000,127000,2019-07-09,"Informational,Branded,Local",English
1808,ring camera flying,us,,40,,,,,,80,,,2020-09-24,,
1809,why ring camera not detecting motion,us,0,40,,,ring camera not detecting motion,2025-11-25 15:55:02,"AI Overview,Thumbnail,Sitelinks,People also ask",40,800,900,2023-07-10,"Informational,Branded,Non-local",English
1810,ring camera charge time,us,0,40,,,how long does it take to charge ring camera battery,2025-11-17 4:00:47,"AI Overview,Thumbnail,Sitelinks,People also ask",50,250,250,2020-05-28,"Informational,Branded,Non-local",English
1811,nest cam outdoor power cable,us,0,40,0.45,,nest camera power cord,2025-11-13 1:55:15,"Thumbnail,Shopping,People also ask,Sitelinks",50,500,500,2018-10-03,"Informational,Commercial,Transactional,Branded,Non-local",English
1812,ring floodlight cam plus specs,us,,40,,,,,,40,,,2025-06-02,,
1813,why did my ring camera stop working,us,0,40,,,why did my ring camera stop working,2025-11-07 17:07:31,"AI Overview,Thumbnail,Sitelinks,People also ask,Video preview",40,10,10,2020-11-27,"Informational,Branded,Non-local",English
1814,ring spotlight camera battery life,us,1,40,0.6,0.73,ring spotlight cam battery life,2025-12-24 2:50:20,"AI Overview,Thumbnail,Sitelinks,People also ask",50,100,100,2017-11-27,"Informational,Branded,Non-local",English
1815,google nest camera factory reset,us,0,40,,,how to reset nest doorbell,2025-11-24 3:42:42,"AI Overview,Thumbnail,People also ask,Sitelinks",40,5600,5700,2021-10-06,"Informational,Branded,Non-local",English
1816,ring camera system down,us,2,40,,,ring app down,2025-12-15 18:11:07,"People also ask,Top stories,Thumbnail,AI Overview,Sitelinks,Video preview",50,5400,7900,2020-11-25,"Informational,Branded,Non-local",English
1817,ring camera fogging up,us,0,40,,,ring camera fogging up,2025-12-15 9:41:37,"AI Overview,Thumbnail,Sitelinks,People also ask",60,50,50,2020-01-24,"Informational,Branded,Non-local",English
1818,how do you set up a ring camera,us,0,40,0.2,,how to set up ring camera,2025-11-22 6:32:02,"AI Overview,Thumbnail,People also ask,Discussions,Top stories,Video preview",40,1600,1600,2020-10-12,"Informational,Branded,Non-local",English
1819,arlo q vs nest cam indoor,us,,40,,,,,,60,,,2018-11-19,"Informational,Commercial,Branded,Non-local",English
1820,ring peephole cam reviews,us,,40,,,,,,50,,,2019-12-13,,
1821,google nest camera cord,us,0,40,0.45,,nest camera power cord,2025-11-15 15:22:23,"Thumbnail,Shopping,Sitelinks,People also ask,Discussions",50,500,500,2021-07-06,"Informational,Commercial,Transactional,Branded,Non-local",English
1822,turn off blue light ring camera,us,0,40,,,turn off blue light on ring camera,2025-12-04 13:32:03,"AI Overview,Thumbnail,Sitelinks,People also ask",60,450,450,2020-06-20,"Informational,Branded,Non-local",English
1823,how to share a ring camera,us,0,40,,,shared user,2025-12-21 12:33:18,"AI Overview,Thumbnail,People also ask,Video preview,Discussions",50,300,350,2020-09-10,"Informational,Branded,Non-local",English
1824,ring stick up cam battery charging time,us,,40,,,,,,50,,,2018-12-03,,
1825,barkov ring camera,us,,40,,,,,,50,,,2025-06-19,,
1826,coyote on ring camera,us,0,40,,,coyote on ring camera,2025-12-21 15:33:17,"People also ask,Sitelinks,Thumbnail,Top stories,Video preview,Discussions",40,10,10,2020-01-22,"Informational,Branded,Non-local",English
1827,nest cam indoor wired,us,0,40,0.5,,nest indoor camera,2025-12-21 6:56:19,"Knowledge panel,People also ask,Discussions,Top stories,Thumbnail",80,3000,3000,2021-08-09,"Informational,Commercial,Transactional,Branded,Non-local",English
1828,nest camera outdoor power cable,us,,40,,,,,,40,,,2018-02-17,,
1829,apartment friendly ring camera,us,0,40,0.3,,ring for apartments,2025-11-23 7:03:03,"Sitelinks,People also ask,Discussions,Shopping,Thumbnail,Top stories,Bottom ads,Paid sitelinks",40,1300,1300,2021-11-26,"Informational,Commercial,Branded,Non-local",English
1830,how to tell if ring camera is charging,us,0,40,,,how long does it take to charge ring camera battery,2025-11-30 3:00:49,"AI Overview,Thumbnail,People also ask,Sitelinks,Video preview",50,1700,2100,2021-12-21,"Informational,Branded,Non-local",English
1831,ring security camera reviews,us,2,40,0.7,1.06,ring camera reviews,2025-11-27 12:42:03,"AI Overview,Thumbnail,Top ads,Paid sitelinks,Sitelinks,People also ask,Top stories,Video preview,Discussions,Bottom ads",80,700,800,2016-05-10,"Informational,Commercial,Branded,Non-local",English
1832,ring vs wyze camera,us,,40,,,,,,50,,,2019-11-05,,
1833,flashing blue light on ring camera,us,,40,,,,,,40,,,2021-12-06,,
1834,factory reset ring stick up cam,us,0,40,,,how to reset ring doorbell,2025-11-19 15:40:09,"AI Overview,Thumbnail,People also ask,Discussions,Sitelinks,Video preview",60,8200,8500,2016-10-02,"Informational,Branded,Non-local",English
1835,how to factory reset ring stick up cam,us,0,40,,,how to reset ring doorbell,2025-11-27 9:20:28,"AI Overview,Thumbnail,People also ask,Sitelinks,Discussions",50,7100,7300,2016-12-09,"Informational,Branded,Non-local",English
1836,can someone hack your ring camera,us,0,40,,,can ring cameras be hacked,2025-12-20 8:36:39,"AI Overview,Thumbnail,Sitelinks,People also ask,Discussions,Top stories",40,250,300,2020-02-02,"Informational,Branded,Non-local",English
1837,if you unplug a ring camera does it still record,us,,40,,,,,,50,,,2024-12-01,,
1838,onyx ring camera,us,,40,,,,,,50,,,2025-06-07,,
1839,can i have a ring camera at my apartment,us,0,40,,,ring camera in apartment hallway,2025-11-22 23:12:28,"AI Overview,Thumbnail,Sitelinks,People also ask,Top stories",40,300,300,2022-08-05,"Informational,Branded,Local",English
1840,blink vs ring camera doorbell,us,,40,,,,,,50,,,2025-01-17,,
1841,ring solar spotlight cam,us,0,40,0.6,,ring spotlight cam,2025-11-17 13:06:17,"People also ask,Knowledge panel,Discussions,Video preview,Shopping,Thumbnail,Sitelinks",40,7600,7700,2017-09-22,"Informational,Commercial,Branded,Non-local",English
1842,ring floodlight camera offline,us,0,40,,,ring floodlight offline,2025-12-10 12:21:04,"AI Overview,Thumbnail,Sitelinks,People also ask",40,10,10,2020-06-17,"Informational,Branded,Non-local",English
1843,ring battery powered camera,us,6,40,0.35,,ring stick up cam,2025-12-24 8:05:51,"Thumbnail,Shopping,People also ask,Sitelinks,Discussions,Video preview,Top stories",40,4600,4600,2018-11-03,"Informational,Commercial,Branded,Non-local",English
1844,connect to ring camera,us,0,40,0.8,,how to set up ring camera,2025-11-28 2:22:57,"AI Overview,Thumbnail,Sitelinks,People also ask,Top stories",50,1700,1800,2020-01-15,"Informational,Branded,Non-local",English
1845,why is my ring camera purple,us,0,40,,,ring camera purple,2025-11-26 18:37:03,"AI Overview,Thumbnail,Sitelinks,People also ask,Video preview",40,40,40,2020-05-08,"Informational,Branded,Non-local",English
1846,how much data does a ring camera use,us,0,40,,,how much data does a ring camera use per month,2025-12-14 22:08:03,"AI Overview,Thumbnail,Sitelinks,People also ask",70,50,50,2018-06-17,"Informational,Branded,Non-local",English
1847,ring battery outdoor camera,us,2,40,0.5,,ring stick up cam,2025-11-30 4:54:41,"Thumbnail,Shopping,People also ask,Sitelinks,Discussions,Top stories,Video preview",60,5100,5200,2020-03-22,"Informational,Commercial,Branded,Non-local",English
1848,what does it mean when ring camera is blue,us,0,40,,,ring camera blue light,2025-11-24 20:25:04,"AI Overview,Thumbnail,Sitelinks,People also ask",50,700,700,2021-04-19,"Informational,Branded,Non-local",English
1849,cam ring,us,42,40,0.6,,ring security camera,2025-12-18 22:15:39,"AI Overview,Thumbnail,Sitelinks,People also ask,Shopping,Top stories,Video preview",300,17000,17000,2015-12-11,"Informational,Commercial,Branded,Non-local",English
1850,ring camera shooting,us,0,40,,,ring camera shooting,2025-11-17 21:31:56,,40,20,20,2020-05-12,"Informational,Branded,Non-local",English
1851,nest hidden camera,us,7,40,,,nest camera,2025-12-16 21:13:35,"Thumbnail,People also ask,Shopping,Sitelinks",50,36000,42000,2017-01-07,"Informational,Commercial,Branded,Non-local",English
1852,ring indoor camera view,us,18,40,1.1,,indoor ring camera,2025-11-19 0:04:27,"People also ask,Discussions,Video preview",60,500,500,2020-01-15,"Informational,Branded,Non-local",English
1853,google nest camera quality,us,26,40,0.45,,nest outdoor camera review,2025-12-21 8:52:02,"AI Overview,Thumbnail,People also ask,Sitelinks,Discussions,Shopping,Top stories",50,700,700,2020-10-22,"Informational,Branded,Non-local",English
1854,best ring camera deals,us,12,40,0.8,,ring doorbell deals,2025-11-26 5:26:47,"Thumbnail,Sitelinks,People also ask,Video preview,Shopping,Discussions",40,2900,3100,2019-08-23,"Informational,Commercial,Transactional,Branded,Non-local",English
1855,arlo pro vs nest cam outdoor,us,,40,,,,,,60,,,2017-06-12,"Informational,Commercial,Branded,Non-local",English
1856,ring 360 camera,us,12,40,0.4,,ring-360,2025-12-22 12:14:21,"Sitelinks,People also ask,Thumbnail,Knowledge panel,Discussions,Video preview",70,600,600,2018-07-11,"Informational,Commercial,Branded,Non-local",English
1857,eufy doorbell camera vs ring,us,0,40,,,eufy vs ring,2025-12-14 10:02:19,"AI Overview,Thumbnail,Sitelinks,People also ask,Video preview,Top stories",60,700,1400,2020-08-04,"Informational,Commercial,Branded,Non-local",English
1858,can someone hack ring camera,us,0,40,,,can ring cameras be hacked,2025-11-26 2:26:49,"AI Overview,Thumbnail,Sitelinks,People also ask,Top stories,Video preview",50,350,400,2021-05-16,"Informational,Branded,Non-local",English
1859,what does a ring camera do,us,9,40,,,ring camera,2025-11-20 11:13:52,"AI Overview,Thumbnail,Sitelinks,People also ask,Discussions,Top stories,Video preview",40,211000,216000,2020-11-28,"Informational,Branded,Non-local",English
1860,ring camera motion detection range,us,0,40,0.4,,ring doorbell camera range,2025-12-23 16:39:17,"AI Overview,People also ask,Sitelinks",50,20,20,2018-10-03,"Informational,Branded,Non-local",English
1861,how far does a ring camera pick up,us,0,40,,,how far can a ring camera see,2025-11-19 15:47:19,"AI Overview,Thumbnail,Sitelinks,People also ask,Video preview",40,200,200,2021-10-30,"Informational,Branded,Non-local",English
1862,does ring camera only record when motion detected,us,,40,,,,,,40,,,2024-12-27,,
1863,adt google nest camera,us,7,40,2,,google outdoor camera,2025-11-26 10:23:21,"People also ask,Sitelinks,Discussions",40,350,400,2022-04-20,"Informational,Branded,Non-local",English
1864,resetting a ring camera,us,0,40,,,how to reset ring doorbell,2025-11-29 2:43:19,"Featured snippet,People also ask,Sitelinks",50,6900,7100,2020-06-22,"Informational,Branded,Non-local",English
1865,how to delete ring camera footage,us,0,40,,,ring camera footage,2025-11-26 10:58:24,"AI Overview,Thumbnail,People also ask,Sitelinks",40,600,700,2020-07-02,"Informational,Branded,Non-local",English
1866,how long does ring camera stay charged,us,,40,,,,,,40,,,2023-01-15,,
1867,my ring camera is blinking blue,us,0,40,,,ring camera flashing blue,2025-11-26 8:46:05,"AI Overview,Thumbnail,Sitelinks,People also ask",40,600,600,2020-12-15,"Informational,Branded,Non-local",English
1868,birds eye view ring camera,us,,40,,,,,,40,,,2021-07-18,,
1869,nest camera won't connect to wifi,us,0,40,0.02,,nest doorbell offline,2025-12-19 14:02:40,"AI Overview,People also ask,Sitelinks",40,1200,1200,2018-01-07,"Informational,Branded,Non-local",English
1870,ring fly camera,us,19,40,,,ring,2025-12-21 23:22:48,"AI Overview,Thumbnail,People also ask,Sitelinks",100,286000,395000,2020-09-24,"Informational,Commercial,Branded,Non-local",English
1871,ring flood cam,us,5,40,0.5,0.97,ring floodlight,2025-11-28 3:16:48,"Shopping,Thumbnail,People also ask,Discussions,Top stories,Video preview",50,16000,16000,2017-04-12,"Informational,Commercial,Branded,Non-local",English
1872,ring outdoor camera deals,us,16,40,0.8,,ring camera sale,2025-12-26 6:13:34,"AI Overview,Thumbnail,Sitelinks,Shopping,People also ask,Top stories,Video preview",40,2700,2800,2017-07-10,"Informational,Commercial,Transactional,Branded,Non-local",English
1873,ring camera video storage,us,0,40,0.09,,how long does ring save videos,2025-11-30 19:51:08,"AI Overview,Thumbnail,People also ask,Sitelinks,Discussions,Video preview",40,1500,1800,2018-08-11,"Informational,Branded,Non-local",English
1874,what does it mean when ring camera turns blue,us,,40,,,,,,40,,,2023-08-03,,
1875,ring camera system outdoor,us,0,40,1,,ring security camera,2025-12-26 4:26:16,"Sitelinks,Shopping,Thumbnail,People also ask,Top stories,Discussions",40,14000,15000,2020-01-26,"Informational,Commercial,Branded,Non-local",English
1876,nest camera blue light,us,0,40,,,google nest camera light meaning,2025-12-23 23:33:48,"AI Overview,Thumbnail,People also ask,Sitelinks",40,200,200,2015-12-05,"Informational,Branded,Non-local",English
1877,how to mount ring camera to brick,us,,40,,,,,,40,,,2023-08-19,,
1878,ring spotlight cam with solar panel,us,1,40,0.7,,ring solar camera,2025-12-03 10:50:57,"Top ads,Discussions,People also ask,Sitelinks,Bottom ads,Paid sitelinks",50,1000,1000,2018-05-19,"Informational,Commercial,Branded,Non-local",English
1879,how to adjust ring camera view,us,,40,,,,,,50,,,2020-12-19,"Informational,Branded,Non-local",English
1880,nest camera floodlight,us,4,40,0.45,,nest floodlight camera,2025-11-26 5:24:32,"Sitelinks,Shopping,Thumbnail,Knowledge panel,Discussions,People also ask",60,2700,2900,2017-09-24,"Informational,Commercial,Branded,Non-local",English
1881,how to turn off ring camera doorbell,us,,40,,,,,,40,,,2023-09-14,,
1882,how to reset nest floodlight camera,us,0,40,,,how to reset google floodlight camera,2025-12-26 19:29:19,"AI Overview,Thumbnail,Video preview,People also ask,Sitelinks",40,30,30,2021-12-14,"Informational,Branded,Non-local",English
1883,where is the motion sensor on a ring camera,us,0,40,,,where is the motion sensor on a ring camera,2025-12-14 3:23:22,"AI Overview,Thumbnail,People also ask,Video preview,Sitelinks",50,10,10,2021-05-22,"Informational,Branded,Non-local",English
1884,add ring camera to google home,us,0,40,,,ring google home,2025-12-03 20:51:22,"AI Overview,Thumbnail,Sitelinks,People also ask",60,400,500,2019-02-11,"Informational,Branded,Non-local",English
1885,how to connect your ring camera to wifi,us,,40,,,,,,40,,,2022-03-02,,
1886,ring camera on tv,us,0,40,,,ring camera on tv,2025-12-25 10:53:31,"Sitelinks,People also ask",50,60,60,2018-12-22,"Informational,Branded,Non-local",English
1887,ring indoor cam (2nd gen) reviews,us,,40,,,,,,40,,,2025-07-22,,
1888,can you factory reset a ring camera,us,0,40,,,how to reset ring doorbell,2025-11-28 14:41:56,"AI Overview,Thumbnail,People also ask,Discussions,Sitelinks,Video preview",40,7100,7300,2021-09-19,"Informational,Branded,Non-local",English
1889,can you turn off your ring camera,us,0,40,,,turn off ring camera,2025-11-25 22:58:37,"AI Overview,Thumbnail,Sitelinks,People also ask",40,1100,1200,2020-04-28,"Informational,Branded,Non-local",English
1890,ring camera says device offline,us,,40,,,,,,40,,,2025-02-18,,
1891,ghost on ring camera,us,,40,,,,,,50,,,2020-01-20,,
1892,how to change ring camera battery,us,0,40,0.2,,ring battery,2025-11-23 18:14:41,"AI Overview,Thumbnail,Video preview,People also ask,Sitelinks,Discussions",50,100,100,2020-04-18,"Informational,Branded,Non-local",English
1893,do ring camera work without wifi,us,0,40,0.35,,does a ring camera need wifi,2025-11-11 22:18:03,"AI Overview,Thumbnail,People also ask,Sitelinks",50,1000,1100,2022-07-20,"Informational,Branded,Non-local",English
1894,ring stick up cam camera product info and reviews,us,,40,,,,,,40,,,2025-05-25,,
1895,google nest cam (battery) reviews,us,,40,,,,,,40,,,2021-09-24,"Informational,Commercial,Branded,Non-local",English
1896,how to block ring camera from recording,us,0,40,,,how to block ring camera from recording,2025-11-16 18:11:17,"AI Overview,Thumbnail,Sitelinks,People also ask",40,10,10,2023-04-26,"Informational,Branded,Non-local",English
1897,google nest cam battery review,us,11,40,0.4,,nest outdoor camera review,2025-11-18 16:28:15,"Sitelinks,Discussions,Knowledge panel,Video preview,People also ask",50,800,1000,2021-08-11,"Informational,Commercial,Branded,Non-local",English
1898,nest cam camera,us,17,40,0.4,,nest camera,2025-12-20 15:21:18,"Thumbnail,People also ask,Knowledge panel,Discussions,Top stories,Sitelinks",70,35000,42000,2017-04-11,"Informational,Commercial,Branded,Non-local",English
1899,poe ring camera,us,9,40,0.4,,ring stick up cam elite,2025-10-24 2:33:37,"Sitelinks,People also ask,Video preview,Discussions,Shopping,Thumbnail",50,800,800,2018-09-02,"Informational,Branded,Non-local",English
1900,can you turn off a ring camera from the app,us,,40,,,,,,40,,,2023-07-02,,
1901,does nest camera require subscription,us,,40,,,,,,40,,,2015-10-23,"Informational,Branded,Non-local",English
1902,ring camera commercial,us,0,40,0.6,,ring commercial,2025-12-24 11:50:07,"Sitelinks,Video preview,People also ask,Top stories",50,200,200,2020-01-13,"Informational,Commercial,Branded,Non-local",English
1903,red dot on ring camera,us,0,40,,,red light on ring camera,2025-11-07 21:07:56,"AI Overview,Thumbnail,Sitelinks,People also ask,Video preview",50,300,350,2020-07-04,"Informational,Branded,Non-local",English
1904,ring floodlight camera warranty,us,0,40,0.15,,ring warranty,2025-12-25 22:30:53,"Sitelinks,People also ask,Discussions",50,1200,1200,2020-03-24,"Informational,Branded,Non-local",English
1905,ring camera blue dot,us,,40,,,,,,40,,,2024-12-20,,
1906,reset ring floodlight cam,us,0,40,0.15,,how to reset ring floodlight camera,2025-12-15 16:51:24,"AI Overview,Thumbnail,People also ask,Sitelinks",50,70,70,2017-05-18,"Informational,Branded,Non-local",English
1907,why is my ring camera not charging with solar panel,us,0,40,,,ring solar panel not charging,2025-11-25 3:09:49,"AI Overview,Thumbnail,Sitelinks,People also ask",40,450,500,2022-11-05,"Informational,Non-branded,Non-local",English
1908,how do i get my nest camera back online,us,0,40,,,nest doorbell offline,2025-12-22 12:56:39,"AI Overview,People also ask,Sitelinks",50,1100,1100,2019-02-17,"Informational,Branded,Non-local",English
1909,ring camera solar panel power requirements,us,,40,,,,,,40,,,2025-04-03,,
1910,does google nest hub have a camera,us,1,40,,,google nest hub camera,2025-12-15 8:54:17,"AI Overview,Thumbnail,People also ask,Sitelinks,Shopping",50,150,150,2019-07-16,"Informational,Branded,Non-local",English
1911,"google nest cam (outdoor or indoor, battery)",us,,40,,,,,,90,,,2021-08-22,,
1912,why is my ring camera not sending me notifications,us,,40,,,,,,40,,,2020-10-20,"Informational,Non-branded,Non-local",English
1913,ring doorbell camera apartment,us,0,40,1,,ring doorbell for apartments,2025-11-29 15:28:05,"Sitelinks,People also ask,Top stories,Thumbnail,Shopping",50,800,800,2020-08-06,"Informational,Branded,Non-local",English
1914,how to reconnect a ring camera to wifi,us,,40,,,,,,50,,,2020-08-27,,
1915,ring camera outdoor battery,us,0,40,0.5,,ring outdoor camera battery,2025-11-29 19:47:02,"Thumbnail,Sitelinks,People also ask,Shopping,Discussions,Top stories",90,100,100,2020-02-26,"Informational,Commercial,Transactional,Branded,Non-local",English
1916,nest cam charger,us,0,40,0.4,,nest camera charging cable,2025-11-25 13:41:03,"Shopping,Thumbnail,Sitelinks,People also ask",50,200,200,2017-04-29,"Informational,Commercial,Transactional,Branded,Non-local",English
1917,the best ring camera,us,6,40,0.8,,best ring doorbell,2025-11-26 4:35:18,"AI Overview,Thumbnail,Sitelinks,Shopping,People also ask,Discussions,Top stories,Video preview",40,2000,2300,2020-06-08,"Informational,Commercial,Branded,Non-local",English
1918,can a ring camera be hacked,us,1,40,,,can ring cameras be hacked,2025-12-16 9:14:03,"AI Overview,Thumbnail,Sitelinks,People also ask,Top stories",50,250,300,2019-07-05,"Informational,Branded,Non-local",English
1919,how to update the firmware on ring camera,us,,40,,,,,,50,,,2024-11-13,,
1920,free ring doorbell camera,us,0,40,2.5,,free ring doorbell,2025-11-26 0:07:19,"AI Overview,Thumbnail,People also ask,Video preview",60,150,150,2019-03-21,"Informational,Branded,Non-local",English
1921,ring camera upside down,us,0,40,,,ring camera upside down,2025-11-19 23:53:16,"AI Overview,Thumbnail,Sitelinks,People also ask",60,40,40,2020-01-26,"Informational,Branded,Non-local",English
1922,ring camera vs google nest,us,0,40,0.3,,ring vs nest,2025-11-18 20:54:41,"AI Overview,Thumbnail,Sitelinks,People also ask,Discussions,Top stories",50,2800,3000,2020-06-29,"Informational,Commercial,Branded,Non-local",English
1923,bird feeder ring camera,us,3,40,0.45,,ring camera bird feeder,2025-11-26 10:28:48,"Shopping,Thumbnail,People also ask,Sitelinks,Top stories",50,150,150,2022-11-02,"Informational,Commercial,Non-branded,Non-local",English
1924,google ring camera,us,11,40,0.8,,google nest doorbell,2025-12-04 16:31:39,"Thumbnail,People also ask,Top stories,Sitelinks,Shopping,Video preview",70,22000,25000,2019-10-23,"Informational,Commercial,Branded,Non-local",English
1925,costco nest camera,us,0,40,0.6,0.96,google nest cam outdoor,2025-12-12 12:43:48,"Thumbnail,Sitelinks,People also ask",50,200,200,2016-07-20,"Informational,Commercial,Transactional,Branded,Non-local",English
1926,ring stick up cam field of view,us,1,40,0.4,,ring stick up cam field of view,2025-12-23 18:58:43,"AI Overview,Thumbnail,People also ask,Discussions,Sitelinks",50,70,300,2020-01-17,"Informational,Branded,Non-local",English
1927,blink camera vs ring camera,us,0,40,0.9,,blink vs ring,2025-12-24 20:31:48,"Sitelinks,People also ask,Top stories,Thumbnail,Video preview",40,9700,11000,2020-01-31,"Informational,Commercial,Branded,Non-local",English
1928,outdoor outdoor ring camera,us,,40,,,,,,50,,,2024-07-31,,
1929,how to silence ring camera notifications,us,,40,,,,,,40,,,2024-02-11,,
1930,do you have to pay monthly for ring camera,us,12,40,,,ring subscription,2025-11-26 19:19:23,"AI Overview,Thumbnail,Sitelinks,People also ask,Top stories",40,96000,100000,2019-05-06,"Informational,Branded,Non-local",English
1931,ring camera for backyard,us,0,40,0.45,,ring outdoor camera,2025-11-29 16:54:44,"Shopping,Thumbnail,People also ask,Sitelinks,Discussions",50,4500,4600,2019-06-20,"Informational,Commercial,Branded,Non-local",English
1932,how to remove battery from ring camera,us,0,40,,,ring camera battery replacement,2025-11-26 2:03:29,"Featured snippet,People also ask,Discussions,Thumbnail,Sitelinks,Video preview",40,200,200,2019-12-28,"Informational,Branded,Non-local",English
1933,"nest cam (indoor, wired)",us,1,40,,,nest indoor camera,2025-12-14 15:08:37,"Sitelinks,Knowledge panel,People also ask,Top stories,Thumbnail,Discussions",60,2500,2600,2021-10-05,"Informational,Commercial,Transactional,Branded,Non-local",English
1934,hide a ring camera,us,0,40,0.2,,how to hide ring camera,2025-12-23 4:37:47,"Sitelinks,People also ask,Discussions",40,200,200,2020-02-04,"Informational,Commercial,Branded,Non-local",English
1935,nest camera green light meaning,us,,40,,,,,,40,,,2020-08-06,,
1936,what does the red light mean on ring camera,us,0,40,,,ring camera red light,2025-11-24 15:25:04,"AI Overview,Thumbnail,Sitelinks,People also ask",50,500,500,2019-11-11,"Informational,Branded,Non-local",English
1937,google nest battery outdoor camera,us,,40,,,,,,40,,,2021-08-10,,
1938,ring floodlight camera lights not working,us,,40,,,,,,40,,,2020-06-18,"Informational,Branded,Non-local",English
1939,can i have a ring camera on my apartment door,us,0,40,,,ring camera in apartment hallway,2025-11-25 9:12:09,"AI Overview,Thumbnail,Sitelinks,People also ask,Top stories",50,300,300,2023-09-10,"Informational,Branded,Non-local",English
1940,ring camera window mount,us,0,40,0.4,,ring camera window mount,2025-11-24 21:19:13,"Shopping,Thumbnail,Sitelinks,People also ask,Discussions,Video preview",50,10,10,2020-01-28,"Informational,Commercial,Transactional,Branded,Non-local",English
1941,troubleshoot ring camera,us,0,40,0.4,,my ring camera is not working,2025-12-15 17:50:02,"AI Overview,Thumbnail,People also ask,Discussions,Top stories,Video preview",40,400,500,2019-08-02,"Informational,Branded,Non-local",English
1942,ring camera range extender,us,0,40,0.45,,ring wifi extender,2025-11-25 17:28:29,"People also ask,Sitelinks,Shopping,Thumbnail,Discussions,Video preview",50,600,600,2018-11-16,"Informational,Commercial,Branded,Non-local",English
1943,ring floodlight camera with bonus chime pro,us,,40,0.2,1.41,,,,40,,,2019-05-03,"Commercial,Transactional,Branded,Non-local",English
1944,what does the blue dot on ring camera mean,us,,40,,,,,,50,,,2024-05-13,,
1945,ring stick up cam battery battery life,us,,40,,,,,,40,,,2019-05-03,"Informational,Branded,Non-local",English
1946,inside ring camera,us,30,40,0.4,,ring indoor camera,2025-12-25 6:21:01,"Thumbnail,Sitelinks,People also ask,Shopping,Top stories,Video preview,Discussions",50,9600,9700,2018-03-15,"Informational,Commercial,Transactional,Branded,Non-local",English
1947,does ring camera still record without wifi,us,0,40,,,does ring record without wifi,2025-12-25 16:28:18,"AI Overview,Thumbnail,Sitelinks,People also ask,Discussions",50,200,200,2020-10-10,"Informational,Branded,Non-local",English
1948,solar ring floodlight camera,us,0,40,0.4,,ring floodlight solar,2025-11-15 5:00:02,"Shopping,Thumbnail,Sitelinks,People also ask,Video preview,Discussions",40,50,50,2020-05-14,"Informational,Commercial,Branded,Non-local",English
1949,nest indoor outdoor camera,us,28,40,0.45,,nest camera,2025-12-15 5:14:20,"Thumbnail,People also ask,Discussions,Shopping,Top stories",40,45000,52000,2017-06-07,"Informational,Commercial,Transactional,Branded,Non-local",English
1950,ring camera colors meaning,us,,40,,,,,,40,,,2022-09-28,,
1951,nest cam mounting ideas,us,0,40,1.6,0.92,nest camera magnetic mount,2025-12-13 15:50:20,"AI Overview,Thumbnail,Shopping,Discussions,Sitelinks,People also ask",50,20,20,2015-12-20,"Informational,Branded,Non-local",English
1952,nest camera with solar panel,us,0,40,0.5,,nest solar camera,2025-12-09 12:01:28,"Thumbnail,Shopping,Sitelinks,People also ask,Discussions,Bottom ads",50,600,600,2020-02-16,"Informational,Commercial,Transactional,Branded,Non-local",English
1953,apartment door ring camera,us,0,40,0.5,,ring peephole camera,2025-11-24 8:48:03,"Sitelinks,Thumbnail,Shopping,People also ask,Discussions,Top stories",40,3800,4100,2022-02-18,"Informational,Commercial,Transactional,Branded,Non-local",English
1954,battery life nest cam,us,,40,0.45,,,,,40,,,2021-08-06,"Informational,Branded,Non-local",English
1955,ring indoor camera setup,us,0,40,0.45,,ring indoor camera setup,2025-11-19 0:03:09,"AI Overview,Thumbnail,Video preview,People also ask,Discussions",50,10,20,2019-05-03,"Informational,Branded,Non-local",English
1956,how to turn off sound on ring camera,us,0,40,,,how to turn off sound on ring camera,2025-12-26 4:29:50,"AI Overview,Thumbnail,People also ask,Sitelinks",50,150,150,2020-06-28,"Informational,Branded,Non-local",English
1957,best ring camera outdoor,us,2,40,0.7,,best ring camera,2025-12-27 5:07:03,"AI Overview,Thumbnail,Sitelinks,People also ask,Discussions,Top stories,Shopping",70,450,450,2018-11-30,"Informational,Commercial,Branded,Non-local",English
1958,is ring a good security camera,us,7,40,0.6,,ring camera security system,2025-11-24 18:31:31,"AI Overview,Thumbnail,Sitelinks,People also ask,Discussions,Video preview,Top stories,Shopping",50,350,450,2020-01-30,"Informational,Commercial,Branded,Non-local",English
1959,ring camera for apartments wireless,us,,40,,,,,,50,,,2025-02-26,,
1960,ring camera images,us,10,40,,,ring security camera,2025-12-19 5:06:17,"Thumbnail,Sitelinks,Video preview,Shopping,People also ask,Discussions",50,17000,17000,2020-01-12,"Informational,Commercial,Branded,Non-local",English
1961,ring elite camera,us,0,40,0.35,,ring poe camera,2025-12-27 16:06:49,"Sitelinks,People also ask,Video preview,Knowledge panel,Bottom ads,Paid sitelinks",70,600,600,2019-11-20,"Informational,Commercial,Branded,Non-local",English
1962,best solar panel for nest camera,us,0,40,0.7,,google camera solar panel,2025-11-15 7:33:57,"Thumbnail,Sitelinks,Shopping,Discussions,People also ask",50,600,600,2022-07-26,"Informational,Commercial,Branded,Non-local",English
1963,how far does a ring camera see,us,0,40,,,ring camera range,2025-12-14 13:56:47,"AI Overview,Thumbnail,Sitelinks,People also ask,Video preview",50,200,200,2020-01-17,"Informational,Branded,Non-local",English
1964,does the ring indoor camera have to be plugged in,us,0,40,,,does the ring indoor camera have to be plugged in,2025-11-29 12:11:27,"AI Overview,Thumbnail,People also ask,Sitelinks,Video preview,Bottom ads,Paid sitelinks",60,10,10,2020-12-12,"Informational,Branded,Non-local",English
1965,vivint doorbell camera vs ring,us,0,40,,,vivint vs ring,2025-11-11 13:57:04,"People also ask,Sitelinks,Video preview",60,500,500,2016-09-05,"Informational,Commercial,Branded,Non-local",English
1966,can you have a ring camera at an apartment,us,0,40,,,ring camera in apartment hallway,2025-11-28 2:06:03,"AI Overview,Thumbnail,Sitelinks,People also ask,Video preview,Top stories",40,300,300,2020-12-12,"Informational,Branded,Non-local",English
1967,ring camera renter friendly,us,0,40,0.45,,ring for apartments,2025-11-25 14:09:45,"Sitelinks,People also ask,Discussions,Shopping,Thumbnail",40,1300,1300,2021-11-16,"Informational,Commercial,Branded,Non-local",English
1968,ways to hide ring camera,us,0,40,0.15,,how to hide ring camera,2025-12-14 8:20:49,"People also ask,Sitelinks,Discussions",50,200,200,2021-07-12,"Informational,Commercial,Branded,Non-local",English
1969,nest camera qr code,us,0,40,,,how to set up nest camera without qr code,2025-12-13 5:50:12,"AI Overview,Thumbnail,Sitelinks,People also ask",50,50,50,2020-02-21,"Informational,Branded,Non-local",English
1970,ring camera red and blue light,us,0,40,,,ring camera light meaning,2025-11-28 12:04:14,"AI Overview,Thumbnail,People also ask,Sitelinks",40,800,900,2020-09-06,"Informational,Branded,Non-local",English
1971,how long does the ring camera battery take to charge,us,0,40,,,how long does a ring camera take to charge,2025-12-26 1:49:42,"AI Overview,Thumbnail,People also ask,Sitelinks,Video preview",40,1800,2100,2018-07-08,"Informational,Branded,Non-local",English
1972,google nest cam subscription,us,5,40,0.6,,nest aware,2025-10-24 5:55:15,"People also ask,Sitelinks,Top stories,Thumbnail",60,18000,18000,2019-07-08,"Informational,Commercial,Branded,Non-local",English
1973,ring camera mount extender,us,0,40,0.35,,ring camera mount extender,2025-11-15 16:09:05,"Sitelinks,People also ask,Shopping,Thumbnail,Video preview",40,30,30,2020-06-22,"Informational,Commercial,Transactional,Branded,Non-local",English
1974,ring spotlight cam view,us,1,40,,,ring spotlight cam,2025-11-24 22:18:34,"People also ask,Discussions,Video preview,Top stories,Thumbnail",40,7500,7600,2020-01-13,"Informational,Commercial,Branded,Non-local",English
1975,ring doorbell camera not detecting motion,us,0,40,,,why is my ring camera not detecting motion,2025-12-14 7:04:26,"AI Overview,Thumbnail,People also ask,Sitelinks",50,800,1000,2021-12-10,"Informational,Branded,Non-local",English
1976,indoor nest camera,us,2,40,0.8,,nest indoor camera,2025-12-27 14:33:55,"Thumbnail,Shopping,People also ask,Top stories,Video preview",50,2900,3000,2017-04-25,"Informational,Commercial,Transactional,Branded,Non-local",English
1977,how to.turn off ring camera,us,0,40,,,how to turn off ring camera,2025-11-18 21:06:36,"Featured snippet,People also ask,Sitelinks,Video preview",50,400,500,2022-02-27,"Informational,Branded,Non-local",English
1978,how do i get my ring camera back online,us,0,40,,,how to connect ring to wifi,2025-11-27 7:02:16,"AI Overview,Thumbnail,Sitelinks,People also ask",50,6100,8200,2020-06-20,"Informational,Branded,Non-local",English
1979,black friday ring camera,us,0,40,0.8,,ring doorbell black friday,2025-12-08 13:33:12,"Sitelinks,People also ask,Top stories,Thumbnail,Video preview,Shopping",50,1800,2100,2018-11-09,"Informational,Commercial,Transactional,Branded,Non-local",English
1980,how long does ring camera charge last,us,,40,,,,,,50,,,2022-12-20,,
1981,google nest camera with solar panel,us,0,40,0.5,,google camera solar panel,2025-11-19 3:05:25,"Shopping,Thumbnail,People also ask,Sitelinks",40,600,600,2022-07-14,"Informational,Commercial,Transactional,Branded,Non-local",English
1982,red and blue light on ring camera,us,0,40,,,ring camera flashing red and blue,2025-12-21 4:48:06,"Featured snippet,People also ask,Sitelinks",40,70,70,2020-06-20,"Informational,Branded,Non-local",English
1983,ring camera apple homekit,us,0,40,0.4,,ring homekit,2025-11-26 2:30:20,"Sitelinks,People also ask,Shopping,Thumbnail",70,900,1100,2017-08-18,"Informational,Branded,Non-local",English
1984,nest camera packages,us,2,40,0.7,0.92,nest security system,2025-11-29 10:23:39,"Thumbnail,Sitelinks,Shopping,People also ask,Discussions",50,2700,2800,2017-01-16,"Informational,Commercial,Branded,Non-local",English
1985,ring indoor camera turn off blue light,us,0,40,,,turn off blue light on ring camera,2025-12-22 1:22:28,"AI Overview,Thumbnail,Sitelinks,People also ask",70,450,450,2020-06-17,"Informational,Branded,Non-local",English
1986,can i use a ring camera without a subscription,us,,40,,,,,,40,,,2023-12-12,,
1987,how do i know if my ring camera is charging,us,0,40,,,how long does it take to charge ring camera battery,2025-12-04 13:53:10,"AI Overview,Thumbnail,People also ask,Sitelinks,Video preview",40,1700,2100,2020-11-17,"Informational,Branded,Non-local",English
1988,are ring camera waterproof,us,0,40,0,,are ring cameras waterproof,2025-12-21 12:37:33,"AI Overview,Thumbnail,People also ask,Sitelinks",50,1200,1500,2020-05-09,"Informational,Branded,Non-local",English
1989,how to remove ring camera from wall,us,0,40,,,how to remove ring doorbell,2025-12-22 6:00:04,"AI Overview,Thumbnail,People also ask,Sitelinks,Video preview",50,1100,1400,2019-07-10,"Informational,Branded,Non-local",English
1990,ring camera notification sound,us,0,40,,,ring notification sounds,2025-12-12 0:43:05,"People also ask,AI Overview,Sitelinks,Video preview",40,400,600,2020-11-29,"Informational,Branded,Non-local",English
1991,why does my ring camera say device offline,us,,40,,,,,,40,,,2025-01-24,,
1992,how to turn ring camera off without app,us,0,40,,,how to turn off ring camera,2025-11-30 16:21:56,"AI Overview,Thumbnail,People also ask,Sitelinks,Video preview",40,1000,1300,2021-08-03,"Informational,Branded,Non-local",English
1993,does the ring camera require a subscription,us,,40,,,,,,40,,,2022-07-23,,
1994,how to change sensitivity on ring camera,us,,40,,,,,,40,,,2020-07-25,"Informational,Branded,Non-local",English
1995,spotlight ring camera,us,2,40,0.45,,ring spotlight cam,2025-11-27 17:13:41,"Shopping,Thumbnail,People also ask,Knowledge panel,Top stories,Discussions",60,6200,6300,2018-09-30,"Informational,Commercial,Branded,Non-local",English
1996,ring camera lights,us,6,40,0.5,,ring floodlight,2025-11-23 1:14:09,"Thumbnail,Shopping,People also ask,Discussions,Top stories,Video preview",100,15000,15000,2017-12-07,"Informational,Commercial,Branded,Non-local",English
1997,ring camera not charging with solar panel,us,0,40,,,ring solar panel not charging,2025-11-24 20:14:19,"AI Overview,Thumbnail,Sitelinks,People also ask",50,450,500,2020-05-24,"Informational,Branded,Non-local",English
1998,ring spotlight cam pro specs,us,,40,,,,,,50,,,2023-07-10,,
1999,ring camera is not detecting motion,us,0,40,,,ring camera not detecting motion,2025-11-21 14:44:32,"AI Overview,Thumbnail,People also ask,Sitelinks",40,800,1000,2021-10-13,"Informational,Branded,Non-local",English
2000,ring dash cam review,us,14,40,,,ring car cam,2025-12-01 3:25:39,"AI Overview,Thumbnail,Sitelinks,People also ask,Top stories,Video preview",70,2000,2000,2020-04-16,"Informational,Commercial,Branded,Non-local",English
2001,ring floodlight camera wired plus,us,3,40,,,ring floodlight,2025-11-20 6:21:36,"Sitelinks,Discussions,Knowledge panel,People also ask,Video preview",60,15000,15000,2021-06-08,"Informational,Commercial,Transactional,Branded,Non-local",English
2002,why is my ring camera not recording,us,0,40,,,why is my ring camera not recording,2025-12-03 13:11:17,"AI Overview,Thumbnail,Sitelinks,People also ask",50,30,30,2019-05-13,"Informational,Non-branded,Non-local",English
2003,solid blue light on ring camera,us,0,40,,,blue light on ring camera,2025-12-25 11:43:28,"Featured snippet,People also ask,Sitelinks,Video preview",60,10,10,2020-05-18,"Informational,Branded,Non-local",English
2004,best ring doorbell camera for apartments,us,0,40,,,best ring camera for apartments,2025-12-23 19:01:38,"AI Overview,Thumbnail,Sitelinks,People also ask,Shopping,Video preview,Top stories",40,300,300,2022-11-27,"Informational,Commercial,Branded,Non-local",English
2005,ring camera motion sensor,us,1,40,0.35,,ring motion detector,2025-11-17 13:36:56,"People also ask,Shopping,Thumbnail,Discussions,Sitelinks,Video preview",40,400,400,2018-04-04,"Informational,Commercial,Branded,Non-local",English
2006,ring camera cover,us,0,40,0.45,,ring camera case,2025-11-14 17:26:57,"Sitelinks,Thumbnail,Shopping,People also ask,Video preview",70,30,30,2018-03-09,"Informational,Commercial,Transactional,Branded,Non-local",English
2007,ring camera solid blue light,us,0,40,,,ring camera blue light,2025-11-29 21:06:35,"AI Overview,Thumbnail,Sitelinks,People also ask",50,700,700,2020-06-07,"Informational,Branded,Non-local",English
2008,ring camera dupe,us,15,40,0.5,,ring camera alternatives,2025-11-26 13:24:17,"AI Overview,Thumbnail,Top ads,Paid sitelinks,Sitelinks,People also ask,Top stories,Shopping,Bottom ads",50,350,400,2021-09-30,"Informational,Commercial,Branded,Non-local",English
2009,factory reset ring floodlight cam,us,0,40,,,how to reset ring floodlight camera,2025-11-29 9:47:27,"AI Overview,Thumbnail,People also ask,Sitelinks",50,70,70,2019-11-16,"Informational,Branded,Non-local",English
2010,how to block ring camera,us,0,40,,,how to block ring camera,2025-11-28 18:32:41,"AI Overview,Thumbnail,Sitelinks,People also ask",50,50,50,2020-01-10,"Informational,Branded,Non-local",English
2011,ring in home camera,us,24,40,0.45,,ring camera,2025-12-13 6:03:18,"Thumbnail,Sitelinks,Shopping,People also ask,Discussions,Video preview",50,239000,243000,2018-08-28,"Informational,Commercial,Transactional,Branded,Non-local",English
2012,google nest cam outdoor reviews,us,,40,,,,,,40,,,2019-10-06,,
2013,ring wireless spotlight cam,us,14,40,0.9,,ring spotlight cam,2023-06-21 2:51:22,"Sitelinks,Videos,Shopping Ads,Thumbnail,Image pack",40,7400,,2018-01-08,"Informational,Commercial,Branded,Non-local",English
2014,best ring security camera,us,5,40,0.6,,best ring camera,2025-12-19 9:40:33,"Sitelinks,Thumbnail,People also ask,Top stories,Video preview,Discussions,Shopping",70,700,800,2019-01-15,"Informational,Commercial,Branded,Non-local",English
2015,ring camera phone number customer service,us,,40,,,,,,40,,,2022-07-21,,
2016,g3al9 nest cam,us,,40,,,,,,50,,,2022-07-13,,
2017,how far does ring camera reach,us,,40,,,,,,40,,,2022-07-20,,
2018,how to install ring floodlight cam wired plus,us,0,40,,,floodlight cam wired plus,2025-11-29 16:21:34,"Video preview,People also ask,Discussions,Sitelinks",40,100,100,2021-06-26,"Informational,Branded,Non-local",English
2019,update ring camera,us,,40,,,,,,50,,,2020-06-23,"Informational,Branded,Non-local",English
2020,p1-99 ring camera,us,,40,,,,,,40,,,2023-10-08,,
2021,nest camera alternative,us,9,40,0.5,0.86,google nest alternative,2025-12-24 7:05:42,"Thumbnail,Sitelinks,AI Overview,People also ask,Top stories",50,80,90,2015-11-27,"Informational,Commercial,Branded,Non-local",English
2022,how to factory reset nest outdoor camera,us,0,40,,,how to reset nest doorbell,2025-11-23 10:57:04,"AI Overview,Thumbnail,People also ask,Sitelinks",50,5600,5700,2020-01-12,"Informational,Branded,Non-local",English
2023,what is birds eye view on ring camera,us,,40,,,,,,40,,,2024-07-17,,
2024,ring camera away mode,us,0,40,,,ring away mode,2025-12-21 19:46:18,"AI Overview,Thumbnail,Sitelinks,People also ask,Video preview",50,700,1000,2020-01-30,"Informational,Branded,Non-local",English
2025,why doesn't my ring camera record everything,us,0,40,,,why is my ring not recording everything,2025-11-24 4:45:36,"AI Overview,Thumbnail,People also ask,Sitelinks",50,100,100,2020-09-08,"Informational,Branded,Non-local",English
2026,what does the blue light mean on the ring camera,us,0,40,,,ring camera blue light,2025-11-22 18:39:48,"AI Overview,Thumbnail,People also ask,Sitelinks",40,700,700,2019-12-11,"Informational,Branded,Non-local",English
2027,do you need a doorbell for a ring camera,us,0,40,0.6,,ring doorbell installation without existing doorbell,2025-11-22 1:00:34,"AI Overview,Thumbnail,Sitelinks,People also ask,Video preview",50,70,70,2021-07-29,"Informational,Branded,Non-local",English
2028,how long does the ring outdoor camera battery last,us,,40,,,,,,40,,,2019-07-26,,
2029,solar powered ring outdoor camera,us,,40,0.7,,,,,50,,,2020-08-29,"Informational,Commercial,Transactional,Branded,Non-local",English
2030,nest camera not connecting to wifi,us,0,40,0.4,,nest doorbell offline,2025-11-27 20:23:56,"AI Overview,People also ask,Sitelinks",50,1100,1200,2017-09-22,"Informational,Branded,Non-local",English
2031,ring camera offline but wifi working,us,,40,,,,,,40,,,2023-10-18,,
2032,how to turn ring camera on,us,0,40,,,how to set up ring camera,2025-12-23 1:37:33,"AI Overview,Thumbnail,People also ask,Sitelinks,Video preview",60,1800,1800,2020-06-21,"Informational,Branded,Non-local",English
2033,ring spotlight cam battery review,us,0,40,0.2,1,ring spotlight cam plus reviews,2025-12-26 2:27:14,"Sitelinks,Knowledge panel,Discussions,People also ask",60,150,200,2017-10-25,"Informational,Commercial,Branded,Non-local",English
2034,how long does nest camera battery last,us,15,40,0.5,,nest cam battery life,2025-12-22 21:13:51,"AI Overview,Thumbnail,Sitelinks,People also ask",50,300,350,2018-07-19,"Informational,Branded,Non-local",English
2035,what does the red light on the ring camera mean,us,0,40,,,what does the red light mean on a ring camera,2025-12-25 13:16:40,"AI Overview,Thumbnail,People also ask,Sitelinks",40,600,600,2020-04-28,"Informational,Branded,Non-local",English
2036,ring camera notifications not working,us,,40,,,,,,60,,,2020-06-26,"Informational,Branded,Non-local",English
2037,how to reconnect ring camera to new wifi,us,0,40,0.03,,how to connect ring to new wifi,2025-11-16 18:10:38,"AI Overview,Thumbnail,Sitelinks,People also ask,Video preview",50,4000,5800,2020-06-05,"Informational,Branded,Non-local",English
2038,ring camera went offline,us,0,40,,,ring doorbell offline,2025-12-20 9:55:56,"AI Overview,Thumbnail,People also ask,Sitelinks",50,6400,8800,2020-07-24,"Informational,Branded,Non-local",English
2039,live cam big bear eagle nest,us,,40,,,,,,40,,,2019-09-19,"Informational,Non-branded,Local",English
2040,ring outdoor cam plus 2k reviews,us,,40,,,,,,40,,,2025-06-08,,
2041,ring camera nude,us,0,40,,,ring camera nude,2025-11-25 11:28:04,"Sitelinks,People also ask",50,40,40,2019-09-01,"Informational,Branded,Non-local",English
2042,ring lightbulb camera,us,0,40,0.3,,ring light bulb camera,2025-12-09 23:36:28,"Sitelinks,Thumbnail,People also ask,Shopping,Discussions",40,150,150,2022-02-08,"Informational,Commercial,Branded,Non-local",English
2043,ring stick up cam blue light stays on,us,0,40,,,ring stick up cam blue light stays on,2025-12-12 18:03:32,"AI Overview,Thumbnail,People also ask,Sitelinks",50,20,20,2020-02-05,"Informational,Branded,Non-local",English
2044,how long is ring camera footage stored,us,0,40,,,how long does ring save videos,2025-11-27 21:13:19,"AI Overview,Thumbnail,Sitelinks,People also ask",50,1500,1800,2022-03-15,"Informational,Branded,Non-local",English
2045,front door ring camera,us,9,40,0.6,,ring doorbell camera,2025-11-13 16:33:49,"Shopping,Thumbnail,Sitelinks,People also ask,Top stories",50,39000,53000,2017-11-19,"Informational,Commercial,Branded,Non-local",English
2046,battery for ring spotlight cam,us,0,40,0.4,,ring spotlight camera battery,2025-12-22 13:44:33,"AI Overview,Thumbnail,Sitelinks,People also ask,Discussions,Shopping",50,70,70,2018-03-12,"Informational,Commercial,Transactional,Branded,Non-local",English
2047,what does linked device mean on my ring camera,us,,40,,,,,,40,,,2024-02-19,,
2048,why won't my ring camera connect to my wifi,us,0,40,,,ring doorbell won't connect to wifi,2025-12-22 23:36:24,"AI Overview,Thumbnail,People also ask,Sitelinks",50,1200,1400,2020-06-22,"Informational,Branded,Non-local",English
2049,can i turn off ring camera,us,0,40,,,turn off ring camera,2025-11-30 12:47:40,"People also ask,Sitelinks",50,1100,1200,2019-03-13,"Informational,Branded,Non-local",English
2050,ring camera with battery,us,1,40,0.45,,ring battery camera,2025-12-15 3:43:02,"Thumbnail,People also ask,Shopping,Sitelinks,Discussions",50,200,200,2019-11-28,"Informational,Commercial,Transactional,Branded,Non-local",English
2051,nest cam poe,us,0,40,0.7,,nest camera poe,2025-12-12 12:57:18,"Sitelinks,People also ask,Knowledge panel,Shopping,Thumbnail",60,150,150,2016-07-13,"Informational,Commercial,Transactional,Branded,Non-local",English
2052,ring camera news updates,us,,40,,,,,,40,,,2025-09-20,,
2053,why doesn't my ring camera pick up everything,us,0,40,,,why doesn't my ring doorbell pick up everything,2025-12-24 16:11:37,"AI Overview,Thumbnail,Sitelinks,People also ask",40,20,30,2021-12-13,"Informational,Branded,Non-local",English
2054,ring doorbell and camera system,us,4,40,0.9,,ring bundle,2025-11-30 7:32:19,"Thumbnail,Sitelinks,People also ask,Shopping,Top stories,Video preview,Discussions",50,1500,1500,2016-10-03,"Informational,Commercial,Branded,Non-local",English
2055,ring camera missing motion,us,0,40,,,ring camera missing motion,2025-11-11 7:17:36,"AI Overview,Thumbnail,Sitelinks,People also ask,Video preview",40,20,20,2017-08-06,"Informational,Branded,Non-local",English
2056,ring camera 5ghz,us,,40,0.4,,,,,50,,,2020-01-21,"Informational,Branded,Non-local",English
2057,ring camera in house,us,20,40,1.1,,ring indoor camera,2025-12-15 14:55:54,"Thumbnail,Sitelinks,Shopping,People also ask,Discussions,Top stories,Video preview",40,9200,9400,2019-09-09,"Informational,Commercial,Branded,Non-local",English
2058,ring trail camera,us,5,40,0.35,,ring trail camera,2025-11-15 18:15:29,"Top ads,Paid sitelinks,Thumbnail,Sitelinks,People also ask,Shopping,Video preview,Bottom ads",50,10,10,2020-10-19,"Informational,Branded,Non-local",English
2059,ring camera offline how to fix,us,0,40,,,ring camera offline,2025-12-26 0:50:02,"AI Overview,Thumbnail,Sitelinks,People also ask",60,6400,8900,2023-01-29,"Informational,Branded,Non-local",English
2060,indoor nest cam,us,14,40,0.4,,nest indoor camera,2025-11-27 3:38:12,"Shopping,Thumbnail,People also ask,Knowledge panel,Top stories,Discussions",50,2600,2700,2017-01-15,"Informational,Commercial,Transactional,Branded,Non-local",English
2061,ring camera privacy,us,7,40,,,how long does ring keep videos,2025-12-27 15:20:46,"Sitelinks,Top stories,Video preview,People also ask,Discussions",50,150,200,2019-01-23,"Informational,Branded,Non-local",English
2062,ring indoor drone camera,us,,40,,,,,,50,,,2020-09-24,"Informational,Commercial,Branded,Non-local",English
2063,best ring camera alternative,us,11,40,0.5,,ring camera alternatives,2025-11-26 18:32:46,"AI Overview,People also ask,Sitelinks,Shopping,Thumbnail",60,350,400,2020-10-13,"Informational,Commercial,Branded,Non-local",English
2064,hard wired ring camera,us,0,40,0.4,,ring camera hardwired,2025-11-18 5:19:39,"People also ask,Thumbnail,Shopping,Top stories,Sitelinks,Video preview,Bottom ads,Paid sitelinks",50,80,80,2020-02-09,"Informational,Commercial,Branded,Non-local",English
2065,ring apartment camera,us,0,40,0.7,,ring peephole camera,2025-11-27 21:21:55,"Sitelinks,People also ask,Video preview,Discussions,Top stories,Thumbnail,Shopping",40,2900,3100,2019-08-05,"Informational,Commercial,Transactional,Branded,Non-local",English
2066,my ring camera is not alerting me,us,,40,,,,,,40,,,2024-03-17,,
2067,ring cam plus vs pro,us,0,40,0.9,,difference between ring floodlight pro and plus,2025-12-01 3:50:05,"AI Overview,Thumbnail,Sitelinks,People also ask,Discussions,Top stories,Video preview",50,100,100,2022-03-02,"Informational,Commercial,Branded,Non-local",English
2068,why does ring camera keep going offline,us,0,40,,,ring camera keeps going offline,2025-12-27 8:55:33,"AI Overview,Thumbnail,Sitelinks,People also ask",60,450,450,2021-04-05,"Informational,Branded,Non-local",English
2069,nest cam doorbell,us,2,40,0.4,,nest doorbell,2025-11-10 21:02:58,"Thumbnail,Shopping,People also ask,Top stories,Discussions,Sitelinks",50,33000,37000,2016-12-29,"Informational,Commercial,Branded,Non-local",English
2070,ring outdoor security camera video quality,us,,40,,,,,,40,,,2024-07-27,,
2071,ring camera icon meanings,us,,40,,,,,,50,,,2021-04-20,"Informational,Branded,Non-local",English
2072,how to install ring floodlight cam wired pro,us,0,40,,,how to install a ring floodlight cam wired pro,2025-11-19 1:52:11,"Featured snippet,Video preview,People also ask,Discussions,Sitelinks",50,20,40,2021-08-28,"Informational,Branded,Non-local",English
2073,ring camera flashing red and blue,us,0,40,,,ring camera light meaning,2025-12-18 19:37:31,"AI Overview,Thumbnail,People also ask,Discussions,Sitelinks",50,60,60,2022-01-27,"Informational,Branded,Non-local",English
2074,mini ring camera,us,10,40,0.4,,indoor ring camera,2025-11-23 12:20:21,"Thumbnail,Shopping,Sitelinks,People also ask,Video preview,Discussions",50,450,500,2019-04-16,"Informational,Commercial,Transactional,Branded,Non-local",English
2075,ring camera coupon,us,0,40,0.9,,ring discount code,2025-12-01 1:25:49,"People also ask,Sitelinks",40,2900,4200,2016-02-06,"Informational,Commercial,Transactional,Branded,Non-local",English
2076,how do i reset a ring camera,us,0,40,,,how to reset ring doorbell,2025-12-15 4:12:17,"AI Overview,Thumbnail,People also ask,Video preview",40,8000,8200,2020-08-17,"Informational,Branded,Non-local",English
2077,ring camera on roku tv,us,0,40,,,ring app on roku,2025-12-25 4:58:54,"AI Overview,Sitelinks,People also ask,Thumbnail",40,90,90,2020-01-07,"Informational,Branded,Non-local",English
2078,ring camera not recognizing solar panel,us,0,40,,,ring camera not recognizing solar panel,2025-11-17 3:55:29,"AI Overview,Thumbnail,Sitelinks,People also ask,Discussions",50,20,20,2020-06-19,"Informational,Branded,Non-local",English
2079,nest cam vs nest cam iq,us,0,40,0.4,1.02,nest cam iq vs nest cam,2025-12-14 21:40:03,"AI Overview,Thumbnail,Sitelinks,People also ask,Video preview,Discussions,Top stories",40,30,30,2017-07-04,"Informational,Commercial,Branded,Non-local",English
2080,overhead camera mount with ring light reviews,us,,40,,,,,,40,,,2025-05-19,,
2081,ring indoor battery camera,us,1,40,0.45,,ring indoor camera,2025-12-22 0:52:08,"Thumbnail,Sitelinks,People also ask,Shopping,Top stories,Video preview",80,9200,9400,2019-03-01,"Informational,Commercial,Branded,Non-local",English
2082,ring camera creator,us,12,40,,,ring jamie siminoff,2025-11-21 4:19:02,"AI Overview,Thumbnail,People also ask,Discussions,Video preview,Sitelinks",40,4300,9900,2020-09-24,"Informational,Branded,Non-local",English
2083,nest camera is offline,us,0,40,,,nest doorbell offline,2025-10-24 6:21:34,"AI Overview,Thumbnail,People also ask,Sitelinks,Video preview",60,1400,1500,2017-01-01,"Informational,Branded,Non-local",English
2084,reset nest cam,us,0,40,,1.05,reset nest doorbell,2025-12-20 3:16:36,"AI Overview,Thumbnail,People also ask,Sitelinks",70,5100,5100,2016-02-01,"Informational,Branded,Non-local",English
2085,ring floodlight cam pro review,us,11,40,0.6,,ring floodlight cam review,2025-12-19 16:08:53,"Sitelinks,AI Overview,Knowledge panel,Thumbnail,Discussions,People also ask,Video preview",40,250,300,2021-04-21,"Informational,Commercial,Branded,Non-local",English
2086,nest cam reset,us,1,40,,,reset nest doorbell,2025-12-21 20:56:56,"AI Overview,Thumbnail,People also ask,Sitelinks",70,5200,5200,2015-11-19,"Informational,Branded,Non-local",English
2087,how far can you go back on ring camera,us,0,40,,,how long does ring save videos,2025-12-13 1:47:32,"AI Overview,Thumbnail,People also ask,Sitelinks,Video preview",50,1500,1800,2021-01-27,"Informational,Branded,Non-local",English
2088,ring floodlight cam view,us,1,40,,,ring floodlight camera,2025-12-22 15:50:45,"People also ask,Discussions,Sitelinks,Video preview",60,12000,12000,2020-01-11,"Informational,Branded,Non-local",English
2089,ring floodlight cam home depot,us,,40,0.45,0.87,,,,40,,,2017-04-26,"Informational,Commercial,Transactional,Branded,Non-local",English
2090,how to turn of ring camera,us,0,40,,,how to turn off ring camera,2025-12-26 8:40:25,"AI Overview,Thumbnail,Sitelinks,People also ask,Top stories,Video preview",50,1500,1600,2022-06-25,"Informational,Branded,Non-local",English
2091,ring camera system installation,us,0,40,2,,ring installation,2025-11-25 2:52:23,"AI Overview,Thumbnail,People also ask,Local pack,Discussions,Video preview,Top stories",40,1900,2100,2018-09-27,"Informational,Branded,Non-local",English
2092,ring camera work without wifi,us,0,40,,,does ring camera need wifi,2025-11-28 3:35:14,"AI Overview,Thumbnail,Sitelinks,People also ask,Top stories",40,1100,1100,2021-05-20,"Informational,Branded,Non-local",English
2093,how to turn your ring camera off,us,0,40,,,how to turn off ring camera,2025-12-26 5:07:03,"AI Overview,Thumbnail,Sitelinks,People also ask,Discussions",50,1500,1600,2020-09-21,"Informational,Branded,Non-local",English
2094,ring stick up cam battery specs,us,,40,,,,,,40,,,2020-03-20,,
2095,google nest camera poe,us,0,40,0.45,,nest camera poe,2025-10-24 13:15:01,"Sitelinks,People also ask,Shopping,Thumbnail,Video preview,Knowledge panel",50,150,150,2019-10-13,"Informational,Commercial,Transactional,Branded,Non-local",English
2096,ring camera gutter mount,us,0,40,0.35,,ring gutter mount,2025-11-14 0:44:16,"Shopping,Thumbnail,Sitelinks,People also ask",50,50,50,2020-01-22,"Informational,Commercial,Transactional,Branded,Non-local",English
2097,nest iq camera,us,15,40,0.45,0.82,nest iq outdoor,2025-12-24 22:05:20,"People also ask,Discussions,Knowledge panel,Sitelinks,Video preview",50,800,800,2017-06-11,"Informational,Commercial,Branded,Non-local",English
2098,wireless nest camera,us,26,40,0.45,,google nest camera,2025-11-26 7:09:27,"Thumbnail,Shopping,People also ask,Top stories,Discussions",50,4200,4900,2016-11-28,"Informational,Commercial,Branded,Non-local",English
2099,easter bunny ring camera,us,,40,,,,,,50,,,2020-04-11,"Informational,Non-branded,Non-local",English
2100,ring camera logo png,us,,40,,,,,,40,,,2023-02-11,,
2101,how long do the ring camera batteries last,us,0,40,,,how long does ring camera battery last,2025-12-26 22:51:22,"Sitelinks,People also ask,Video preview",50,900,1000,2019-04-28,"Informational,Branded,Non-local",English
2102,google nest cam indoor/outdoor camera,us,,40,,,,,,60,,,2021-11-27,,
2103,ring camera bird house,us,0,40,0.25,,ring camera birdhouse,2025-12-26 20:31:33,"Shopping,Thumbnail,Sitelinks,People also ask,Discussions",50,10,10,2022-11-07,"Informational,Commercial,Branded,Non-local",English
2104,ring camera wifi change,us,0,40,,,how to connect ring to new wifi,2025-11-14 8:03:46,"AI Overview,Thumbnail,Sitelinks,People also ask",60,4000,5800,2020-04-30,"Informational,Branded,Non-local",English
2105,can you turn off the blue light on ring camera,us,0,40,,,turn off blue light on ring camera,2025-11-27 11:53:51,"AI Overview,Thumbnail,People also ask,Sitelinks",50,450,450,2019-05-15,"Informational,Branded,Non-local",English
2106,nest cam battery last,us,20,40,,,nest cam battery life,2025-11-30 12:29:47,"AI Overview,Thumbnail,Sitelinks,People also ask,Video preview",40,300,300,2021-09-28,"Informational,Branded,Non-local",English
2107,does ring camera work without internet,us,,40,,,,,,40,,,2019-08-09,,
2108,california ring camera alien,us,,40,,,,,,40,,,2025-07-24,,
2109,can ring camera record without wifi,us,,40,,,,,,40,,,2023-04-12,,
2110,what does home mode mean on ring camera,us,,40,,,,,,40,,,2020-11-14,,
2111,view nest camera on pc,us,12,40,,,view nest camera on pc,2025-11-28 8:07:08,"People also ask,Sitelinks",50,90,90,2018-06-09,"Informational,Branded,Non-local",English
2112,whats a ring camera,us,16,40,0.8,,ring camera,2025-12-09 5:10:17,"AI Overview,Thumbnail,People also ask,Top stories,Video preview,Discussions,Shopping,Sitelinks",100,174000,179000,2020-02-25,"Informational,Branded,Non-local",English
2113,belichick ring cam,us,,40,,,,,,40,,,2023-11-09,,
2114,resetting google nest camera,us,0,40,,,how to reset nest doorbell,2025-11-29 10:27:12,"AI Overview,Thumbnail,People also ask,Sitelinks,Video preview",40,5400,5400,2022-01-05,"Informational,Branded,Non-local",English
2115,ring outdoor cam plus price,us,,40,,,,,,40,,,2025-05-03,,
2116,alexa ring camera,us,0,40,0.8,,alexa ring,2025-12-13 20:52:51,"People also ask,Sitelinks,Top stories,Thumbnail",40,1300,2100,2019-01-09,"Informational,Branded,Non-local",English
2117,how to block a ring camera from recording,us,,40,,,,,,40,,,2024-05-10,,
2118,what's a ring camera,us,12,40,0.5,,ring camera,2025-12-19 20:06:18,"AI Overview,Thumbnail,People also ask,Top stories,Video preview,Discussions,Sitelinks",60,229000,234000,2020-01-30,"Informational,Branded,Non-local",English
2119,ring camera lens replacement,us,0,40,0.25,,ring camera lens replacement,2025-12-18 21:45:58,"AI Overview,Thumbnail,Sitelinks,People also ask",40,40,40,2020-06-22,"Informational,Commercial,Branded,Non-local",English
2120,peep hole ring camera,us,0,40,0.35,,ring peephole camera,2025-12-25 13:06:45,"Shopping,Thumbnail,People also ask,Discussions,Video preview",40,3500,3700,2020-03-16,"Informational,Commercial,Transactional,Branded,Non-local",English
2121,ring spotlight cam pro battery life,us,0,40,0.45,,ring spotlight cam battery life,2025-11-25 4:25:31,"AI Overview,Thumbnail,Sitelinks,People also ask,Knowledge panel",60,100,150,2022-10-15,"Informational,Branded,Non-local",English
2122,nest cam secure loop,us,0,40,,,google nest cam secure loop,2025-11-25 16:48:47,"AI Overview,Thumbnail,Sitelinks,People also ask,Video preview",60,20,20,2022-06-19,"Informational,Branded,Non-local",English
2123,solar panel for ring stick up camera,us,0,40,0.4,,ring solar panel,2025-12-26 2:53:47,"Thumbnail,Sitelinks,Shopping,Discussions,People also ask,Video preview",40,1300,1300,2020-05-09,"Informational,Commercial,Branded,Non-local",English
2124,big bear bald eagle nest cam live right now,us,,40,,,,,,40,,,2022-03-01,"Informational,Non-branded,Non-local",English
2125,why does my ring camera go offline,us,0,40,,,how to connect ring to wifi,2025-11-28 12:22:19,"AI Overview,Thumbnail,People also ask,Sitelinks",50,6100,8200,2021-03-26,"Informational,Branded,Non-local",English
2126,nest cam home app features,us,,40,,,,,,40,,,2025-08-26,,
2127,solar power for ring camera,us,0,40,0.3,,ring solar panel,2025-12-14 16:48:17,"Thumbnail,Shopping,People also ask,Top stories,Discussions,Sitelinks",40,2900,2900,2020-06-04,"Informational,Commercial,Branded,Non-local",English
2128,add ring camera to apple home,us,0,40,,,does ring work with apple homekit,2025-12-21 16:51:07,"AI Overview,Thumbnail,Sitelinks,People also ask",60,1000,1100,2021-10-25,"Informational,Branded,Non-local",English
2129,ring camera blue light on,us,0,40,,,ring camera blue light,2025-12-26 4:36:42,"AI Overview,Thumbnail,Sitelinks,People also ask",40,900,900,2020-01-22,"Informational,Branded,Non-local",English
2130,google nest cam price,us,18,40,0.45,,nest camera,2025-12-17 15:16:46,"Thumbnail,People also ask,Knowledge panel,Top stories,Sitelinks,Discussions",60,36000,43000,2020-06-26,"Informational,Commercial,Branded,Non-local",English
2131,battery powered ring camera doorbell,us,,40,,,,,,40,,,2024-05-31,,
2132,ring camera motion light not working,us,,40,,,,,,50,,,2024-11-11,,
2133,how long does a ring doorbell camera battery last,us,,40,,,,,,50,,,2019-11-19,,
2134,ring stick up cam 3rd generation,us,1,40,0.8,,stick up cam,2025-11-24 20:25:28,"Sitelinks,People also ask,Thumbnail,Shopping,Discussions",100,90,400,2019-11-29,"Informational,Commercial,Branded,Non-local",English
2135,how to take ring camera off,us,0,40,,,how to remove ring doorbell,2025-12-24 20:41:55,"AI Overview,Thumbnail,People also ask,Sitelinks,Video preview",50,1100,1400,2021-12-12,"Informational,Branded,Non-local",English
2136,blue light on ring camera mean,us,,40,,,,,,40,,,2022-02-22,,
2137,red dots on ring camera,us,0,40,,,red light on ring camera,2025-12-09 9:49:51,"AI Overview,Thumbnail,Sitelinks,People also ask",50,350,400,2020-06-06,"Informational,Branded,Non-local",English
2138,bald eagle nest cam california,us,51,40,,,big bear eagle cam,2025-11-16 11:14:37,"Sitelinks,People also ask,Thumbnail",40,140000,143000,2020-02-20,"Informational,Non-branded,Local",English
2139,google nest outdoor camera solar panel,us,0,40,0.5,,nest camera solar panel,2025-11-25 19:52:37,"People also ask,Sitelinks,Knowledge panel,Discussions",50,600,600,2021-11-02,"Informational,Commercial,Branded,Non-local",English
2140,ring camera for bird feeder,us,,40,0.7,,,,,50,,,2023-04-03,,
2141,how to pause a ring camera,us,0,40,,,turn off ring camera,2025-11-27 15:56:05,"AI Overview,Thumbnail,Sitelinks,People also ask",40,1100,1200,2021-09-11,"Informational,Branded,Non-local",English
2142,ring camera front door,us,10,40,0,,ring doorbell camera,2025-11-11 19:58:48,"Thumbnail,Sitelinks,Shopping,People also ask,Discussions,Top stories",50,41000,45000,2020-01-19,"Informational,Commercial,Transactional,Branded,Non-local",English
2143,ring camera is blinking blue,us,0,40,,,ring camera blinking blue,2025-12-23 12:08:52,"AI Overview,Thumbnail,People also ask,Sitelinks",50,600,600,2021-12-07,"Informational,Branded,Non-local",English
2144,how long does ring battery camera last,us,0,40,,,how long does ring camera battery last,2025-11-27 13:33:28,"AI Overview,Thumbnail,Sitelinks,People also ask",60,900,1000,2020-04-26,"Informational,Branded,Non-local",English
2145,can you turn off blue light on ring camera,us,0,40,,,turn off blue light on ring camera,2025-11-28 8:12:44,"AI Overview,Thumbnail,People also ask,Sitelinks",60,450,450,2020-06-22,"Informational,Branded,Non-local",English
2146,ring stick up cam plug-in,us,0,40,0.45,,ring stick up cam wired,2025-11-30 9:35:07,"Thumbnail,Knowledge panel,People also ask,Sitelinks,Video preview,Discussions",150,150,150,2020-01-13,"Informational,Commercial,Branded,Non-local",English
2147,ring floodlight camera costco,us,0,40,0.7,,ring floodlight cam wired pro,2025-12-15 6:53:48,"Thumbnail,People also ask,Video preview,Sitelinks",40,600,600,2017-11-18,"Informational,Commercial,Transactional,Branded,Non-local",English
2148,google nest cam outdoor battery,us,22,40,0.45,,nest cam battery,2025-12-24 10:30:18,"Sitelinks,People also ask,Knowledge panel",60,2700,3000,2021-08-05,"Informational,Commercial,Transactional,Branded,Non-local",English
2149,google nest cam battery ip54 rating,us,,40,,,,,,40,,,2025-11-12,,
2150,how long does the battery last on a ring camera,us,0,40,0.5,,how long does ring camera battery last,2025-12-21 2:09:54,"AI Overview,Thumbnail,Sitelinks,People also ask,Video preview",40,900,1000,2018-09-04,"Informational,Branded,Non-local",English
2151,view ring camera on pc,us,0,40,,,ring app for windows,2025-11-09 21:36:18,"AI Overview,Thumbnail,Sitelinks,People also ask,Video preview",40,700,800,2018-10-25,"Informational,Branded,Non-local",English
2152,why ring camera has red light,us,,40,,,,,,40,,,2025-09-30,,
2153,how to turn ring camera off temporarily,us,,40,,,,,,50,,,2021-04-04,,
2154,nest camera blinking blue,us,0,40,,,nest camera blinking blue light,2025-12-04 14:06:27,"AI Overview,Thumbnail,Sitelinks,People also ask",40,30,30,2017-01-05,"Informational,Branded,Non-local",English
2155,how far back does a ring camera go,us,0,40,,,how long does ring save videos,2025-12-03 22:00:16,"AI Overview,Thumbnail,People also ask,Sitelinks,Video preview",40,1500,1800,2021-08-09,"Informational,Branded,Non-local",English
2156,back of ring camera,us,14,40,,,ring video doorbell,2025-11-28 1:50:03,"People also ask,Sitelinks,Video preview,Discussions",40,13000,17000,2022-04-20,"Informational,Branded,Non-local",English
2157,nest camera deals,us,0,40,0.45,1.33,nest camera,2025-12-19 5:10:17,"Thumbnail,AI Overview,Sitelinks,Shopping,Discussions,People also ask,Top stories",50,35000,42000,2016-01-21,"Informational,Commercial,Transactional,Branded,Non-local",English
2158,ring camera features without subscription,us,,40,,,,,,40,,,2023-08-24,,
2159,solar charger for google nest camera,us,,40,,,,,,50,,,2023-09-07,,
2160,ring camera 90 degree mount,us,,40,0.3,,,,,50,,,2020-01-22,"Informational,Commercial,Transactional,Branded,Non-local",English
2161,who invented ring camera,us,16,40,,,jamie siminoff,2025-11-30 8:12:20,"AI Overview,Thumbnail,People also ask,Discussions,Video preview",40,4300,9600,2020-06-22,"Informational,Branded,Non-local",English
2162,ring vs google camera,us,,40,,,,,,50,,,2021-11-26,,
2163,ring security light with camera,us,15,40,0,,ring floodlight,2025-11-15 2:24:40,"Top ads,Thumbnail,Shopping,People also ask,Discussions,Video preview,Bottom ads,Paid sitelinks",60,15000,15000,2017-05-31,"Informational,Commercial,Branded,Non-local",English
2164,ring camera account login,us,,40,,,,,,50,,,2020-05-08,,
2165,friends of big valley eagle nest cam,us,42,40,,,jackie and shadow,2025-11-17 5:23:28,"Sitelinks,Thumbnail,People also ask,Top stories",70,125000,128000,2021-03-20,"Informational,Branded,Local",English
2166,doorbell ring camera doorbell,us,,40,,,,,,50,,,2025-04-12,,
2167,ring camera subscription required,us,,40,,,,,,40,,,2021-12-11,"Informational,Branded,Non-local",English
2168,reboot nest camera,us,0,40,,,how to reset nest doorbell,2025-11-28 13:38:11,"People also ask,Sitelinks",50,5400,5500,2017-05-26,"Informational,Branded,Non-local",English
2169,how to turn blue light off on ring camera,us,0,40,,,turn off blue light on ring camera,2025-12-21 23:29:02,"AI Overview,Thumbnail,People also ask,Sitelinks",50,450,450,2020-06-23,"Informational,Branded,Non-local",English
2170,ruby franke ring camera,us,,40,,,,,,50,,,2024-03-25,,
2171,why is my ring camera red,us,0,40,,,why is my ring camera red,2025-12-14 15:41:23,"AI Overview,Thumbnail,Sitelinks,People also ask",40,40,40,2020-04-11,"Informational,Branded,Non-local",English
2172,how to turn blue light off ring camera,us,0,40,,,turn off blue light on ring camera,2025-12-19 4:25:53,"AI Overview,Thumbnail,Sitelinks,People also ask",50,450,450,2021-12-06,"Informational,Branded,Non-local",English
2173,trade in ring camera,us,,40,,,,,,40,,,2022-11-24,,
2174,does ring camera light up when live view,us,0,40,,,does ring doorbell light up when live view,2025-12-26 14:46:03,"AI Overview,Thumbnail,Sitelinks,People also ask,Video preview",50,70,90,2021-02-11,"Informational,Branded,Non-local",English
2175,how to cover a ring camera,us,0,40,,,how to cover a ring camera,2025-11-27 4:42:55,"AI Overview,Thumbnail,Sitelinks,People also ask",50,80,80,2020-08-04,"Informational,Branded,Non-local",English
2176,led ring light for camera,us,,40,,,,,,100,,,2017-09-19,"Informational,Commercial,Transactional,Non-branded,Non-local",English
2177,scary ring camera photos,us,,40,,,,,,40,,,2022-12-23,,
2178,big bear bald eagle live nest-cam 1,us,,40,,,,,,40,,,2025-03-05,,
2179,ring doorbell camera blinking blue,us,0,40,,,ring doorbell flashing blue,2025-12-27 12:59:18,"AI Overview,Thumbnail,People also ask,Video preview",50,3200,5200,2022-01-08,"Informational,Branded,Non-local",English
2180,ring pan tilt indoor camera review,us,,40,,,,,,70,,,2024-08-16,,
2181,google nest floodlight camera review,us,6,40,0.4,,nest floodlight camera,2025-11-24 19:33:51,"Sitelinks,Discussions,People also ask,Knowledge panel",50,200,200,2021-10-07,"Informational,Commercial,Branded,Non-local",English
2182,nest camera news today,us,,40,,,,,,40,,,2025-09-21,,
2183,how to install google nest camera outdoor,us,7,40,,,nest outdoor camera installation,2025-12-04 0:21:47,"AI Overview,People also ask,Top stories,Thumbnail,Discussions,Video preview",50,150,150,2021-10-26,"Informational,Branded,Non-local",English
2184,how can i turn off my ring camera,us,0,40,,,how to turn off ring camera,2025-11-19 4:45:21,"AI Overview,Thumbnail,People also ask,Sitelinks",40,1300,1400,2021-04-11,"Informational,Branded,Non-local",English
2185,why does my ring camera light keep coming on,us,0,40,,,ring floodlight keeps turning on and off,2025-10-29 19:04:41,"AI Overview,Sitelinks,People also ask,Video preview",50,150,150,2020-10-21,"Informational,Branded,Non-local",English
2186,my google nest camera is offline,us,0,40,0.01,,nest doorbell offline,2025-11-19 2:40:53,"AI Overview,Thumbnail,People also ask,Sitelinks",50,1200,1300,2021-12-09,"Informational,Branded,Non-local",English
2187,ring camera not recording,us,0,40,,,ring camera not recording,2025-11-21 3:54:03,"AI Overview,Thumbnail,Sitelinks,People also ask",50,20,20,2017-10-02,"Informational,Branded,Non-local",English
2188,ring solar panel for spotlight cam,us,0,40,0.45,,ring solar panel,2025-11-18 17:02:30,"Thumbnail,Shopping,Sitelinks,Top stories,Video preview,People also ask,Discussions",50,2100,2100,2018-03-16,"Informational,Commercial,Transactional,Branded,Non-local",English
2189,ring camera gif,us,0,40,,,ring camera gif,2025-11-26 22:13:21,"Thumbnail,Sitelinks,People also ask",40,0,0,2021-07-11,"Informational,Branded,Non-local",English
2190,ring camera for renters,us,0,40,0.4,,ring doorbell for apartments,2025-11-27 5:58:56,"Thumbnail,Sitelinks,People also ask,Shopping,Top stories,Video preview",50,1200,1200,2020-09-20,"Informational,Commercial,Branded,Non-local",English
2191,ring job site camera,us,0,40,0.4,,ring jobsite security,2025-12-24 10:53:31,"Sitelinks,Video preview",40,600,600,2021-11-07,"Informational,Commercial,Transactional,Branded,Non-local",English
2192,why won't my ring camera connect,us,0,40,1.7,,ring doorbell won't connect to wifi,2025-12-08 15:02:17,"AI Overview,Thumbnail,People also ask,Sitelinks",50,1100,1300,2020-06-11,"Informational,Branded,Non-local",English
2193,how to remove a ring doorbell camera,us,,40,,,,,,40,,,2022-09-13,,
2194,magnet for ring camera,us,,40,,,,,,40,,,2024-08-02,,
2195,ring camera funny,us,0,40,,,ring camera funny,2025-11-17 20:11:04,"Video preview,People also ask,Thumbnail,Top stories",40,30,30,2020-01-10,"Informational,Branded,Non-local",English
2196,is there a way to turn off ring camera,us,,40,,,,,,50,,,2020-02-16,"Informational,Branded,Non-local",English
2197,ring camera coupon code,us,0,40,1.2,,ring discount code,2025-11-24 9:15:04,"People also ask,Sitelinks",40,3500,5400,2016-11-23,"Informational,Commercial,Transactional,Branded,Non-local",English
2198,how to keep ring camera from fogging up,us,0,40,,,ring camera fogging up,2025-12-11 7:19:30,"AI Overview,Thumbnail,Sitelinks,People also ask",40,40,50,2018-12-31,"Informational,Branded,Non-local",English
2199,ring camera battery pack,us,0,40,0.8,,ring battery,2025-12-27 16:19:34,"Thumbnail,Shopping,People also ask,Discussions,Sitelinks",40,3700,3800,2019-04-05,"Informational,Commercial,Transactional,Branded,Non-local",English
2200,ring door camera wireless,us,19,40,0.5,,ring video doorbell,2025-12-26 6:10:48,"Shopping,Thumbnail,Sitelinks,Video preview,People also ask,Top stories",70,13000,28000,2021-05-31,"Informational,Commercial,Branded,Non-local",English
2201,does ring camera need wifi to work,us,,40,,,,,,40,,,2021-08-06,,
2202,can i turn my ring camera off,us,0,40,,,how to turn off ring camera,2025-11-19 8:09:25,"AI Overview,Thumbnail,People also ask,Sitelinks",50,1300,1400,2020-08-01,"Informational,Branded,Non-local",English
2203,friends of big bear valley nest cam,us,,40,,,,,,40,,,2020-02-26,,
2204,why does the ring camera turn blue,us,0,40,,,blue light on ring camera,2025-12-17 9:15:48,"AI Overview,Thumbnail,People also ask,Sitelinks",40,350,350,2022-05-31,"Informational,Branded,Non-local",English
2205,best ring camera doorbell,us,17,40,0.6,,best ring doorbell,2025-12-08 10:08:49,"AI Overview,Thumbnail,People also ask,Sitelinks,Discussions,Video preview,Top stories,Shopping",50,1800,2100,2020-11-03,"Informational,Commercial,Branded,Non-local",English
2206,ring camera and flock,us,,40,,,,,,40,,,2025-10-21,,
2207,ring outdoor camera wireless solar,us,0,40,0.6,,ring solar camera,2025-12-04 6:00:07,"Thumbnail,Sitelinks,Shopping,People also ask,Discussions,Video preview",40,2200,2200,2021-03-09,"Informational,Commercial,Branded,Non-local",English
2208,ring camera reconnect to wifi,us,0,40,,,ring camera offline,2025-12-23 18:22:12,"AI Overview,Thumbnail,Sitelinks,People also ask",60,6400,8900,2020-05-20,"Informational,Branded,Non-local",English
2209,ring doorbell camera footage,us,0,40,,,ring camera footage,2025-11-25 4:51:33,"Thumbnail,People also ask,Video preview,Top stories",60,80,100,2020-02-01,"Informational,Branded,Non-local",English
2210,always home ring cam,us,,40,,,,,,60,,,2020-09-28,,
2211,ring security camera outdoor,us,6,40,0.6,,ring outdoor camera,2025-11-19 10:36:03,"Sitelinks,Shopping,Thumbnail,People also ask,Discussions",300,24000,25000,2019-06-22,"Informational,Commercial,Transactional,Branded,Non-local",English
2212,ring pan-tilt indoor cam pet tag,us,,40,,,,,,40,,,2025-06-26,,
2213,ring camera rechargeable battery,us,0,40,0.7,,ring doorbell battery,2025-11-25 9:51:49,"Thumbnail,People also ask,Shopping,Discussions,Sitelinks",50,4300,4400,2018-04-24,"Informational,Commercial,Transactional,Branded,Non-local",English
2214,poe nest camera,us,0,40,0.35,,nest camera poe,2025-11-27 8:40:23,"Thumbnail,Sitelinks,People also ask,Shopping",50,150,150,2017-09-03,"Informational,Commercial,Transactional,Branded,Non-local",English
2215,alien on ring camera in california,us,,40,,,,,,40,,,2025-07-28,,
2216,ring camera website,us,42,40,0.45,,ring,2025-12-21 9:01:17,"Sitelinks,People also ask,Shopping,Thumbnail,Video preview",150,286000,395000,2017-01-05,"Informational,Navigational,Branded,Non-local",English
2217,is there a monthly fee for ring camera,us,3,40,0.6,,ring protect plan,2025-12-16 2:50:56,"AI Overview,Thumbnail,Sitelinks,People also ask,Video preview",40,96000,101000,2020-01-30,"Informational,Branded,Non-local",English
2218,how to cover ring camera,us,0,40,,,how to cover a ring camera,2025-11-30 1:35:29,"AI Overview,Thumbnail,Sitelinks,People also ask",50,90,90,2020-04-09,"Informational,Commercial,Branded,Non-local",English
2219,ring camera motion detection not working,us,0,40,,,ring camera not detecting motion,2025-11-22 19:09:59,"AI Overview,Thumbnail,People also ask,Sitelinks",50,350,400,2017-12-21,"Informational,Branded,Non-local",English
2220,how long does ring camera battery charge last,us,,40,,,,,,40,,,2024-07-16,,
2221,how to mute ring camera,us,0,40,,,how to turn off ring notifications,2025-11-22 8:30:28,"AI Overview,Thumbnail,People also ask,Discussions,Sitelinks",50,1700,1700,2020-08-02,"Informational,Branded,Non-local",English
2222,how to remove a ring camera from account,us,,40,,,,,,40,,,2020-04-13,"Informational,Branded,Non-local",English
2223,ring stick up camera wired,us,0,40,0.45,,ring video stick up camera wired,2025-12-16 22:00:54,"Discussions,People also ask,Sitelinks,Video preview",50,150,150,2019-01-15,"Informational,Commercial,Branded,Non-local",English
2224,reset button on nest camera,us,0,40,,,reset nest doorbell,2025-11-09 20:04:24,"AI Overview,Thumbnail,People also ask,Video preview,Sitelinks",40,5600,5700,2021-09-28,"Informational,Branded,Non-local",English
2225,why is my solar panel not charging my ring camera,us,0,40,,,ring solar panel not charging,2025-11-26 4:48:41,"AI Overview,Thumbnail,People also ask,Sitelinks",40,450,500,2020-06-17,"Informational,Branded,Non-local",English
2226,removing ring camera,us,,40,,,,,,40,,,2020-12-17,,
2227,reset nest outdoor camera,us,0,40,,,how to reset nest doorbell,2025-11-22 15:02:04,"Featured snippet,Sitelinks,People also ask",60,5600,5700,2017-01-29,"Informational,Branded,Non-local",English
2228,how to update firmware on ring camera,us,,40,,,,,,50,,,2023-12-07,,
2229,red light on nest camera,us,0,40,,,nest camera red light,2025-11-22 1:13:55,"AI Overview,Thumbnail,People also ask,Sitelinks",40,30,30,2017-03-15,"Informational,Branded,Non-local",English
2230,nest camera power supply,us,0,40,0.25,,nest camera power cord,2025-11-19 15:31:53,"Shopping,Thumbnail,People also ask,Discussions,Sitelinks",40,500,500,2016-01-11,"Informational,Commercial,Branded,Non-local",English
2231,deactivating a ring doorbell or security camera,us,,40,,,,,,40,,,2025-04-18,,
2232,how far back can you go on a ring camera,us,0,40,,,how far does ring camera go back,2025-11-18 7:17:02,"AI Overview,Thumbnail,People also ask,Sitelinks,Video preview",40,150,150,2022-07-26,"Informational,Branded,Non-local",English
2233,ring camera not detecting motion sometimes,us,0,40,,,ring camera not detecting motion,2025-12-26 2:47:32,"AI Overview,Thumbnail,Sitelinks,People also ask",50,700,800,2023-06-03,"Informational,Branded,Non-local",English
2234,ring camera for garage,us,16,40,0.35,,ring outdoor camera,2025-10-24 17:01:57,"Sitelinks,Shopping,Thumbnail,People also ask,Video preview",40,29000,30000,2020-01-14,"Informational,Commercial,Transactional,Branded,Non-local",English
2235,how long do ring camera battery last,us,,40,,,,,,50,,,2022-04-10,,
2236,the ring security camera,us,12,40,1.3,0.82,ring camera,2025-11-26 10:31:16,"Shopping,Thumbnail,Sitelinks,People also ask,Discussions",60,207000,212000,2015-09-28,"Informational,Commercial,Branded,Non-local",English
2237,solar outdoor ring camera,us,,40,0.5,,,,,40,,,2022-06-21,"Informational,Commercial,Transactional,Branded,Non-local",English
2238,ring vs vivint camera price comparison,us,,40,,,,,,40,,,2025-06-17,,
2239,ring camera is offline but wifi is working,us,0,40,,,how to reconnect ring to wifi,2025-11-19 10:33:34,"AI Overview,Thumbnail,People also ask,Sitelinks",50,6500,8900,2022-06-17,"Informational,Branded,Non-local",English
2240,can ring camera record 24/7,us,10,40,1.3,,do ring cameras record 24/7,2025-11-26 14:07:54,"Sitelinks,People also ask",50,2700,3600,2019-11-19,"Informational,Branded,Non-local",English
2241,ring stick up cam reviews,us,16,40,0.25,1.33,ring stick up cam battery life,2025-12-09 3:20:53,"AI Overview,Thumbnail,Sitelinks,Knowledge panel,Discussions,People also ask",70,250,250,2016-05-02,"Informational,Commercial,Branded,Non-local",English
2242,blue dot on ring camera,us,,40,,,,,,60,,,2021-08-14,,
2243,lorex ring camera,us,0,40,0.5,,doorbell,2025-11-12 19:12:30,"Sitelinks,Thumbnail,People also ask,Discussions",50,2300,2300,2020-12-20,"Informational,Commercial,Branded,Non-local",English
2244,google nest camera sale,us,22,40,0.45,,nest camera,2025-11-23 1:36:04,"Thumbnail,Sitelinks,Shopping,People also ask,Discussions",40,49000,57000,2019-10-03,"Informational,Commercial,Transactional,Branded,Non-local",English
2245,nest camera generations,us,12,40,,,google camera,2025-12-24 23:31:33,"AI Overview,Thumbnail,People also ask,Sitelinks,Discussions,Top stories",40,300,300,2021-12-04,"Informational,Branded,Non-local",English
2246,ring camera missing events,us,0,40,,,ring camera missing events,2025-11-05 22:17:43,"AI Overview,Thumbnail,Sitelinks,People also ask,Video preview",50,30,30,2020-06-20,"Informational,Branded,Non-local",English
2247,ring camera purple,us,0,40,1.5,,why is my ring camera purple,2025-12-09 20:11:58,"Sitelinks,People also ask,Video preview",40,40,40,2020-02-28,"Informational,Branded,Non-local",English
2248,ring camera solar panel installation,us,0,40,0.3,,ring solar panel installation,2025-11-27 19:00:10,"AI Overview,Thumbnail,Video preview,People also ask,Sitelinks,Shopping Ads",60,100,100,2020-02-02,"Informational,Branded,Non-local",English
2249,does a ring camera need wifi to work,us,,40,,,,,,50,,,2022-05-30,,
2250,nest camera green light,us,0,40,,,nest cam green light,2025-12-09 16:36:46,"AI Overview,Thumbnail,Sitelinks,People also ask,Video preview",50,30,30,2017-01-24,"Informational,Branded,Non-local",English
2251,spy camera ring,us,0,40,0.25,,hidden camera ring,2025-12-18 19:36:11,"Thumbnail,Sitelinks,People also ask,Discussions,Shopping",90,10,10,2015-09-13,"Informational,Commercial,Transactional,Non-branded,Non-local",English
2252,ring floodlight camera solar,us,0,40,0.3,,ring smart lighting,2025-12-19 18:30:02,"Thumbnail,Sitelinks,Shopping,People also ask,Discussions,Video preview",50,700,800,2018-06-08,"Informational,Commercial,Transactional,Branded,Non-local",English
2253,ring spotlight cam price,us,,40,,,,,,40,,,2020-02-07,"Informational,Commercial,Branded,Non-local",English
2254,google nest cam charging cable,us,0,40,,,google nest camera charger,2025-12-21 12:03:19,"Sitelinks,People also ask,Knowledge panel,Discussions",60,150,150,2021-10-03,"Informational,Commercial,Transactional,Branded,Non-local",English
2255,nest exterior camera,us,26,40,0.45,0.95,nest camera outdoor,2025-12-03 22:18:17,"Shopping,Thumbnail,Sitelinks,People also ask,Discussions,Top stories",50,4300,4300,2016-02-23,"Informational,Commercial,Branded,Non-local",English
2256,google nest indoor cam wired reviews,us,,40,,,,,,40,,,2025-08-21,,
2257,ring camera outdoor wireless solar,us,,40,0.7,,,,,40,,,2023-07-19,,
2258,why is my ring camera blinking white,us,,40,,,,,,40,,,2022-02-10,,
2259,live bird nest cam,us,56,40,0.45,,bird cam,2025-11-24 12:52:56,Sitelinks,150,5100,5400,2016-05-01,"Informational,Non-branded,Non-local",English
2260,reset nest cam outdoor,us,0,30,,,how to reset nest doorbell,2025-12-11 23:14:07,"AI Overview,Thumbnail,Sitelinks,People also ask",30,5200,5200,2018-07-03,"Informational,Branded,Non-local",English
2261,google home nest camera,us,18,30,0.5,,nest camera,2025-12-10 11:23:38,"Sitelinks,People also ask,Shopping,Thumbnail",60,40000,47000,2016-12-16,"Informational,Commercial,Transactional,Branded,Non-local",English
2262,eagle nest camera california,us,,30,,,,,,30,,,2024-02-29,,
2263,camera lens filter step down ring adapter,us,,30,,,,,,30,,,2025-03-27,,
2264,google nest cam (wired),us,,30,,,,,,40,,,2021-10-27,,
2265,google nest cam mount,us,0,30,0.45,,google camera mount,2025-12-25 15:54:32,"Shopping,Thumbnail,Sitelinks,People also ask,Discussions,Video preview",50,70,70,2021-08-20,"Informational,Commercial,Transactional,Branded,Non-local",English
2266,how do i get my ring camera to record 24 7,us,,30,,,,,,30,,,2024-11-30,,
2267,nest floodlight camera review,us,2,30,0.4,,google nest cam security camera with floodlight reviews,2025-12-25 12:06:55,"Sitelinks,AI Overview,Thumbnail,Knowledge panel,People also ask,Discussions,Top stories",40,150,150,2018-03-22,"Informational,Commercial,Branded,Non-local",English
2268,what does blue dot on ring camera mean,us,,30,,,,,,40,,,2024-12-20,,
2269,ring blink camera,us,0,30,0.8,,blink vs ring,2025-12-24 3:46:57,"AI Overview,Thumbnail,Top ads,People also ask,Sitelinks,Discussions,Top stories,Shopping,Video preview,Bottom ads,Paid sitelinks",40,9700,11000,2020-02-01,"Informational,Commercial,Branded,Non-local",English
2270,reset nest doorbell camera,us,,30,,,,,,30,,,2020-03-01,,
2271,how to cut off ring camera,us,0,30,,,how to turn off ring camera,2025-12-20 9:54:33,"AI Overview,Thumbnail,People also ask,Sitelinks,Video preview",30,1400,1400,2021-01-22,"Informational,Branded,Non-local",English
2272,can i use ring camera without wifi,us,,30,,,,,,30,,,2022-05-16,,
2273,ace hardware ring camera,us,,30,,,,,,30,,,2022-09-01,,
2274,driveway ring camera,us,,30,0.7,,,,,30,,,2021-04-23,,
2275,google nest cam vs ring,us,0,30,0.3,,ring vs nest camera,2025-12-22 6:45:36,"Sitelinks,People also ask,Top stories,Thumbnail",40,350,350,2020-01-30,"Informational,Commercial,Branded,Non-local",English
2276,ring camera delayed notification,us,,30,,,,,,40,,,2024-09-30,,
2277,ring camera no blue light,us,0,30,,,how to tell if a ring camera is on,2025-10-24 2:04:51,"Sitelinks,People also ask,Video preview",40,150,150,2020-07-19,"Informational,Branded,Non-local",English
2278,nest cam price,us,21,30,0.35,,nest camera,2025-11-23 13:34:56,"Thumbnail,People also ask,Shopping,Discussions,Sitelinks,Top stories",50,49000,57000,2015-11-18,"Informational,Commercial,Branded,Non-local",English
2279,google nest camera installation,us,6,30,0.9,,google camera,2025-11-27 21:26:02,"People also ask,AI Overview,Top stories,Thumbnail,Sitelinks",30,900,1000,2020-01-10,"Informational,Branded,Non-local",English
2280,alternatives to ring camera without subscription,us,,30,,,,,,30,,,2025-06-08,,
2281,ring camera flashing blue and red,us,,30,,,,,,40,,,2022-07-15,,
2282,ring camera for house,us,29,30,1,,ring camera,2025-11-27 20:37:33,"Sitelinks,Shopping,Thumbnail,People also ask,Top stories,Discussions",30,172000,176000,2016-02-29,"Informational,Commercial,Branded,Non-local",English
2283,floodlight camera ring,us,3,30,0.6,0.81,ring floodlight camera,2025-12-24 15:58:04,"Shopping,Thumbnail,People also ask,Discussions,Sitelinks",50,12000,12000,2017-04-18,"Informational,Commercial,Branded,Non-local",English
2284,always home ring camera,us,,30,,,,,,30,,,2023-01-08,,
2285,mounting ring camera on brick,us,0,30,,,how to mount ring doorbell on brick,2025-12-20 3:16:40,"AI Overview,Sitelinks,People also ask,Thumbnail,Video preview",40,500,500,2020-06-29,"Informational,Branded,Non-local",English
2286,how to change ring camera wifi,us,0,30,,,how to change wifi on ring doorbell,2025-12-21 9:57:02,"AI Overview,Thumbnail,People also ask,Sitelinks",50,4200,6200,2018-01-07,"Informational,Branded,Non-local",English
2287,where to install ring camera outdoor,us,,30,,,,,,40,,,2023-02-20,,
2288,ring light and camera,us,28,30,0.35,,ring floodlight camera,2025-12-22 8:12:32,"Thumbnail,Shopping,People also ask,Top stories,Video preview",100,12000,12000,2017-06-11,"Informational,Commercial,Non-branded,Non-local",English
2289,ring camera signal strength,us,,30,,,,,,40,,,2018-04-15,"Informational,Branded,Non-local",English
2290,ring camera won't turn on with charged battery,us,0,30,,,ring camera won't turn on with charged battery,2025-11-23 9:24:04,"AI Overview,Thumbnail,People also ask,Sitelinks,Video preview",40,20,20,2021-08-14,"Informational,Branded,Non-local",English
2291,ring camera off line,us,,30,,,,,,40,,,2018-07-24,,
2292,does ring camera notify when unplugged,us,,30,,,,,,30,,,2023-10-21,,
2293,change wifi for ring camera,us,0,30,,,how to connect ring to new wifi,2025-11-22 2:03:56,"AI Overview,Thumbnail,Sitelinks,People also ask,Video preview",40,4000,5900,2019-11-10,"Informational,Branded,Non-local",English
2294,ring camera photo,us,10,30,,,ring camera photo,2025-11-23 9:57:30,"Shopping,Thumbnail,Sitelinks,People also ask,Video preview",40,10,20,2020-09-14,"Informational,Commercial,Transactional,Branded,Non-local",English
2295,hard reset ring spotlight cam,us,,30,,,,,,30,,,2020-03-28,,
2296,owl nest cam,us,13,30,0.5,1.55,owl live cam,2025-11-22 14:51:02,"Video preview,Top stories,Thumbnail",30,350,400,2015-09-15,"Informational,Non-branded,Non-local",English
2297,google nest cam cable,us,0,30,0.4,,nest camera power cord,2025-11-18 12:33:58,"Thumbnail,Shopping,Discussions,Sitelinks",50,500,500,2021-08-25,"Informational,Commercial,Branded,Non-local",English
2298,ring outdoor camera reset button,us,,30,,,,,,50,,,2020-11-03,"Informational,Branded,Non-local",English
2299,why is my ring camera light flashing,us,0,30,,,ring floodlight flashing,2025-11-26 5:51:33,"AI Overview,Thumbnail,People also ask,Sitelinks,Video preview",40,100,100,2021-01-30,"Informational,Branded,Non-local",English
2300,how to view ring camera on tv,us,0,30,,,how to view ring camera on tv,2025-11-28 23:21:30,"AI Overview,Thumbnail,People also ask,Sitelinks,Video preview",40,100,100,2018-07-04,"Informational,Branded,Non-local",English
2301,ring camera gift card,us,,30,,,,,,30,,,2020-11-22,,
2302,difference between ring camera pro and plus,us,,30,,,,,,30,,,2022-11-16,,
2303,ring floodlight camera sale,us,4,30,0.6,,ring floodlight,2025-11-04 2:48:51,"Thumbnail,Shopping,People also ask,Sitelinks,Discussions",30,16000,16000,2018-11-18,"Informational,Commercial,Transactional,Branded,Non-local",English
2304,rebooting ring camera,us,,30,,,,,,30,,,2021-08-06,,
2305,big bear eagles nest camera,us,,30,0.2,,,,,30,,,2023-01-18,"Informational,Non-branded,Local",English
2306,nest outdoor camera with solar panel,us,0,30,0.6,,google nest solar panel,2025-12-14 4:49:20,"Shopping,Thumbnail,People also ask,Knowledge panel,Sitelinks",30,700,700,2020-05-18,"Informational,Commercial,Branded,Non-local",English
2307,can someone access my ring camera,us,0,30,,,can ring cameras be hacked,2025-12-04 4:33:03,"Sitelinks,People also ask,Top stories,Video preview",30,300,350,2019-12-30,"Informational,Branded,Non-local",English
2308,michelle bishop ring camera,us,,30,,,,,,30,,,2025-01-18,,
2309,nest camera flashing blue light,us,0,30,,,nest camera blinking blue light,2025-11-28 4:16:27,"AI Overview,Thumbnail,People also ask,Sitelinks",30,30,30,2017-11-15,"Informational,Branded,Non-local",English
2310,what is the best ring camera for outside,us,0,30,0.7,,best ring camera,2025-10-30 4:45:17,"AI Overview,Thumbnail,Sitelinks,People also ask,Discussions,Shopping,Top stories",40,600,700,2022-04-16,"Informational,Commercial,Branded,Non-local",English
2311,ring camera not working after charging battery,us,0,30,,,ring camera won't turn on with charged battery,2025-12-25 20:50:55,"AI Overview,Thumbnail,People also ask,Sitelinks",40,20,20,2021-09-09,"Informational,Branded,Non-local",English
2312,is ring the best doorbell camera,us,26,30,0.25,,is ring the best doorbell camera,2025-12-23 19:15:01,"AI Overview,Thumbnail,Sitelinks,People also ask,Top stories,Video preview",40,20,20,2022-01-06,"Informational,Commercial,Branded,Non-local",English
2313,how to install ring camera on stucco without drilling,us,0,30,0.3,,how to install ring doorbell on stucco without drilling,2025-11-25 9:44:42,"Sitelinks,People also ask,Thumbnail",30,30,30,2021-09-28,"Informational,Branded,Non-local",English
2314,can someone hack into your ring camera,us,0,30,,,can ring cameras be hacked,2025-11-27 9:03:28,"AI Overview,Thumbnail,Sitelinks,People also ask,Video preview,Top stories",30,350,400,2020-02-10,"Informational,Branded,Non-local",English
2315,how to put a ring camera on brick,us,,30,,,,,,30,,,2023-07-20,,
2316,ring camera compromised,us,,30,,,,,,30,,,2025-07-17,,
2317,google nest doorbell camera offline,us,0,30,,,nest doorbell offline,2025-11-28 6:26:03,"People also ask,Sitelinks",40,1200,1300,2020-12-03,"Informational,Branded,Non-local",English
2318,ring camera down today,us,,30,,,,,,40,,,2025-10-20,,
2319,how to reset nest indoor camera,us,0,30,,,how to reset nest doorbell,2025-10-24 15:17:44,"Featured snippet,People also ask,Video preview,Sitelinks",30,6200,6200,2017-09-24,"Informational,Branded,Non-local",English
2320,will a ring camera work without internet,us,,30,,,,,,30,,,2024-11-02,,
2321,ring stick up cam with solar panel,us,0,30,0.6,,ring solar panel,2025-11-24 23:19:06,"Sitelinks,People also ask,Discussions,Video preview",30,1200,1200,2017-03-13,"Informational,Commercial,Transactional,Branded,Non-local",English
2322,do ring camera batteries go bad,us,,30,,,,,,40,,,2023-01-26,,
2323,how much does it cost to have a ring camera,us,,30,,,,,,30,,,2022-09-01,,
2324,best ring doorbell camera without subscription,us,,30,,,,,,50,,,2024-10-26,,
2325,how to tell if ring camera is recording,us,0,30,,,how to know if a camera is watching you,2025-12-21 18:48:04,"AI Overview,Thumbnail,Sitelinks,People also ask",30,50,50,2021-03-23,"Informational,Branded,Non-local",English
2326,ring camera brick mount,us,,30,,,,,,40,,,2023-08-18,,
2327,turn blue light off on ring camera,us,0,30,,,turn off blue light on ring camera,2025-11-10 10:54:57,"AI Overview,Thumbnail,Sitelinks,People also ask",60,450,450,2022-07-24,"Informational,Branded,Non-local",English
2328,ring camera philly plane crash,us,,30,,,,,,30,,,2025-01-31,,
2329,ring camera notification,us,,30,,,,,,40,,,2021-09-22,,
2330,ring wired stick up cam,us,12,30,0.45,,ring stick up cam wired,2025-12-04 1:48:32,"People also ask,Discussions,Knowledge panel,Video preview",30,150,150,2019-01-30,"Informational,Commercial,Branded,Non-local",English
2331,wireless ring door camera,us,0,30,0.9,,ring video doorbell,2025-11-29 5:43:18,"Thumbnail,Sitelinks,Shopping,People also ask,Video preview,Top stories",30,13000,17000,2021-12-29,"Informational,Commercial,Transactional,Branded,Non-local",English
2332,what does it mean when your ring camera is red,us,,30,,,,,,30,,,2021-01-28,,
2333,how to reset ring doorbell camera,us,0,30,,,how to reset ring doorbell,2025-12-13 17:56:44,"AI Overview,Thumbnail,People also ask,Sitelinks",30,8000,8200,2018-10-27,"Informational,Branded,Non-local",English
2334,ring doorbell camera removal,us,,30,,,,,,40,,,2022-09-09,,
2335,google nest cam outdoor product info and reviews,us,,30,,,,,,30,,,2025-09-07,,
2336,blue dot ring camera,us,,30,,,,,,30,,,2024-12-20,,
2337,how does ring camera work without subscription,us,,30,,,,,,30,,,2023-08-14,,
2338,why does the blue light come on ring camera,us,0,30,,,ring camera blue light,2025-11-05 11:00:29,"AI Overview,Thumbnail,People also ask,Sitelinks,Video preview",30,350,350,2021-07-19,"Informational,Branded,Non-local",English
2339,ring floodlight camera comparison,us,0,30,0.6,,ring floodlight pro vs plus,2025-12-19 8:22:32,"AI Overview,Thumbnail,Sitelinks,People also ask,Discussions,Top stories,Video preview",30,500,600,2021-06-07,"Informational,Commercial,Branded,Non-local",English
2340,bird nest box camera wireless,us,1,30,,,,,,90,,,2020-01-25,"Informational,Commercial,Transactional,Non-branded,Non-local",English
2341,installing ring floodlight camera,us,,30,,,,,,30,,,2018-10-05,,
2342,ring spotlight cam pro deal,us,,30,,,,,,30,,,2025-08-13,,
2343,does ring camera record continuously,us,0,30,,,do ring cameras record 24/7,2025-12-24 23:47:29,"AI Overview,Thumbnail,Sitelinks,People also ask",30,2700,3500,2019-08-18,"Informational,Branded,Non-local",English
2344,what does red mean on ring camera,us,0,30,,,ring camera red light,2025-12-19 13:03:07,"AI Overview,Thumbnail,Sitelinks,People also ask,Video preview",30,600,600,2022-02-01,"Informational,Branded,Non-local",English
2345,can a ring camera record without wifi,us,,30,,,,,,40,,,2023-09-02,,
2346,ring spotlight cam reset,us,,30,,,,,,40,,,2017-11-08,"Informational,Branded,Non-local",English
2347,why is the blue light on my ring camera,us,,30,,,,,,40,,,2023-10-08,,
2348,pink ring camera,us,0,30,0.7,,why is my ring camera pink,2025-12-08 9:13:51,"Sitelinks,People also ask,Thumbnail",30,60,60,2021-11-10,"Informational,Branded,Non-local",English
2349,ring with camera inside,us,,30,,,,,,60,,,2022-07-20,,
2350,ring camera parts diagram,us,0,30,0.4,,ring doorbell parts,2025-11-26 6:10:09,"Thumbnail,People also ask,Sitelinks,Video preview",40,200,250,2022-03-21,"Informational,Commercial,Branded,Non-local",English
2351,how to adjust ring camera sensitivity,us,,30,0.45,,,,,30,,,2020-05-24,"Informational,Branded,Non-local",English
2352,how to flip ring camera view,us,0,30,,,ring camera upside down,2025-12-03 18:09:03,"AI Overview,Thumbnail,People also ask,Sitelinks",30,40,40,2020-05-03,"Informational,Branded,Non-local",English
2353,ring camera back,us,,30,,,,,,30,,,2021-12-27,,
2354,ring camera how does it work,us,10,30,0.8,,how does ring doorbell work,2025-11-26 16:55:57,"AI Overview,Thumbnail,People also ask,Discussions,Video preview",30,2100,2200,2020-01-10,"Informational,Branded,Non-local",English
2355,outdoor ring camera solar,us,,30,0.6,,,,,30,,,2020-11-27,"Informational,Commercial,Branded,Non-local",English
2356,ring camera doordash girl,us,,30,,,,,,30,,,2025-10-20,,
2357,how to know ring camera battery is charged,us,,30,,,,,,40,,,2024-07-24,,
2358,ring cam for apartment,us,0,30,,,ring doorbell for apartments,2025-12-16 6:19:48,"Sitelinks,People also ask,Discussions,Shopping,Thumbnail,Top stories",30,1800,1800,2021-01-14,"Informational,Commercial,Transactional,Branded,Non-local",English
2359,how to set up ring floodlight camera,us,0,30,0.25,,ring floodlight camera installation,2025-11-25 11:22:33,"People also ask,AI Overview,Video preview,Thumbnail,Sitelinks",30,600,600,2020-01-27,"Informational,Branded,Non-local",English
2360,alien ring camera california,us,,30,,,,,,30,,,2025-07-28,,
2361,how to mount a ring camera,us,0,30,0.1,,ring stick up cam mount,2025-12-23 4:51:51,"Video preview,People also ask,AI Overview,Thumbnail,Discussions,Sitelinks",30,10,30,2020-01-18,"Informational,Branded,Non-local",English
2362,ring camera or blink,us,0,30,,,blink vs ring,2025-12-22 12:18:54,"AI Overview,Thumbnail,Sitelinks,People also ask,Top stories",30,9700,11000,2020-09-03,"Informational,Commercial,Branded,Non-local",English
2363,ring doorbell camera differences,us,10,30,0.4,,ring doorbell comparison,2025-12-21 11:57:54,"AI Overview,People also ask,Sitelinks,Video preview",30,3000,3300,2019-11-13,"Informational,Commercial,Branded,Non-local",English
2364,ring camera vs blink camera,us,0,30,0.03,,blink vs ring,2025-12-27 2:17:26,"AI Overview,Thumbnail,People also ask,Sitelinks,Top stories",30,9900,11000,2020-10-14,"Informational,Commercial,Branded,Non-local",English
2365,ring camera worth,us,0,30,,,are ring cameras worth it,2025-11-26 22:48:30,"People also ask,Sitelinks,Shopping,Thumbnail,Top stories",30,30,30,2022-04-23,"Informational,Commercial,Branded,Non-local",English
2366,ring camera data usage,us,0,30,,,how much data does a ring camera use per month,2025-12-20 16:22:17,"AI Overview,Thumbnail,Sitelinks,People also ask",40,60,60,2016-09-13,"Informational,Branded,Non-local",English
2367,iphone 7 camera lens ring,us,,30,,,,,,30,,,2025-04-07,,
2368,google nest cam floodlight,us,5,30,0.6,,nest floodlight camera,2025-12-19 19:12:03,"Sitelinks,Top stories,Thumbnail,Knowledge panel,Discussions,People also ask",90,2700,2900,2021-04-23,"Informational,Commercial,Branded,Non-local",English
2369,solar panel google nest cam,us,0,30,0.6,,nest camera solar panel,2025-11-21 8:54:33,"Thumbnail,Sitelinks,People also ask,Shopping",40,600,600,2022-04-03,"Informational,Commercial,Branded,Non-local",English
2370,outdoor use google nest camera,us,16,30,0.45,,nest camera outdoor,2025-12-10 18:50:33,"Thumbnail,Sitelinks,Shopping,People also ask,Discussions,Top stories",30,4700,4700,2021-10-21,"Informational,Commercial,Branded,Non-local",English
2371,ring camera porn,us,0,30,,,ring camera sex,2025-11-16 10:15:20,,40,40,40,2019-06-10,"Non-branded,Non-local",English
2372,nest camera serial number lookup,us,,30,,,,,,30,,,2023-10-09,,
2373,ring camera camouflage,us,0,30,0.3,,hidden ring camera,2025-12-03 21:19:08,"Thumbnail,Shopping,Sitelinks,People also ask,Discussions",50,250,250,2020-01-14,"Informational,Commercial,Transactional,Branded,Non-local",English
2374,why is my ring camera not picking up all motion,us,0,30,,,ring camera not detecting motion,2025-12-27 12:33:13,"AI Overview,Thumbnail,Sitelinks,People also ask,Video preview",30,700,900,2021-02-26,"Informational,Branded,Non-local",English
2375,how long to charge ring stick up cam battery,us,0,30,,,how long does a ring camera take to charge,2025-12-14 23:35:02,"AI Overview,Thumbnail,People also ask,Sitelinks",50,1700,2000,2020-04-12,"Informational,Branded,Non-local",English
2376,ring outdoor security camera review,us,,30,0.4,,,,,60,,,2020-01-16,"Informational,Commercial,Branded,Non-local",English
2377,what does the blue dot mean on ring camera,us,,30,,,,,,40,,,2024-12-21,,
2378,where to install ring camera,us,0,30,0.35,,where to put ring doorbell,2025-11-25 5:52:24,"AI Overview,Thumbnail,People also ask,Sitelinks,Top stories,Video preview,Local teaser pack,Bottom ads,Paid sitelinks",30,800,1300,2018-11-22,"Informational,Branded,Non-local",English
2379,remove nest camera from account,us,0,30,,,how to disconnect nest thermostat from account,2025-11-28 21:32:35,"AI Overview,People also ask,Sitelinks,Video preview",40,400,450,2018-12-28,"Informational,Branded,Non-local",English
2380,outdoor google nest cam,us,8,30,0.5,,nest camera outdoor,2025-11-30 4:25:44,"Sitelinks,People also ask,Knowledge panel,Discussions",30,4300,4300,2019-09-23,"Informational,Commercial,Branded,Non-local",English
2381,how to reconnect my ring camera to wifi,us,,30,,,,,,40,,,2020-06-17,,
2382,how to mount a ring camera on brick,us,,30,,,,,,30,,,2022-08-12,,
2383,how to install wired ring floodlight camera,us,,30,,,,,,30,,,2022-07-12,,
2384,how far does a ring camera detect motion,us,0,30,,,how far can a ring camera see,2025-11-19 2:26:23,"AI Overview,Thumbnail,Sitelinks,People also ask,Video preview",30,200,200,2022-03-22,"Informational,Branded,Non-local",English
2385,ring doorbell camera phone number,us,43,30,,,ring customer service,2025-11-27 2:26:54,"AI Overview,Thumbnail,Sitelinks",30,20000,22000,2020-08-11,"Informational,Branded,Non-local",English
2386,google nest poe camera,us,,30,0.6,,,,,40,,,2020-05-17,,
2387,how to reset outdoor ring camera,us,,30,,,,,,40,,,2023-09-14,,
2388,always home camera ring,us,,30,,,,,,50,,,2020-09-24,,
2389,why does ring camera turn blue,us,0,30,,,blue light on ring camera,2025-12-18 3:00:18,"AI Overview,Thumbnail,People also ask,Sitelinks",40,350,350,2022-03-08,"Informational,Branded,Non-local",English
2390,caught on ring camera,us,0,30,0.15,,alien video,2025-11-28 3:22:54,,30,900,1100,2020-01-12,"Informational,Branded,Non-local",English
2391,how to reset ring indoor camera,us,0,30,,,how to reset ring doorbell,2025-12-26 5:01:52,"AI Overview,Thumbnail,People also ask,Sitelinks",40,7900,8100,2020-03-07,"Informational,Branded,Non-local",English
2392,ring doorbell camera holder,us,,30,,,,,,30,,,2020-11-06,,
2393,why isn't my ring camera charging,us,0,30,,,ring doorbell not charging,2025-12-23 11:21:22,"Featured snippet,People also ask,Sitelinks",30,400,600,2022-10-15,"Informational,Branded,Non-local",English
2394,can the ring camera get wet,us,0,30,,,are ring cameras waterproof,2025-11-28 4:57:34,"AI Overview,Thumbnail,People also ask,Sitelinks",30,1200,1400,2022-03-01,"Informational,Branded,Non-local",English
2395,what does it mean when the ring camera turns red,us,0,30,,,what does the red light mean on a ring camera,2025-12-27 14:22:33,"AI Overview,Thumbnail,Sitelinks,People also ask",40,600,600,2021-04-23,"Informational,Branded,Non-local",English
2396,blue light ring camera meaning,us,,30,,,,,,40,,,2024-08-21,,
2397,ring camera parts,us,0,30,0.3,,ring doorbell parts,2025-11-18 5:22:17,"Thumbnail,Sitelinks,People also ask,Discussions,Video preview,Shopping",40,200,250,2018-06-21,"Informational,Commercial,Transactional,Branded,Non-local",English
2398,bird nest camera outdoor,us,,30,,,,,,70,,,2018-07-21,,
2399,how to reconnect ring camera to internet,us,,30,,,,,,30,,,2023-03-06,,
2400,can you use a ring camera without subscription,us,1,30,,,ring doorbell without subscription,2025-12-15 4:54:51,"AI Overview,Thumbnail,People also ask,Sitelinks,Top stories",30,1500,2200,2020-11-22,"Informational,Branded,Non-local",English
2401,can you turn your ring camera off,us,0,30,,,turn off ring camera,2025-11-28 17:59:37,"AI Overview,Thumbnail,Sitelinks,People also ask",30,1100,1200,2020-02-03,"Informational,Branded,Non-local",English
2402,ring camera sign in,us,22,30,0.1,,ring login,2025-11-26 6:02:50,"People also ask,Video preview",50,57000,64000,2019-01-13,"Informational,Navigational,Branded,Non-local",English
2403,how to turn ring doorbell camera off,us,0,30,,,how to turn off ring camera,2025-11-25 15:23:10,"AI Overview,Thumbnail,Sitelinks,People also ask",40,1300,1300,2021-01-13,"Informational,Branded,Non-local",English
2404,ring camera disconnected,us,,30,,,,,,30,,,2019-01-18,,
2405,is nest aware per camera,us,,30,,1.11,,,,30,,,2017-04-23,"Informational,Branded,Non-local",English
2406,google nest camera not charging,us,0,30,,,google nest camera not charging,2025-12-25 13:59:35,"AI Overview,Thumbnail,Sitelinks,People also ask",30,40,40,2022-01-15,"Informational,Branded,Non-local",English
2407,how turn off ring camera,us,,30,,,,,,30,,,2022-05-21,,
2408,fake rock for ring camera,us,,30,,,,,,30,,,2024-07-04,,
2409,nest camera monthly fee,us,8,30,1.1,,nest aware,2025-12-04 5:09:03,"AI Overview,Thumbnail,People also ask,Sitelinks",30,17000,18000,2017-08-17,"Informational,Branded,Non-local",English
2410,ring always home drone camera,us,2,30,,,ring always home cam,2025-11-18 11:06:03,"Thumbnail,Sitelinks,People also ask,Discussions",40,1200,1300,2020-09-25,"Informational,Commercial,Branded,Non-local",English
2411,ring outdoor camera with light,us,5,30,0.5,,ring floodlight,2025-11-29 17:37:40,"Thumbnail,Shopping,People also ask,Discussions,Sitelinks,Video preview",50,15000,16000,2017-05-20,"Informational,Commercial,Branded,Non-local",English
2412,nest cam outdoor wired 1st generation,us,,30,,,,,,40,,,2023-12-05,,
2413,nest camera outdoor solar,us,0,30,0.5,,google nest solar panel,2025-12-25 9:21:30,"Top ads,Shopping,Thumbnail,People also ask,Sitelinks,Discussions,Bottom ads,Paid sitelinks",30,800,800,2020-07-01,"Informational,Commercial,Branded,Non-local",English
2414,nest cam charging cable,us,0,30,0.45,,google nest camera charger,2025-12-08 18:57:01,"Discussions,Knowledge panel,Sitelinks,People also ask,Video preview",40,100,100,2021-10-01,"Informational,Commercial,Transactional,Branded,Non-local",English
2415,buy ring camera,us,21,30,0.7,,ring security camera,2025-12-22 5:05:37,"Shopping,Thumbnail,Sitelinks,People also ask,Top stories,Video preview",100,17000,17000,2016-11-18,"Commercial,Transactional,Branded,Non-local",English
2416,always home cam ring,us,2,30,0.2,,ring,2025-12-15 15:04:07,"People also ask,Video preview,Discussions",60,469000,583000,2020-09-24,"Informational,Commercial,Branded,Non-local",English
2417,ring floodlight camera qr code location,us,0,30,,,ring floodlight qr code location,2025-11-30 12:30:33,"AI Overview,Thumbnail,Sitelinks,People also ask,Video preview",40,100,100,2021-11-16,"Informational,Branded,Non-local",English
2418,big bear nest cam 2,us,,30,,,,,,30,,,2023-03-03,,
2419,door ring bell with camera,us,19,30,0.9,,ring doorbell camera,2025-11-23 12:31:04,"Shopping,Thumbnail,People also ask,Sitelinks",50,36000,39000,2018-07-14,"Informational,Commercial,Non-branded,Non-local",English
2420,ring camera angle mount,us,0,30,0.4,,ring doorbell angle mount,2025-12-23 11:16:51,"Shopping,Thumbnail,Sitelinks,People also ask,Discussions",40,100,100,2018-06-16,"Commercial,Transactional,Branded,Non-local",English
2421,what is the range of a ring camera,us,1,30,0.5,,ring camera range,2025-12-22 16:36:58,"AI Overview,Thumbnail,Sitelinks,People also ask,Video preview",40,200,200,2020-01-13,"Informational,Branded,Non-local",English
2422,restart nest camera,us,0,30,,,how to reset nest doorbell,2025-12-25 8:14:04,"People also ask,AI Overview,Sitelinks",40,5400,5400,2019-10-10,"Informational,Branded,Non-local",English
2423,ring floodlight camera light replacement,us,,30,0.35,,,,,30,,,2020-10-15,,
2424,ring wireless outdoor camera with solar panel,us,0,30,0.9,,ring solar camera,2025-12-03 18:21:49,"Thumbnail,Sitelinks,Shopping,People also ask,Video preview,Discussions",30,2200,2200,2020-04-14,"Informational,Commercial,Transactional,Branded,Non-local",English
2425,ring camera not alerting motion,us,0,30,,,ring camera not alerting motion,2025-12-23 21:00:07,"AI Overview,Thumbnail,Sitelinks,People also ask",30,20,20,2020-08-23,"Informational,Branded,Non-local",English
2426,ring cam alien,us,,30,,,,,,30,,,2021-10-01,"Informational,Branded,Non-local",English
2427,how to turn off ring camera with app,us,,30,,,,,,40,,,2022-10-04,,
2428,black ring floodlight camera,us,,30,,,,,,30,,,2020-01-29,,
2429,bear on ring camera,us,0,30,,,bear and raccoon,2025-11-15 20:05:04,"Video preview,Thumbnail,Discussions",40,20,20,2019-10-24,"Informational,Branded,Non-local",English
2430,eagle nest live cam big bear,us,,30,,,,,,30,,,2020-02-20,"Informational,Non-branded,Local",English
2431,installing a ring floodlight camera,us,,30,,,,,,30,,,2018-04-29,,
2432,the jharedd ring camera footage,us,,30,,,,,,30,,,2024-12-27,,
2433,ring camera basic plan,us,,30,,,,,,30,,,2022-08-22,,
2434,how to reboot nest cam,us,0,30,,,how to reset nest doorbell,2025-11-29 6:13:50,"AI Overview,Thumbnail,People also ask,Video preview,Sitelinks",30,5400,5400,2021-11-20,"Informational,Branded,Non-local",English
2435,ring spotlight cam vs nest cam outdoor,us,0,30,,,ring vs nest,2025-11-25 2:09:45,"Thumbnail,Sitelinks,Discussions,People also ask",60,2800,2900,2020-01-11,"Informational,Commercial,Branded,Non-local",English
2436,ring spotlight cam vs stick up cam,us,0,30,0.4,,ring stick up cam vs spotlight cam,2025-11-29 9:04:32,"Sitelinks,Video preview,Thumbnail,People also ask,Discussions",30,60,60,2018-11-23,"Informational,Commercial,Branded,Non-local",English
2437,hidden ring camera outdoor,us,,30,,,,,,30,,,2024-09-15,,
2438,google nest camera outdoor solar,us,,30,,,,,,30,,,2022-08-21,,
2439,ring spotlight cam field of view,us,0,30,0,,ring spotlight cam field of view,2025-12-01 1:16:39,"AI Overview,Thumbnail,People also ask,Sitelinks,Discussions,Video preview",40,20,20,2019-05-15,"Informational,Branded,Non-local",English
2440,how to reprogram ring camera,us,0,30,,,how to reset ring doorbell,2025-12-26 17:48:17,"AI Overview,Thumbnail,People also ask,Sitelinks",30,7900,8100,2020-07-29,"Informational,Branded,Non-local",English
2441,reset button on google nest camera,us,0,30,,,how to reset nest doorbell,2025-12-06 9:20:02,"AI Overview,Thumbnail,People also ask,Sitelinks",30,5200,5200,2023-01-16,"Informational,Branded,Non-local",English
2442,ring camera always recording,us,0,30,,,do ring cameras record 24/7,2025-11-25 22:46:57,"AI Overview,Thumbnail,Sitelinks,People also ask,Discussions",40,2800,3500,2019-06-20,"Informational,Branded,Non-local",English
2443,ring camera installers,us,0,30,,,ring installation,2025-11-26 21:25:48,"Local pack,People also ask,Sitelinks",70,2100,2300,2017-11-28,"Informational,Commercial,Transactional,Branded,Non-local",English
2444,how to open ring camera to change battery,us,0,30,,,ring camera battery replacement,2025-11-26 8:01:02,"AI Overview,Thumbnail,People also ask,Video preview,Sitelinks,Discussions",40,200,200,2022-01-25,"Informational,Branded,Non-local",English
2445,ring security camera login,us,,30,,,,,,30,,,2020-03-29,,
2446,ring outdoor camera battery charge,us,,30,,,,,,40,,,2023-01-31,,
2447,ring outdoor camera installation,us,0,30,1.2,,how to mount ring camera,2025-12-13 22:21:42,"Featured snippet,People also ask,Discussions,Thumbnail,Video preview,Sitelinks",150,150,150,2017-10-09,"Informational,Branded,Non-local",English
2448,add blink camera to ring app,us,0,30,0.06,,does blink work with ring,2025-12-22 6:06:38,"AI Overview,Thumbnail,Sitelinks,People also ask",30,400,450,2020-11-27,"Informational,Branded,Non-local",English
2449,my ring camera is flashing blue,us,,30,,,,,,40,,,2022-09-15,,
2450,ring camera and solar panel,us,0,30,0.4,,ring solar camera,2025-12-19 1:04:08,"Thumbnail,Sitelinks,Shopping,People also ask,Top stories,Discussions",30,2300,2400,2017-04-23,"Informational,Commercial,Transactional,Branded,Non-local",English
2451,homekit ring camera,us,0,30,,,ring homekit,2025-11-29 22:21:24,"Sitelinks,People also ask,Shopping,Thumbnail",40,900,1100,2020-03-15,"Informational,Branded,Non-local",English
2452,how to share ring camera with family,us,0,30,,,shared user,2025-12-23 20:44:25,"AI Overview,Thumbnail,People also ask,Video preview,Discussions",30,300,350,2023-01-19,"Informational,Branded,Non-local",English
2453,turn blue light off ring camera,us,0,30,,,turn off blue light on ring camera,2025-11-29 1:46:02,"AI Overview,Thumbnail,Sitelinks,People also ask",40,450,450,2021-05-08,"Informational,Branded,Non-local",English
2454,ring camera keeps saying offline,us,,30,,,,,,30,,,2022-03-09,,
2455,ring doorbell outdoor camera,us,8,30,0.6,,ring outdoor camera,2025-11-30 18:58:43,"Sitelinks,People also ask,Shopping,Thumbnail,Video preview,Top stories,Discussions",100,15000,16000,2016-06-02,"Informational,Commercial,Branded,Non-local",English
2456,ring indoor cam price uk,us,,30,,,,,,30,,,2025-04-28,,
2457,ring camera mac address,us,,30,,,,,,40,,,2018-12-12,"Informational,Branded,Non-local",English
2458,how to add a ring camera to an existing account,us,,30,,,,,,30,,,2022-08-30,,
2459,orb on ring camera,us,0,30,,,orbs on ring camera,2025-12-01 5:12:30,"AI Overview,Thumbnail,Sitelinks,People also ask,Video preview,Top stories",40,70,70,2019-08-12,"Informational,Branded,Non-local",English
2460,why is ring camera flashing blue,us,0,30,,,ring camera flashing blue,2025-11-22 13:26:10,"AI Overview,Thumbnail,People also ask,Sitelinks",40,600,600,2021-11-19,"Informational,Branded,Non-local",English
2461,ring camera stick up,us,6,30,0,,ring stick up cam,2025-12-01 6:36:21,"Thumbnail,Knowledge panel,People also ask,Sitelinks,Discussions,Video preview",90,3100,3200,2017-07-18,"Informational,Commercial,Branded,Non-local",English
2462,nest camera secure loop installation,us,,30,,,,,,40,,,2023-10-02,,
2463,google nest cam indoor/outdoor,us,,30,,,,,,50,,,2023-08-22,,
2464,ring cam login,us,63,30,,,ring login,2025-11-25 12:24:51,"Sitelinks,People also ask,Video preview",40,57000,64000,2017-08-21,"Informational,Navigational,Branded,Non-local",English
2465,night vision ring camera,us,9,30,0.35,,ring camera night vision,2025-11-26 18:14:18,"People also ask,Sitelinks,Shopping,Thumbnail,Top stories,Video preview",30,400,400,2019-04-18,"Informational,Branded,Non-local",English
2466,how much to install ring floodlight camera,us,1,30,0.7,,how much to install ring floodlight camera,2025-11-27 17:41:02,"AI Overview,Thumbnail,Sitelinks,People also ask",30,30,30,2021-07-31,"Informational,Branded,Non-local",English
2467,how does ring doorbell camera work,us,7,30,0.4,,how does ring doorbell work,2025-10-26 0:49:51,"AI Overview,Thumbnail,Top ads,Paid sitelinks,People also ask,Sitelinks,Top stories,Video preview,Bottom ads",30,2300,2600,2018-05-31,"Informational,Branded,Non-local",English
2468,us cellular nest cam,us,,30,,,,,,40,,,2025-08-31,,
2469,how long does ring camera footage stay,us,,30,,,,,,40,,,2023-08-06,,
2470,how to reset ring camera for new owner,us,0,30,,,how to reset a ring camera for new owner,2025-11-18 20:36:03,"Sitelinks,People also ask,Discussions,Video preview",30,30,30,2020-08-20,"Informational,Branded,Non-local",English
2471,cleaning ring camera lens,us,0,30,,,clean ring camera lens,2025-12-08 6:37:42,"AI Overview,Thumbnail,Sitelinks,People also ask,Video preview",30,40,40,2021-08-11,"Informational,Branded,Non-local",English
2472,nest camera stand,us,0,30,0.4,,google nest camera stand,2025-12-01 4:47:04,"Thumbnail,Shopping,People also ask,Sitelinks",40,60,60,2017-05-03,"Informational,Commercial,Transactional,Branded,Non-local",English
2473,which ring camera is best,us,2,30,0.45,,ring camera comparison,2025-12-16 3:10:47,"AI Overview,Thumbnail,Sitelinks,People also ask,Top stories,Shopping,Discussions",40,50,50,2019-04-09,"Informational,Commercial,Branded,Non-local",English
2474,ring floodlight cam mounting options,us,0,30,0.8,0.9,ring floodlight camera installation,2025-12-25 6:11:27,"AI Overview,Thumbnail,People also ask,Sitelinks,Discussions,Shopping",30,600,600,2017-07-08,"Informational,Branded,Non-local",English
2475,ring camera installer near me,us,2,30,1.8,,ring installation,2025-11-17 22:18:40,"People also ask,Local pack,Sitelinks",30,1900,2100,2020-01-16,"Informational,Commercial,Transactional,Non-branded,Local",English
2476,home assistant nest camera events,us,,30,,,,,,30,,,2024-11-15,,
2477,ring camera lifespan,us,,30,,,,,,30,,,2022-09-01,,
2478,google nest cam with floodlight reviews,us,2,30,0.5,,nest floodlight camera,2025-11-27 9:55:50,"AI Overview,Thumbnail,Sitelinks,Discussions,Knowledge panel,People also ask,Top stories",40,150,200,2021-11-05,"Informational,Commercial,Branded,Non-local",English
2479,ring camera battery how long to charge,us,,30,,,,,,30,,,2020-05-29,,
2480,ring stand up camera,us,8,30,0.5,,ring stick up cam,2025-11-27 14:39:53,"Shopping,Thumbnail,People also ask,Discussions,Sitelinks,Top stories,Video preview",40,3200,3200,2020-01-22,"Informational,Commercial,Branded,Non-local",English
2481,how to turn ring camera offline,us,0,30,,,turn off ring camera,2025-11-28 17:08:29,"AI Overview,Thumbnail,Sitelinks,People also ask",30,1100,1200,2022-03-20,"Informational,Branded,Non-local",English
2482,how to install ring outdoor camera,us,0,30,0.25,,ring doorbell installation instructions,2025-11-22 23:29:04,"People also ask,Top stories,Thumbnail,Discussions,Video preview",100,300,350,2018-11-21,"Informational,Branded,Non-local",English
2483,alligator on ring camera,us,,30,,,,,,30,,,2021-07-07,,
2484,ring camera deleted videos,us,,30,,,,,,40,,,2022-03-25,,
2485,what is the lifespan of a ring camera,us,,30,,,,,,30,,,2025-03-18,,
2486,ring spotlight cam qr code location,us,,30,,,,,,40,,,2023-06-07,,
2487,backyard ring camera,us,0,30,0.4,,ring wireless camera,2025-11-22 14:48:56,"Sitelinks,Shopping,Thumbnail,People also ask,Discussions,Video preview",30,11000,11000,2020-02-24,"Informational,Commercial,Transactional,Branded,Non-local",English
2488,ring indoor camera blue light,us,0,30,,,ring camera blue light,2025-12-13 8:10:04,"AI Overview,Thumbnail,People also ask,Sitelinks",50,800,800,2020-01-18,"Informational,Branded,Non-local",English
2489,ring camera color meaning,us,0,30,,,ring camera light meaning,2025-11-27 17:52:32,"AI Overview,Thumbnail,People also ask,Sitelinks,Video preview",30,800,900,2022-01-29,"Informational,Branded,Non-local",English
2490,how to set up ring camera doorbell,us,0,30,0.07,,how to install ring doorbell,2025-11-23 19:51:49,"People also ask,Discussions,Top stories,Thumbnail,Video preview",30,4600,6800,2020-01-20,"Informational,Branded,Non-local",English
2491,ring camera need wifi,us,0,30,,,do ring cameras need wifi,2025-12-24 21:56:33,"AI Overview,Thumbnail,People also ask,Sitelinks,Top stories",40,800,1000,2020-07-28,"Informational,Branded,Non-local",English
2492,turn off ring camera temporarily,us,0,30,,,how to turn off ring camera,2025-11-08 23:12:33,"AI Overview,Thumbnail,Sitelinks,People also ask,Video preview",40,1700,1700,2022-11-17,"Informational,Branded,Non-local",English
2493,best ring camera for apartment,us,15,30,0.5,,best ring camera for apartments,2025-12-04 20:03:40,"AI Overview,Thumbnail,Sitelinks,People also ask,Discussions,Top stories,Video preview,Shopping",30,100,100,2021-09-15,"Informational,Commercial,Branded,Non-local",English
2494,nest camera parts,us,0,30,0.4,,nest camera parts,2025-11-22 22:02:29,"Sitelinks,People also ask,Thumbnail,Discussions,Shopping",30,20,20,2018-01-13,"Informational,Commercial,Branded,Non-local",English
2495,indoor ring camera wireless,us,22,30,0.6,,ring camera indoor,2025-12-03 13:49:54,"Thumbnail,Sitelinks,Shopping,People also ask,Top stories,Video preview,Discussions",40,3200,3300,2020-12-02,"Informational,Commercial,Branded,Non-local",English
2496,how far does the ring camera reach,us,0,30,0.35,,ring camera range,2025-11-25 4:18:50,"AI Overview,Thumbnail,Sitelinks,People also ask,Video preview",30,200,200,2020-06-28,"Informational,Branded,Non-local",English
2497,nest iq indoor camera,us,1,30,0.5,0.89,nest camera,2025-12-08 8:03:41,"Shopping,Thumbnail,People also ask,Discussions,Sitelinks,Top stories",30,40000,47000,2017-10-10,"Informational,Commercial,Branded,Non-local",English
2498,ring camera rotate 90 degrees,us,0,30,0.35,,ring camera rotate 90 degrees,2025-12-13 19:35:25,"AI Overview,Thumbnail,Sitelinks,People also ask",40,40,40,2021-02-22,"Informational,Branded,Non-local",English
2499,can you reset ring camera,us,0,30,,,how to reset ring doorbell,2025-11-28 1:51:18,"AI Overview,Thumbnail,People also ask,Sitelinks,Video preview",40,7100,7300,2020-10-20,"Informational,Branded,Non-local",English
2500,solar panel for google nest camera,us,,30,0.5,,,,,40,,,2022-01-23,,